{"version":"0.4","title":"Demo 04 &#8211; Homepage with side search","type":"page","content":[{"id":"32914f72","settings":{"gap":"no","background_background":"slideshow","background_slideshow_gallery":[{"id":17277,"url":"https:\/\/demo04.houzez.co\/wp-content\/uploads\/2020\/03\/206-1.jpg"},{"id":17278,"url":"https:\/\/demo04.houzez.co\/wp-content\/uploads\/2020\/03\/205-1.jpg"},{"id":17279,"url":"https:\/\/demo04.houzez.co\/wp-content\/uploads\/2020\/03\/204-1.jpg"}],"background_overlay_background":"classic","background_overlay_color":"#004274","background_slideshow_ken_burns":"yes","background_overlay_opacity":{"unit":"px","size":0.65,"sizes":[]}},"elements":[{"id":"32f9c503","settings":{"_column_size":100,"_inline_size":null},"elements":[{"id":"3c7e2400","settings":[],"elements":[],"isInner":false,"widgetType":"houzez_elementor_space","elType":"widget"},{"id":"41ceae4a","settings":{"gap":"no","structure":"30","content_position":"middle"},"elements":[{"id":"1e53eec4","settings":{"_column_size":33,"_inline_size":49.298},"elements":[{"id":"14a88c7a","settings":{"hz_section_title":"Welcome to houzez version 2.0 elementor search builder","hz_section_subtitle":"No matter how complex (or how simple) your search bar needs to be, there is a user-friendly drag and drop interface that will help you ensure that you achieve the exact look you need","section_title_typography_typography":"custom","section_title_typography_font_size":{"unit":"px","size":35,"sizes":[]},"section_title_typography_font_size_mobile":{"unit":"px","size":25,"sizes":[]},"section_title_typography_font_weight":"400","section_title_typography_line_height":{"unit":"em","size":1.4,"sizes":[]},"section_subtitle_typography_typography":"custom","section_subtitle_typography_font_size":{"unit":"px","size":20,"sizes":[]},"section_subtitle_typography_font_size_mobile":{"unit":"px","size":16,"sizes":[]},"section_subtitle_typography_line_height":{"unit":"em","size":1.5,"sizes":[]},"houzez_section_title_align":"left","houzez_section_title_color":"#FFFFFF","houzez_section_subtitle_color":"#FFFFFF","houzez_section_title_margin_bottom":{"unit":"px","size":20,"sizes":[]},"_animation":"fadeIn","animation_duration":"slow"},"elements":[],"isInner":false,"widgetType":"houzez_elementor_section_title","elType":"widget"}],"isInner":true,"elType":"column"},{"id":"7fbbf823","settings":{"_column_size":33,"_inline_size":10.018},"elements":[],"isInner":true,"elType":"column"},{"id":"7b182802","settings":{"_column_size":33,"_inline_size":40.016,"space_between_widgets":0},"elements":[{"id":"1d1e3fc7","settings":{"title":"Find Your Dream Home","typography_typography":"custom","typography_font_size":{"unit":"px","size":21,"sizes":[]},"_padding":{"unit":"px","top":"30","right":"30","bottom":"10","left":"30","isLinked":false},"_background_background":"classic","_background_color":"#FFFFFF"},"elements":[],"isInner":false,"widgetType":"heading","elType":"widget"},{"id":"2d307b27","settings":{"form_fields":[{"_id":"field-cities","field_type":"keyword","field_label":"Keywrod","placeholder":"Enter Keyword","width":"100","radius_from":"1","radius_to":"100","radius_default":"32","price_from_text":"From","price_to_text":"To","width_tablet":"","width_mobile":"","data_live_search":"","slider_width":{"unit":"px","size":50,"sizes":[]},"slider_width_tablet":{"unit":"px","size":"","sizes":[]},"slider_width_mobile":{"unit":"px","size":"","sizes":[]},"is_multiple":"","select_all_btns":"false","selected_count_text":"items selected","hidden_desktop":"","hidden_tablet":"","hidden_phone":""},{"_id":"field-types","field_type":"type[]","field_label":"Property Type","placeholder":"All Types","is_multiple":"true","select_all_btns":"true","selected_count_text":"types selected","width":"50","width_mobile":"50","radius_from":"1","radius_to":"100","radius_default":"32","price_from_text":"From","price_to_text":"To","width_tablet":"","data_live_search":"true","slider_width":{"unit":"px","size":50,"sizes":[]},"slider_width_tablet":{"unit":"px","size":"","sizes":[]},"slider_width_mobile":{"unit":"px","size":"","sizes":[]},"hidden_desktop":"","hidden_tablet":"","hidden_phone":""},{"_id":"field-status","field_type":"status[]","field_label":"Property Status","placeholder":"All Status","is_multiple":"true","select_all_btns":"true","selected_count_text":"status selected","width":"50","width_mobile":"50","radius_from":"1","radius_to":"100","radius_default":"32","price_from_text":"From","price_to_text":"To","width_tablet":"","data_live_search":"true","slider_width":{"unit":"px","size":50,"sizes":[]},"slider_width_tablet":{"unit":"px","size":"","sizes":[]},"slider_width_mobile":{"unit":"px","size":"","sizes":[]},"hidden_desktop":"","hidden_tablet":"","hidden_phone":""},{"field_type":"location[]","field_label":"Cities","placeholder":"All Cities","width":"50","radius_from":"1","radius_to":"100","radius_default":"32","price_from_text":"From","price_to_text":"To","width_tablet":"","width_mobile":"50","data_live_search":"true","slider_width":{"unit":"px","size":50,"sizes":[]},"slider_width_tablet":{"unit":"px","size":"","sizes":[]},"slider_width_mobile":{"unit":"px","size":"","sizes":[]},"is_multiple":"","select_all_btns":"false","selected_count_text":"items selected","hidden_desktop":"","hidden_tablet":"","hidden_phone":"","_id":"b2c1185"},{"_id":"field-property_id","field_type":"property_id","field_label":"Property ID","placeholder":"Property ID","width":"50","radius_from":"1","radius_to":"100","radius_default":"32","price_from_text":"From","price_to_text":"To","width_tablet":"","width_mobile":"50","data_live_search":"","slider_width":{"unit":"px","size":50,"sizes":[]},"slider_width_tablet":{"unit":"px","size":"","sizes":[]},"slider_width_mobile":{"unit":"px","size":"","sizes":[]},"is_multiple":"","select_all_btns":"false","selected_count_text":"items selected","hidden_desktop":"","hidden_tablet":"","hidden_phone":""},{"_id":"field-beds","field_type":"bedrooms","field_label":"Bedrooms","placeholder":"Bedrooms","width":"50","width_mobile":"50","radius_from":"1","radius_to":"100","radius_default":"32","price_from_text":"From","price_to_text":"To","width_tablet":"","data_live_search":"","slider_width":{"unit":"px","size":50,"sizes":[]},"slider_width_tablet":{"unit":"px","size":"","sizes":[]},"slider_width_mobile":{"unit":"px","size":"","sizes":[]},"is_multiple":"","select_all_btns":"false","selected_count_text":"items selected","hidden_desktop":"","hidden_tablet":"","hidden_phone":""},{"_id":"field-baths","field_type":"bedrooms","field_label":"Bathrooms","placeholder":"Bathrooms","width":"50","width_mobile":"50","radius_from":"1","radius_to":"100","radius_default":"32","price_from_text":"From","price_to_text":"To","width_tablet":"","data_live_search":"","slider_width":{"unit":"px","size":50,"sizes":[]},"slider_width_tablet":{"unit":"px","size":"","sizes":[]},"slider_width_mobile":{"unit":"px","size":"","sizes":[]},"is_multiple":"","select_all_btns":"false","selected_count_text":"items selected","hidden_desktop":"","hidden_tablet":"","hidden_phone":""},{"_id":"field-min-price","field_type":"min-price","field_label":"Min. Price","placeholder":"Min. Price","width":"50","width_mobile":"50","radius_from":"1","radius_to":"100","radius_default":"32","price_from_text":"From","price_to_text":"To","width_tablet":"","data_live_search":"true","slider_width":{"unit":"px","size":50,"sizes":[]},"slider_width_tablet":{"unit":"px","size":"","sizes":[]},"slider_width_mobile":{"unit":"px","size":"","sizes":[]},"is_multiple":"","select_all_btns":"false","selected_count_text":"items selected","hidden_desktop":"","hidden_tablet":"","hidden_phone":""},{"_id":"field-max-price","field_type":"max-price","field_label":"Max. Price","placeholder":"Max. Price","width":"50","width_mobile":"50","radius_from":"1","radius_to":"100","radius_default":"32","price_from_text":"From","price_to_text":"To","width_tablet":"","data_live_search":"true","slider_width":{"unit":"px","size":50,"sizes":[]},"slider_width_tablet":{"unit":"px","size":"","sizes":[]},"slider_width_mobile":{"unit":"px","size":"","sizes":[]},"is_multiple":"","select_all_btns":"false","selected_count_text":"items selected","hidden_desktop":"","hidden_tablet":"","hidden_phone":""},{"_id":"field-min-area","field_type":"min-area","field_label":"Min. Area","placeholder":"Min. Area","width":"50","width_mobile":"50","radius_from":"1","radius_to":"100","radius_default":"32","price_from_text":"From","price_to_text":"To","width_tablet":"","data_live_search":"","slider_width":{"unit":"px","size":50,"sizes":[]},"slider_width_tablet":{"unit":"px","size":"","sizes":[]},"slider_width_mobile":{"unit":"px","size":"","sizes":[]},"is_multiple":"","select_all_btns":"false","selected_count_text":"items selected","hidden_desktop":"","hidden_tablet":"","hidden_phone":""},{"_id":"field-max-area","field_type":"max-area","field_label":"Max. Area","placeholder":"Max. Area","width":"50","width_mobile":"50","radius_from":"1","radius_to":"100","radius_default":"32","price_from_text":"From","price_to_text":"To","width_tablet":"","data_live_search":"","slider_width":{"unit":"px","size":50,"sizes":[]},"slider_width_tablet":{"unit":"px","size":"","sizes":[]},"slider_width_mobile":{"unit":"px","size":"","sizes":[]},"is_multiple":"","select_all_btns":"false","selected_count_text":"items selected","hidden_desktop":"","hidden_tablet":"","hidden_phone":""},{"_id":"field-search-btn","field_type":"search-button","field_label":"Search Button","placeholder":"Search","width":"100","radius_from":"1","radius_to":"100","radius_default":"32","price_from_text":"From","price_to_text":"To","width_tablet":"","width_mobile":"","data_live_search":"","slider_width":{"unit":"px","size":50,"sizes":[]},"slider_width_tablet":{"unit":"px","size":"","sizes":[]},"slider_width_mobile":{"unit":"px","size":"","sizes":[]},"is_multiple":"","select_all_btns":"false","selected_count_text":"items selected","hidden_desktop":"","hidden_tablet":"","hidden_phone":""}],"tabs_all_text":"All","_padding":{"unit":"px","top":"12","right":"30","bottom":"29","left":"30","isLinked":false},"_background_background":"classic","_background_color":"#FFFFFF"},"elements":[],"isInner":false,"widgetType":"houzez_elementor_search_builder","elType":"widget"}],"isInner":true,"elType":"column"}],"isInner":true,"elType":"section"},{"id":"5966f007","settings":{"height":{"unit":"px","size":65,"sizes":[]}},"elements":[],"isInner":false,"widgetType":"houzez_elementor_space","elType":"widget"}],"isInner":false,"elType":"column"}],"isInner":false,"elType":"section"},{"id":"5e90b216","settings":{"layout":"full_width","background_background":"classic","background_color":"#FFFFFF"},"elements":[{"id":"653b21da","settings":{"_column_size":100,"_inline_size":null},"elements":[{"id":"7121728c","settings":{"height":{"unit":"px","size":51,"sizes":[]}},"elements":[],"isInner":false,"widgetType":"houzez_elementor_space","elType":"widget"},{"id":"4d6a18bc","settings":{"content_width":{"unit":"px","size":1320,"sizes":[]}},"elements":[{"id":"1bda22e9","settings":{"_column_size":100,"_inline_size":null},"elements":[{"id":"4f70b405","settings":{"hz_section_title":"Discover Our Featured Listings","section_title_typography_typography":"custom","section_title_typography_font_size":{"unit":"px","size":35,"sizes":[]},"section_title_typography_font_weight":"300","section_subtitle_typography_typography":"custom","houzez_section_title_margin_bottom":{"unit":"px","size":20,"sizes":[]},"_animation":"fadeIn","animation_duration":"slow","hz_section_subtitle":"Lorem ipsum dolor sit amet, consectetur adipisicing","houzez_section_title_color":"#000000","houzez_section_subtitle_color":"#7A7A7A","section_title_typography_font_size_mobile":{"unit":"px","size":25,"sizes":[]},"section_subtitle_typography_font_size_mobile":{"unit":"px","size":16,"sizes":[]}},"elements":[],"isInner":false,"widgetType":"houzez_elementor_section_title","elType":"widget"},{"id":"756a05c","settings":{"space":{"unit":"px","size":10,"sizes":[]}},"elements":[],"isInner":false,"widgetType":"spacer","elType":"widget"},{"id":"1b947d02","settings":{"sort_by":"featured_top","posts_limit":6,"property_type":["apartment"],"hide_compare":"none","hz_property_title_typography":"custom","hz_property_title_font_size":{"unit":"px","size":0,"sizes":[]},"hz_meta_figure_typography":"custom","hz_meta_figure_font_weight":"400","hz_item_price_typography":"custom","hz_item_price_font_size":{"unit":"px","size":20,"sizes":[]},"hz_labels_margin_bottom":{"unit":"px","size":76,"sizes":[]},"price_color":"#FFFFFF","_animation":"fadeIn","animation_duration":"slow"},"elements":[],"isInner":false,"widgetType":"houzez_elementor_property-card-v3","elType":"widget"},{"id":"7987ea1a","settings":{"height":{"unit":"px","size":50,"sizes":[]}},"elements":[],"isInner":false,"widgetType":"houzez_elementor_space","elType":"widget"}],"isInner":true,"elType":"column"}],"isInner":true,"elType":"section"}],"isInner":false,"elType":"column"}],"isInner":false,"elType":"section"},{"id":"7a130c86","settings":{"custom_height":{"unit":"px","size":680,"sizes":[]},"content_position":"bottom","background_color":"#FFFFFF","background_position":"center left","background_repeat":"repeat","background_size":"cover","css_filters_blur":{"unit":"px","size":2,"sizes":[]},"gap":"wide","background_background":"classic","background_bg_width":{"unit":"%","size":15,"sizes":[]},"background_image":{"url":"https:\/\/demo01.houzez.co\/wp-content\/uploads\/2016\/03\/205.jpg","id":16175},"background_overlay_color":"#004274","background_attachment":"fixed","content_width":{"unit":"px","size":920,"sizes":[]},"height":"min-height","layout":"full_width","structure":"20","background_overlay_color_b":"rgba(242, 41, 91, 0)","background_overlay_gradient_angle":{"unit":"deg","size":90,"sizes":[]},"padding":{"unit":"px","top":"50","right":"50","bottom":"50","left":"50","isLinked":true}},"elements":[{"id":"60ec68ea","settings":{"_column_size":50,"_inline_size":64.862},"elements":[{"id":"e3211c3","settings":{"gap":"no","background_background":"classic","background_color":"#FFFFFF","border_radius":{"unit":"px","top":"6","right":"6","bottom":"6","left":"6","isLinked":true},"box_shadow_box_shadow_type":"yes","box_shadow_box_shadow":{"horizontal":0,"vertical":20,"blur":40,"spread":0,"color":"rgba(0, 0, 0, 0.1)"},"padding":{"unit":"px","top":"40","right":"40","bottom":"40","left":"40","isLinked":true},"overflow":"hidden","z_index":1},"elements":[{"id":"5bed8322","settings":{"_column_size":100,"_inline_size":null,"content_position":"bottom","background_background":"classic"},"elements":[{"id":"5b60ac7b","settings":{"hz_section_title":"Contact us to get your home estimation","section_title_typography_typography":"custom","section_title_typography_font_size":{"unit":"px","size":25,"sizes":[]},"section_title_typography_font_weight":"300","section_subtitle_typography_typography":"custom","houzez_section_title_align":"left","section_subtitle_typography_line_height":{"unit":"em","size":1.5,"sizes":[]},"houzez_section_title_color":"#000000","houzez_section_subtitle_color":"#000000","hz_section_subtitle":"Design custom lead capture forms that integrate with the Houzez CRM","section_subtitle_typography_font_size":{"unit":"px","size":18,"sizes":[]},"homey_subtitle_spacing":{"unit":"px","size":0,"sizes":[]},"houzez_section_title_margin_bottom":{"unit":"px","size":0,"sizes":[]},"section_title_typography_text_transform":"uppercase"},"elements":[],"isInner":false,"widgetType":"houzez_elementor_section_title","elType":"widget"},{"id":"70428a2f","settings":{"form_name":"New Form","form_fields":[{"field_type":"address","field_label":"Property Address","placeholder":"Address","required":"true","field_options":"","width":"60","width_tablet":"","width_mobile":"","rows":4,"_id":"16418a9"},{"field_type":"city","field_label":" City","placeholder":"City","required":"true","field_options":"","width":"20","width_tablet":"","width_mobile":"","rows":4,"_id":"b4f200d"},{"field_type":"zip","field_label":"Zip Code","placeholder":"Zip Code","required":"true","field_options":"","width":"20","width_tablet":"","width_mobile":"","rows":4,"_id":"4bf701d"},{"_id":"name","field_type":"first_name","field_label":"","placeholder":"First Name","width":"25","required":"true","field_options":"","width_tablet":"","width_mobile":"","rows":4},{"field_type":"last_name","field_label":"","placeholder":"Last Name","width":"25","required":"true","field_options":"","width_tablet":"","width_mobile":"","rows":4,"_id":"e355a3e"},{"_id":"email","field_type":"email","required":"true","field_label":"","placeholder":"Email","width":"25","field_options":"","width_tablet":"","width_mobile":"","rows":4}],"button_text":"Submit","email_to":"hello@favethemes.com","email_subject":"New message from \"Houzez 01\"","label_typography_typography":"custom","label_typography_font_weight":"500","_background_color":"#FFFFFF","column_gap":{"unit":"px","size":15,"sizes":[]},"label_color":"#54595F","label_typography_font_size":{"unit":"px","size":12,"sizes":[]},"label_typography_text_transform":"uppercase","field_border_width":{"unit":"px","top":"1","right":"1","bottom":"1","left":"1","isLinked":true},"_animation":"fadeIn","animation_duration":"slow","_box_shadow_box_shadow":{"horizontal":0,"vertical":20,"blur":40,"spread":0,"color":"rgba(0, 0, 0, 0.1)"},"input_size":"md","button_size":"md","button_width":"25","row_gap":{"unit":"px","size":15,"sizes":[]},"field_border_color":"#C9C9C9","con_google_recaptcha":"","gdpr_agreement":"","gdpr_text":"I consent to having this website to store my submitted infomation."},"elements":[],"isInner":false,"widgetType":"houzez_elementor_contact_form","elType":"widget"}],"isInner":true,"elType":"column"}],"isInner":true,"elType":"section"}],"isInner":false,"elType":"column"},{"id":"47c87e81","settings":{"_column_size":50,"_inline_size":35.05},"elements":[],"isInner":false,"elType":"column"}],"isInner":false,"elType":"section"},{"id":"322b763","settings":{"custom_height":{"unit":"px","size":760,"sizes":[]},"content_position":"middle","background_color":"#FFFFFF","background_position":"center right","background_repeat":"no-repeat","background_size":"auto","background_overlay_opacity":{"unit":"px","size":0.9,"sizes":[]},"css_filters_blur":{"unit":"px","size":2,"sizes":[]},"stretch_section":"section-stretched","layout":"full_width","gap":"wide","background_bg_width":{"unit":"%","size":15,"sizes":[]},"background_overlay_color":"#005A84","overlay_blend_mode":"multiply","background_background":"classic"},"elements":[{"id":"42179374","settings":{"_column_size":100,"_inline_size":null},"elements":[{"id":"48277960","settings":{"height":{"unit":"px","size":50,"sizes":[]}},"elements":[],"isInner":false,"widgetType":"houzez_elementor_space","elType":"widget"},{"id":"6604779b","settings":{"gap":"wider","content_position":"middle","reverse_order_mobile":"reverse-mobile","content_width":{"unit":"px","size":1280,"sizes":[]}},"elements":[{"id":"425b9b50","settings":{"_column_size":100,"_inline_size":null},"elements":[{"id":"5dd7750","settings":{"hz_section_title":"Why Houzez is the Best Choice?","section_title_typography_typography":"custom","section_title_typography_font_size":{"unit":"px","size":35,"sizes":[]},"section_title_typography_font_weight":"300","section_subtitle_typography_typography":"custom","houzez_section_title_color":"#000000","houzez_section_subtitle_color":"#7A7A7A","_animation":"fadeIn","animation_duration":"slow","houzez_section_title_margin_bottom":{"unit":"px","size":20,"sizes":[]},"hz_section_subtitle":"Lorem ipsum dolor sit amet, consectetur adipisicing","section_title_typography_font_size_mobile":{"unit":"px","size":25,"sizes":[]},"section_subtitle_typography_font_size_mobile":{"unit":"px","size":16,"sizes":[]}},"elements":[],"isInner":false,"widgetType":"houzez_elementor_section_title","elType":"widget"},{"id":"515beb21","settings":{"space":{"unit":"px","size":30,"sizes":[]}},"elements":[],"isInner":false,"widgetType":"spacer","elType":"widget"},{"id":"359f1378","settings":{"icon_boxes":[{"icon_type":"custom_icon","custom_icon":{"url":"https:\/\/demo01.houzez.co\/wp-content\/uploads\/2020\/02\/people-1.png","id":16664},"title":"Customer Relationship Management","text":"Lorem ipsum dolor sit amet, consectetur adipiscing elit. Aliquam eu rhoncus nisi. Cras sed mattis ante, sit amet rhoncus ex.","read_more_text":"Read More","read_more_link":{"url":"#"},"_id":"2bb5839"},{"icon_type":"custom_icon","custom_icon":{"url":"https:\/\/demo01.houzez.co\/wp-content\/uploads\/2020\/02\/donut-chart-1-1.png","id":16668},"title":"Design Custom Leads Capture Forms","text":"Lorem ipsum dolor sit amet, consectetur adipiscing elit. Aliquam eu rhoncus nisi. Cras sed mattis ante, sit amet rhoncus ex.","read_more_text":"Read More","read_more_link":{"url":"#"},"_id":"dfcf51e"},{"icon_type":"custom_icon","custom_icon":{"url":"https:\/\/demo01.houzez.co\/wp-content\/uploads\/2020\/02\/shacking-hands-1.png","id":16667},"title":"Manage Real Estate Inquiries","text":"Lorem ipsum dolor sit amet, consectetur adipiscing elit. Aliquam eu rhoncus nisi. Cras sed mattis ante, sit amet rhoncus ex.","read_more_text":"Read More","read_more_link":{"url":"#"},"_id":"37eb974"},{"icon_type":"custom_icon","custom_icon":{"url":"https:\/\/demo01.houzez.co\/wp-content\/uploads\/2020\/02\/balance.png","id":16662},"title":"Easy To Get Started","text":"Lorem ipsum dolor sit amet, consectetur adipiscing elit. Aliquam eu rhoncus nisi. Cras sed mattis ante, sit amet rhoncus ex.","read_more_text":"Read More","read_more_link":{"url":"#"},"_id":"da69ed8"},{"icon_type":"custom_icon","custom_icon":{"url":"https:\/\/demo01.houzez.co\/wp-content\/uploads\/2020\/02\/bar-chart-stats-up.png","id":16659},"title":"Pre-Built Websites","text":"Lorem ipsum dolor sit amet, consectetur adipiscing elit. Aliquam eu rhoncus nisi. Cras sed mattis ante, sit amet rhoncus ex.","read_more_text":"Read More","read_more_link":{"url":"#"},"_id":"b307838"},{"icon_type":"custom_icon","custom_icon":{"url":"https:\/\/demo01.houzez.co\/wp-content\/uploads\/2020\/02\/bar-chart-board.png","id":16661},"title":"Highly Customizable","text":"Lorem ipsum dolor sit amet, consectetur adipiscing elit. Aliquam eu rhoncus nisi. Cras sed mattis ante, sit amet rhoncus ex.","read_more_text":"Read More","read_more_link":{"url":"#"},"_id":"a86e2c8"}],"icon_boxes_style":"style3","title_spacing_a":{"unit":"px","size":5,"sizes":[]},"title_typography_a_typography":"custom","title_typography_a_font_size":{"unit":"px","size":20,"sizes":[]},"title_typography_a_font_weight":"400","title_typography_a_line_height":{"unit":"em","size":1.5,"sizes":[]},"description_color_a":"#7A7A7A","readmore_text_typography_typography":"custom","readmore_text_typography_font_weight":"400","_animation":"fadeIn","animation_duration":"slow"},"elements":[],"isInner":false,"widgetType":"houzez_elementor_icon_box","elType":"widget"}],"isInner":true,"elType":"column"}],"isInner":true,"elType":"section"},{"id":"53f3023c","settings":{"height":{"unit":"px","size":70,"sizes":[]}},"elements":[],"isInner":false,"widgetType":"houzez_elementor_space","elType":"widget"}],"isInner":false,"elType":"column"}],"isInner":false,"elType":"section"},{"id":"3f9a347f","settings":{"custom_height":{"unit":"px","size":760,"sizes":[]},"content_position":"middle","background_color":"#FFFFFF","background_position":"center center","background_repeat":"no-repeat","background_size":"cover","background_overlay_background":"classic","background_overlay_opacity":{"unit":"px","size":0.2,"sizes":[]},"css_filters_blur":{"unit":"px","size":2,"sizes":[]},"stretch_section":"section-stretched","layout":"full_width","gap":"wide","css_filters_css_filter":"custom"},"elements":[{"id":"4babdff7","settings":{"_column_size":100,"_inline_size":null},"elements":[{"id":"1237d64","settings":[],"elements":[],"isInner":false,"widgetType":"houzez_elementor_space","elType":"widget"},{"id":"70298079","settings":{"gap":"extended"},"elements":[{"id":"5a8a6d6b","settings":{"_column_size":100,"_inline_size":null,"content_position":"bottom"},"elements":[{"id":"3d2fbb76","settings":{"hz_section_title":"Meet Our Agents","section_title_typography_typography":"custom","section_title_typography_font_size":{"unit":"px","size":35,"sizes":[]},"section_title_typography_font_weight":"300","section_subtitle_typography_typography":"custom","houzez_section_title_margin_bottom":{"unit":"px","size":20,"sizes":[]},"_animation":"fadeIn","animation_duration":"slow","hz_section_subtitle":"Lorem ipsum dolor sit amet, consectetur adipisicing","houzez_section_title_color":"#000000","houzez_section_subtitle_color":"#7A7A7A","section_title_typography_font_size_mobile":{"unit":"px","size":25,"sizes":[]},"section_subtitle_typography_font_size_mobile":{"unit":"px","size":16,"sizes":[]}},"elements":[],"isInner":false,"widgetType":"houzez_elementor_section_title","elType":"widget"},{"id":"44f165ad","settings":{"columns":"4","posts_limit":"9","_animation":"fadeIn","animation_duration":"slow"},"elements":[],"isInner":false,"widgetType":"houzez_elementor_agents","elType":"widget"}],"isInner":true,"elType":"column"}],"isInner":true,"elType":"section"},{"id":"7782b51f","settings":{"height":{"unit":"px","size":100,"sizes":[]}},"elements":[],"isInner":false,"widgetType":"houzez_elementor_space","elType":"widget"}],"isInner":false,"elType":"column"}],"isInner":false,"elType":"section"},{"id":"100b2231","settings":{"background_background":"classic","background_color":"#FFFFFF"},"elements":[{"id":"79442a7b","settings":{"_column_size":100,"_inline_size":null},"elements":[{"id":"7ed9557c","settings":[],"elements":[],"isInner":false,"widgetType":"spacer","elType":"widget"},{"id":"1e5d4073","settings":[],"elements":[{"id":"34aa75b6","settings":{"_column_size":100,"_inline_size":null},"elements":[{"id":"67405cfa","settings":{"hz_section_title":"Explore Lifestyles","section_title_typography_typography":"custom","section_title_typography_font_size":{"unit":"px","size":35,"sizes":[]},"section_title_typography_font_weight":"300","section_subtitle_typography_typography":"custom","houzez_section_title_margin_bottom":{"unit":"px","size":20,"sizes":[]},"_animation":"fadeIn","animation_duration":"slow","hz_section_subtitle":"Lorem ipsum dolor sit amet, consectetur adipiscing ","houzez_section_subtitle_color":"#7A7A7A","houzez_section_title_color":"#000000","section_title_typography_font_size_mobile":{"unit":"px","size":25,"sizes":[]},"section_subtitle_typography_font_size_mobile":{"unit":"px","size":16,"sizes":[]}},"elements":[],"isInner":false,"widgetType":"houzez_elementor_section_title","elType":"widget"},{"id":"39221e99","settings":{"houzez_grid_type":"grid_v2","property_type":["office","shop","apartment","condo","single-family-home","studio","villa"],"houzez_show_child":"1","_animation":"fadeIn","animation_duration":"slow","grid_title_typography_typography":"custom","grid_title_typography_font_weight":"300"},"elements":[],"isInner":false,"widgetType":"houzez_elementor_grids","elType":"widget"},{"id":"1ab37865","settings":[],"elements":[],"isInner":false,"widgetType":"spacer","elType":"widget"}],"isInner":true,"elType":"column"}],"isInner":true,"elType":"section"}],"isInner":false,"elType":"column"}],"isInner":false,"elType":"section"},{"id":"22d7a36f","settings":{"custom_height":{"unit":"px","size":760,"sizes":[]},"content_position":"middle","background_color":"#FFFFFF","background_position":"center center","background_repeat":"no-repeat","background_size":"cover","background_overlay_background":"classic","background_overlay_opacity":{"unit":"px","size":0.2,"sizes":[]},"css_filters_blur":{"unit":"px","size":2,"sizes":[]},"stretch_section":"section-stretched","layout":"full_width","gap":"wide","css_filters_css_filter":"custom"},"elements":[{"id":"37b3aced","settings":{"_column_size":100,"_inline_size":null},"elements":[{"id":"e9fcaa3","settings":[],"elements":[],"isInner":false,"widgetType":"houzez_elementor_space","elType":"widget"},{"id":"1cfa2c1f","settings":{"gap":"extended","content_width":{"unit":"px","size":860,"sizes":[]}},"elements":[{"id":"6f8c338d","settings":{"_column_size":100,"_inline_size":null,"content_position":"bottom"},"elements":[{"id":"5531ad9d","settings":{"hz_section_title":"Testimonials","section_title_typography_typography":"custom","section_title_typography_font_size":{"unit":"px","size":35,"sizes":[]},"section_title_typography_font_weight":"300","section_subtitle_typography_typography":"custom","houzez_section_title_margin_bottom":{"unit":"px","size":20,"sizes":[]},"_animation":"fadeIn","animation_duration":"slow","hz_section_subtitle":"Lorem ipsum dolor sit amet, consectetur adipisicing","houzez_section_title_color":"#000000","houzez_section_subtitle_color":"#7A7A7A","section_title_typography_font_size_mobile":{"unit":"px","size":25,"sizes":[]},"section_subtitle_typography_font_size_mobile":{"unit":"px","size":16,"sizes":[]}},"elements":[],"isInner":false,"widgetType":"houzez_elementor_section_title","elType":"widget"},{"id":"1e3d33f4","settings":{"posts_limit":"2","houzez_testi_v2_text_color":"#000000","houzez_testi_v2_bg_color":"#FFFFFF","_animation":"fadeIn","animation_duration":"slow","testimonials_type":"grid_2cols"},"elements":[],"isInner":false,"widgetType":"houzez_elementor_testimonials_v2","elType":"widget"}],"isInner":true,"elType":"column"}],"isInner":true,"elType":"section"},{"id":"1850407b","settings":{"height":{"unit":"px","size":70,"sizes":[]}},"elements":[],"isInner":false,"widgetType":"houzez_elementor_space","elType":"widget"}],"isInner":false,"elType":"column"}],"isInner":false,"elType":"section"},{"id":"1cf3ad71","settings":{"background_background":"classic","background_color":"#FFFFFF","structure":"50","padding":{"unit":"px","top":"15","right":"0","bottom":"15","left":"0","isLinked":false},"border_border":"solid","border_width":{"unit":"px","top":"1","right":"0","bottom":"0","left":"0","isLinked":false},"border_color":"#ECECEC","hide_tablet":"hidden-tablet","hide_mobile":"hidden-phone"},"elements":[{"id":"6d52c065","settings":{"_column_size":20,"_inline_size":null},"elements":[{"id":"69ac2b9c","settings":{"image":{"url":"https:\/\/demo01.houzez.co\/wp-content\/uploads\/2016\/03\/partner-01-e1582734705113.jpg","id":1118}},"elements":[],"isInner":false,"widgetType":"image","elType":"widget"}],"isInner":false,"elType":"column"},{"id":"4fb0a337","settings":{"_column_size":20,"_inline_size":null},"elements":[{"id":"65333ec0","settings":{"image":{"url":"https:\/\/demo01.houzez.co\/wp-content\/uploads\/2016\/03\/partner-02-e1582734691936.jpg","id":1119}},"elements":[],"isInner":false,"widgetType":"image","elType":"widget"}],"isInner":false,"elType":"column"},{"id":"274ad234","settings":{"_column_size":20,"_inline_size":null},"elements":[{"id":"4145c2a2","settings":{"image":{"url":"https:\/\/demo01.houzez.co\/wp-content\/uploads\/2016\/03\/partner-04-e1582734649458.jpg","id":1121}},"elements":[],"isInner":false,"widgetType":"image","elType":"widget"}],"isInner":false,"elType":"column"},{"id":"42694006","settings":{"_column_size":20,"_inline_size":null},"elements":[{"id":"52d35a9a","settings":{"image":{"url":"https:\/\/demo01.houzez.co\/wp-content\/uploads\/2016\/03\/partner-03-e1582734671602.jpg","id":1120}},"elements":[],"isInner":false,"widgetType":"image","elType":"widget"}],"isInner":false,"elType":"column"},{"id":"17c4c047","settings":{"_column_size":20,"_inline_size":null},"elements":[{"id":"647a8daa","settings":{"image":{"url":"https:\/\/demo01.houzez.co\/wp-content\/uploads\/2016\/03\/partner-05-e1582734603812.jpg","id":1122}},"elements":[],"isInner":false,"widgetType":"image","elType":"widget"}],"isInner":false,"elType":"column"}],"isInner":false,"elType":"section"}]}