{"default-sidebar":{"search-7":{"title":"Blog Search"},"categories-2":{"title":"Topics","count":1,"hierarchical":0,"dropdown":0}},"search-sidebar":{"nav_menu-2":{"title":"Pages Menu","nav_menu":45},"nav_menu-5":{"title":"Popular Real Estate Markets","nav_menu":1331},"nav_menu-6":{"title":"Popular Apartment Cities","nav_menu":1332},"nav_menu-7":{"title":"Real Estate Resources","nav_menu":1333},"nav_menu-9":{"title":"Company","nav_menu":1334}},"agent-sidebar":{"text-3":{"title":"Allow your visitor to create listing without registering","text":"<img src=\"http:\/\/houzez01.favethemes.com\/wp-content\/uploads\/2016\/03\/slider-02.jpg\">\r\n\r\nBoth you and your agents are able to login and submit property listings from the front of your website but Houzez also allows (optionally) to create a listing just entering your email and will be automatically created a new account.\r\n\r\n<strong>To avoid spam user the account just created have to be confirmed by email.<\/strong>\r\n\r\n","filter":true}},"footer-sidebar-1":{"houzez_property_taxonomies-13":{"title":"Discover","taxonomy":"property_city","tax_count":"no","tax_child":"yes"}},"footer-sidebar-2":{"houzez_property_taxonomies-14":{"title":"Lifestyle","taxonomy":"property_type","tax_count":"no","tax_child":"yes"}},"footer-sidebar-3":{"houzez_property_taxonomies-15":{"title":"Deals","taxonomy":"property_label","tax_count":"no","tax_child":"yes"}},"footer-sidebar-4":{"mc4wp_form_widget-2":{"title":"Newsletter"}}}