{"version":"0.4","title":"Demo 13 &#8211; Contact us","type":"page","content":[{"id":"1c8f588b","settings":{"height":"min-height","custom_height":{"unit":"px","size":200,"sizes":[]},"background_background":"classic","background_image":{"id":"3527","url":"https:\/\/demo13.houzez.co\/wp-content\/uploads\/2020\/03\/205.jpg"},"background_position":"center center","background_attachment":"scroll","background_repeat":"no-repeat","background_size":"cover","background_overlay_background":"classic","background_overlay_color":"#000000","animation":"fadeIn","animation_duration":"slow"},"elements":[{"id":"526b2c06","settings":{"_column_size":100,"_inline_size":null},"elements":[{"id":"79cf5afd","settings":{"title":"Contact us","header_size":"h1","title_color":"#FFFFFF","typography_typography":"custom","typography_font_size":{"unit":"px","size":30,"sizes":[]},"typography_font_weight":"300"},"elements":[],"isInner":false,"widgetType":"heading","elType":"widget"}],"isInner":false,"elType":"column"}],"isInner":false,"elType":"section"},{"id":"f423adc","settings":[],"elements":[{"id":"5ea47321","settings":{"_column_size":100,"_inline_size":null},"elements":[{"id":"3fb14122","settings":[],"elements":[],"isInner":false,"widgetType":"houzez_elementor_space","elType":"widget"}],"isInner":false,"elType":"column"}],"isInner":false,"elType":"section"},{"id":"30418465","settings":{"content_position":"top","structure":"32","animation":"fadeIn","animation_duration":"slow"},"elements":[{"id":"451c0ef2","settings":{"_column_size":50,"_inline_size":67,"space_between_widgets":0,"background_background":"classic"},"elements":[{"id":"387166a5","settings":{"editor":"<p>Design your custom contact forms with this Houzez Elementor custom widget and connect your leads with the integrated Houzez CRM.<\/p>","typography_typography":"custom","typography_font_size":{"unit":"px","size":17,"sizes":[]},"typography_line_height":{"unit":"em","size":1.7,"sizes":[]},"_padding":{"unit":"px","top":"50","right":"50","bottom":"1","left":"50","isLinked":false},"_background_background":"classic","_background_color":"#FFFFFF"},"elements":[],"isInner":false,"widgetType":"text-editor","elType":"widget"},{"id":"2252e5f0","settings":{"form_name":"New Form","form_fields":[{"_id":"name","field_type":"first_name","field_label":"First Name","placeholder":"Enter your name","width":"50","required":"true","field_options":"","width_tablet":"","width_mobile":"","rows":4},{"field_type":"last_name","field_label":"Last Name","placeholder":"Enter your last name","width":"50","required":"true","field_options":"","width_tablet":"","width_mobile":"","rows":4,"_id":"bf18955"},{"_id":"email","field_type":"email","required":"true","field_label":"Email","placeholder":"Email","width":"100","field_options":"","width_tablet":"","width_mobile":"","rows":4},{"_id":"message","field_type":"message","field_label":"Message","placeholder":"Message","width":"100","required":"true","field_options":"","width_tablet":"","width_mobile":"","rows":4}],"button_text":"Submit","email_to":"hello@favethemes.com","email_subject":"New message from &quot;Houzez 01&quot;","_padding":{"unit":"px","top":"20","right":"50","bottom":"50","left":"50","isLinked":false},"_background_background":"classic","_background_color":"#FFFFFF","mark_required":"yes","column_gap":{"unit":"px","size":20,"sizes":[]},"label_typography_typography":"custom","label_typography_font_weight":"500","button_background_color":"#FAB93E","button_background_hover_color":"rgba(250, 185, 62, 0.79)"},"elements":[],"isInner":false,"widgetType":"houzez_elementor_contact_form","elType":"widget"}],"isInner":false,"elType":"column"},{"id":"67b6c8ef","settings":{"_column_size":25,"_inline_size":3},"elements":[],"isInner":false,"elType":"column"},{"id":"77f6f1ae","settings":{"_column_size":25,"_inline_size":30,"content_position":"space-between","background_color":"#FFFFFF","space_between_widgets":25,"margin":{"unit":"px","top":"0","right":"0","bottom":"0","left":"0","isLinked":true}},"elements":[{"id":"fc1f6cd","settings":{"editor":"<p class=\"padding-top\"><strong>For inquiries<\/strong><strong>\u00a0contact:<\/strong><\/p><p><strong>Amy Miller<\/strong><br \/>Public Relations Manager<br \/>774 NE 84th St Miami, FL 33879<br \/>amy.miller@houzez.com<\/p><p><strong>Kyle Parker<\/strong><br \/>Public Relations Associated<br \/>774 NE 84th St Miami, FL 33879<br \/>kyle.parker@houzez.com<\/p>","_padding":{"unit":"px","top":"30","right":"30","bottom":"15","left":"30","isLinked":false},"_background_background":"classic","_background_color":"#FFFFFF"},"elements":[],"isInner":false,"widgetType":"text-editor","elType":"widget"},{"id":"293e8622","settings":{"editor":"<p class=\"padding-top\"><strong>Corporate Headquarters<\/strong><br \/>1584\u00a0Biscayne\u00a0Boulevard<br \/>Miami FL, 33176<\/p>","_padding":{"unit":"px","top":"30","right":"30","bottom":"15","left":"30","isLinked":false},"_background_background":"classic","_background_color":"#FFFFFF"},"elements":[],"isInner":false,"widgetType":"text-editor","elType":"widget"},{"id":"42c80fc1","settings":{"social_icon_list":[{"social_icon":{"value":"fab fa-facebook","library":"fa-brands"},"_id":"4d4e750","link":{"url":"#","is_external":"true","nofollow":"","custom_attributes":""},"item_icon_color":"default","item_icon_primary_color":"","item_icon_secondary_color":""},{"social_icon":{"value":"fab fa-twitter","library":"fa-brands"},"_id":"a2d8d9c","link":{"url":"#","is_external":"true","nofollow":"","custom_attributes":""},"item_icon_color":"default","item_icon_primary_color":"","item_icon_secondary_color":""},{"social_icon":{"value":"fab fa-youtube","library":"fa-brands"},"_id":"4483b35","link":{"url":"#","is_external":"true","nofollow":"","custom_attributes":""},"item_icon_color":"default","item_icon_primary_color":"","item_icon_secondary_color":""},{"social_icon":{"value":"fab fa-linkedin","library":"fa-brands"},"link":{"url":"#","is_external":"true","nofollow":"","custom_attributes":""},"item_icon_color":"default","item_icon_primary_color":"","item_icon_secondary_color":"","_id":"4cd5d30"},{"social_icon":{"value":"fab fa-instagram","library":"fa-brands"},"link":{"url":"#","is_external":"true","nofollow":"","custom_attributes":""},"item_icon_color":"default","item_icon_primary_color":"","item_icon_secondary_color":"","_id":"9e48d2c"},{"social_icon":{"value":"fab fa-skype","library":"fa-brands"},"link":{"url":"#","is_external":"true","nofollow":"","custom_attributes":""},"item_icon_color":"default","item_icon_primary_color":"","item_icon_secondary_color":"","_id":"a996753"}],"align":"left","icon_primary_color":"#000000","icon_size":{"unit":"px","size":20,"sizes":[]},"icon_spacing":{"unit":"px","size":4,"sizes":[]},"hover_animation":"shrink","_margin":{"unit":"px","top":"0","right":"0","bottom":"0","left":"0","isLinked":true}},"elements":[],"isInner":false,"widgetType":"social-icons","elType":"widget"}],"isInner":false,"elType":"column"}],"isInner":false,"elType":"section"},{"id":"462b5f37","settings":[],"elements":[{"id":"1d4e789e","settings":{"_column_size":100,"_inline_size":null},"elements":[{"id":"54b0097","settings":[],"elements":[],"isInner":false,"widgetType":"spacer","elType":"widget"}],"isInner":false,"elType":"column"}],"isInner":false,"elType":"section"}]}