{"version":"0.4","title":"Demo 13 &#8211; Homepage","type":"page","content":[{"id":"4a348f40","settings":{"houzez_search_form":"yes","background_background":"classic","background_color":"#FFFFFF","padding":{"unit":"px","top":"10","right":"10","bottom":"30","left":"10","isLinked":false}},"elements":[{"id":"3dc5c333","settings":{"_column_size":100},"elements":[{"id":"6884579e","settings":{"form_fields":[{"field_type":"keyword","field_label":"Keyword","placeholder":"Search...","radius_from":"1","radius_to":"100","radius_default":"32","price_from_text":"From","price_to_text":"To","width":"40","width_tablet":"","width_mobile":"","data_live_search":"","slider_width":{"unit":"px","size":50,"sizes":[]},"slider_width_tablet":{"unit":"px","size":"","sizes":[]},"slider_width_mobile":{"unit":"px","size":"","sizes":[]},"is_multiple":"","select_all_btns":"false","selected_count_text":"items selected","hidden_desktop":"","hidden_tablet":"","hidden_phone":"","_id":"a9890f5"},{"field_type":"country[]","field_label":"Country","placeholder":"All Countries","radius_from":"1","radius_to":"100","radius_default":"32","price_from_text":"From","price_to_text":"To","width":"15","width_tablet":"","width_mobile":"","data_live_search":"","slider_width":{"unit":"px","size":50,"sizes":[]},"slider_width_tablet":{"unit":"px","size":"","sizes":[]},"slider_width_mobile":{"unit":"px","size":"","sizes":[]},"is_multiple":"","select_all_btns":"false","selected_count_text":"items selected","hidden_desktop":"","hidden_tablet":"","hidden_phone":"","_id":"b04f72b"},{"field_type":"states[]","field_label":"State","placeholder":"All States","radius_from":"1","radius_to":"100","radius_default":"32","price_from_text":"From","price_to_text":"To","width":"15","width_tablet":"","width_mobile":"","data_live_search":"","slider_width":{"unit":"px","size":50,"sizes":[]},"slider_width_tablet":{"unit":"px","size":"","sizes":[]},"slider_width_mobile":{"unit":"px","size":"","sizes":[]},"is_multiple":"","select_all_btns":"false","selected_count_text":"items selected","hidden_desktop":"","hidden_tablet":"","hidden_phone":"","_id":"f551665"},{"_id":"field-cities","field_type":"location[]","field_label":"Cities","placeholder":"All Cities","width":"15","radius_from":"1","radius_to":"100","radius_default":"32","price_from_text":"From","price_to_text":"To","width_tablet":"","width_mobile":"","data_live_search":"","slider_width":{"unit":"px","size":50,"sizes":[]},"slider_width_tablet":{"unit":"px","size":"","sizes":[]},"slider_width_mobile":{"unit":"px","size":"","sizes":[]},"is_multiple":"","select_all_btns":"false","selected_count_text":"items selected","hidden_desktop":"","hidden_tablet":"","hidden_phone":""},{"_id":"field-status","field_type":"status[]","field_label":"Property Status","placeholder":"All Status","is_multiple":"true","select_all_btns":"true","selected_count_text":"status selected","width":"15","width_mobile":"50","radius_from":"1","radius_to":"100","radius_default":"32","price_from_text":"From","price_to_text":"To","width_tablet":"","data_live_search":"","slider_width":{"unit":"px","size":50,"sizes":[]},"slider_width_tablet":{"unit":"px","size":"","sizes":[]},"slider_width_mobile":{"unit":"px","size":"","sizes":[]},"hidden_desktop":"","hidden_tablet":"","hidden_phone":""},{"_id":"field-types","field_type":"type[]","field_label":"Property Type","placeholder":"All Types","is_multiple":"true","select_all_btns":"true","selected_count_text":"types selected","width":"16","width_mobile":"50","radius_from":"1","radius_to":"100","radius_default":"32","price_from_text":"From","price_to_text":"To","width_tablet":"","data_live_search":"","slider_width":{"unit":"px","size":50,"sizes":[]},"slider_width_tablet":{"unit":"px","size":"","sizes":[]},"slider_width_mobile":{"unit":"px","size":"","sizes":[]},"hidden_desktop":"","hidden_tablet":"","hidden_phone":""},{"_id":"field-beds","field_type":"bedrooms","field_label":"Bedrooms","placeholder":"Bedrooms","width":"16","width_mobile":"50","radius_from":"1","radius_to":"100","radius_default":"32","price_from_text":"From","price_to_text":"To","width_tablet":"","data_live_search":"","slider_width":{"unit":"px","size":50,"sizes":[]},"slider_width_tablet":{"unit":"px","size":"","sizes":[]},"slider_width_mobile":{"unit":"px","size":"","sizes":[]},"is_multiple":"","select_all_btns":"false","selected_count_text":"items selected","hidden_desktop":"","hidden_tablet":"","hidden_phone":""},{"_id":"field-baths","field_type":"bedrooms","field_label":"Bathrooms","placeholder":"Bathrooms","width":"16","width_mobile":"50","radius_from":"1","radius_to":"100","radius_default":"32","price_from_text":"From","price_to_text":"To","width_tablet":"","data_live_search":"","slider_width":{"unit":"px","size":50,"sizes":[]},"slider_width_tablet":{"unit":"px","size":"","sizes":[]},"slider_width_mobile":{"unit":"px","size":"","sizes":[]},"is_multiple":"","select_all_btns":"false","selected_count_text":"items selected","hidden_desktop":"","hidden_tablet":"","hidden_phone":""},{"_id":"field-min-area","field_type":"min-area","field_label":"Min. Area","placeholder":"Min. Area","width":"16","width_mobile":"50","radius_from":"1","radius_to":"100","radius_default":"32","price_from_text":"From","price_to_text":"To","width_tablet":"","data_live_search":"","slider_width":{"unit":"px","size":50,"sizes":[]},"slider_width_tablet":{"unit":"px","size":"","sizes":[]},"slider_width_mobile":{"unit":"px","size":"","sizes":[]},"is_multiple":"","select_all_btns":"false","selected_count_text":"items selected","hidden_desktop":"","hidden_tablet":"","hidden_phone":""},{"_id":"field-max-area","field_type":"max-area","field_label":"Max. Area","placeholder":"Max. Area","width":"16","width_mobile":"50","radius_from":"1","radius_to":"100","radius_default":"32","price_from_text":"From","price_to_text":"To","width_tablet":"","data_live_search":"","slider_width":{"unit":"px","size":50,"sizes":[]},"slider_width_tablet":{"unit":"px","size":"","sizes":[]},"slider_width_mobile":{"unit":"px","size":"","sizes":[]},"is_multiple":"","select_all_btns":"false","selected_count_text":"items selected","hidden_desktop":"","hidden_tablet":"","hidden_phone":""},{"_id":"field-search-btn","field_type":"search-button","field_label":"Search Button","placeholder":"Search","width":"16","radius_from":"1","radius_to":"100","radius_default":"32","price_from_text":"From","price_to_text":"To","width_tablet":"","width_mobile":"","data_live_search":"","slider_width":{"unit":"px","size":50,"sizes":[]},"slider_width_tablet":{"unit":"px","size":"","sizes":[]},"slider_width_mobile":{"unit":"px","size":"","sizes":[]},"is_multiple":"","select_all_btns":"false","selected_count_text":"items selected","hidden_desktop":"","hidden_tablet":"","hidden_phone":""},{"field_type":"price-range","field_label":"Price Range","placeholder":"","radius_from":"1","radius_to":"100","radius_default":"32","price_from_text":"From","price_to_text":"To","width":"100","width_tablet":"","width_mobile":"","data_live_search":"","slider_width":{"unit":"px","size":50,"sizes":[]},"slider_width_tablet":{"unit":"px","size":"","sizes":[]},"slider_width_mobile":{"unit":"px","size":"","sizes":[]},"is_multiple":"","select_all_btns":"false","selected_count_text":"items selected","hidden_desktop":"","hidden_tablet":"","hidden_phone":"","_id":"e0017b8"}],"show_tabs":"","tabs_field":"property_city","city_data":[],"tabs_all_text":"All","button_background_color":"#FAB93E","button_background_hover_color":"rgba(250, 185, 62, 0.82)"},"elements":[],"isInner":false,"widgetType":"houzez_elementor_search_builder","elType":"widget"}],"isInner":false,"elType":"column"}],"isInner":false,"elType":"section"},{"id":"4828474f","settings":[],"elements":[{"id":"1ec4d1e4","settings":{"_column_size":100,"_inline_size":null},"elements":[{"id":"6f894a64","settings":{"space":{"unit":"px","size":30,"sizes":[]}},"elements":[],"isInner":false,"widgetType":"spacer","elType":"widget"},{"id":"325e8b3a","settings":{"gap":"extended","structure":"30","content_position":"bottom"},"elements":[{"id":"1e66e684","settings":{"_column_size":33,"_inline_size":null,"space_between_widgets":30},"elements":[{"id":"6d5a10a0","settings":{"hz_section_title":"Real Estate In United States","hz_section_subtitle":"Lorem ipsum dolor sit amet, consectetur adipiscing elit, sed do eiusmod tempor incidi dunt ","section_title_typography_typography":"custom","section_title_typography_font_size":{"unit":"px","size":30,"sizes":[]},"section_title_typography_font_weight":"300","section_subtitle_typography_typography":"custom","houzez_section_title_color":"#000000","houzez_section_subtitle_color":"#7A7A7A","homey_main_title_spacing":{"unit":"px","size":30,"sizes":[]},"homey_subtitle_spacing":{"unit":"px","size":0,"sizes":[]},"_animation":"fadeIn","animation_duration":"slow","section_title_typography_font_size_mobile":{"unit":"px","size":25,"sizes":[]},"section_subtitle_typography_font_size_mobile":{"unit":"px","size":16,"sizes":[]},"houzez_section_title_margin_bottom":{"unit":"px","size":0,"sizes":[]},"_padding":{"unit":"px","top":"0","right":"80","bottom":"0","left":"0","isLinked":false},"_background_color":"#FFFFFF","houzez_section_title_align":"left"},"elements":[],"isInner":false,"widgetType":"houzez_elementor_section_title","elType":"widget"},{"id":"568b7327","settings":{"width":{"unit":"%","size":30,"sizes":[]},"text":"Divider","color":"#FAB93E","align":"left","style":"slashes","gap":{"unit":"px","size":2,"sizes":[]},"_margin":{"unit":"px","top":"0","right":"0","bottom":"60","left":"0","isLinked":false},"_padding":{"unit":"px","top":"0","right":"0","bottom":"0","left":"0","isLinked":false}},"elements":[],"isInner":false,"widgetType":"divider","elType":"widget"},{"id":"33df0e8a","settings":{"grid_data":"dynamic","more_text":"More Details","tax_type":"apartment","more_text_d":"More Details","grid_title_typography_typography":"custom","grid_subtitle_typography_typography":"custom","_animation":"fadeIn","animation_duration":"slow","grid_padding":{"unit":"px","size":30,"sizes":[]},"_box_shadow_box_shadow_type":"yes","_box_shadow_box_shadow":{"horizontal":0,"vertical":10,"blur":20,"spread":0,"color":"rgba(0, 0, 0, 0.1)"},"grid_image_size":"large","grid_item_margin":{"unit":"px","size":30,"sizes":[]},"grid_type":"grid-item-v2","image":{"id":3525,"url":"https:\/\/demo13.houzez.co\/wp-content\/uploads\/2020\/03\/placeholder.png"},"tax_custom_image":{"id":3525,"url":"https:\/\/demo13.houzez.co\/wp-content\/uploads\/2020\/03\/placeholder.png"},"grid_taxonomy":"property_city","tax_city":"cleveland"},"elements":[],"isInner":false,"widgetType":"Houzez_elementor_grid_builder","elType":"widget"}],"isInner":true,"elType":"column"},{"id":"f1fbbe9","settings":{"_column_size":33,"_inline_size":null,"space_between_widgets":30},"elements":[{"id":"23671ef4","settings":{"grid_data":"dynamic","more_text":"More Details","tax_type":"apartment","more_text_d":"More Details","grid_title_typography_typography":"custom","grid_subtitle_typography_typography":"custom","_animation":"fadeIn","animation_duration":"slow","grid_padding":{"unit":"px","size":30,"sizes":[]},"_box_shadow_box_shadow_type":"yes","_box_shadow_box_shadow":{"horizontal":0,"vertical":10,"blur":20,"spread":0,"color":"rgba(0, 0, 0, 0.1)"},"grid_image_size":"large","grid_item_margin":{"unit":"px","size":30,"sizes":[]},"grid_type":"grid-item-v2","image":{"id":3525,"url":"https:\/\/demo13.houzez.co\/wp-content\/uploads\/2020\/03\/placeholder.png"},"tax_custom_image":{"id":3525,"url":"https:\/\/demo13.houzez.co\/wp-content\/uploads\/2020\/03\/placeholder.png"},"grid_taxonomy":"property_city","tax_city":"new-york"},"elements":[],"isInner":false,"widgetType":"Houzez_elementor_grid_builder","elType":"widget"},{"id":"776d529","settings":{"grid_data":"dynamic","more_text":"More Details","tax_type":"apartment","more_text_d":"More Details","grid_title_typography_typography":"custom","grid_subtitle_typography_typography":"custom","_animation":"fadeIn","animation_duration":"slow","grid_padding":{"unit":"px","size":30,"sizes":[]},"_box_shadow_box_shadow_type":"yes","_box_shadow_box_shadow":{"horizontal":0,"vertical":10,"blur":20,"spread":0,"color":"rgba(0, 0, 0, 0.1)"},"grid_image_size":"large","grid_item_margin":{"unit":"px","size":30,"sizes":[]},"grid_type":"grid-item-v2","image":{"id":3525,"url":"https:\/\/demo13.houzez.co\/wp-content\/uploads\/2020\/03\/placeholder.png"},"tax_custom_image":{"id":3525,"url":"https:\/\/demo13.houzez.co\/wp-content\/uploads\/2020\/03\/placeholder.png"},"grid_taxonomy":"property_city","tax_city":"los-angeles"},"elements":[],"isInner":false,"widgetType":"Houzez_elementor_grid_builder","elType":"widget"}],"isInner":true,"elType":"column"},{"id":"4ae61328","settings":{"_column_size":33,"_inline_size":null},"elements":[{"id":"5cb1d30e","settings":{"grid_data":"dynamic","more_text":"More Details","tax_type":"apartment","more_text_d":"More Details","grid_title_typography_typography":"custom","grid_subtitle_typography_typography":"custom","_animation":"fadeIn","animation_duration":"slow","grid_padding":{"unit":"px","size":30,"sizes":[]},"_box_shadow_box_shadow_type":"yes","_box_shadow_box_shadow":{"horizontal":0,"vertical":10,"blur":20,"spread":0,"color":"rgba(0, 0, 0, 0.1)"},"grid_image_size":"large","grid_item_margin":{"unit":"px","size":30,"sizes":[]},"grid_type":"grid-item-v2","image":{"id":3525,"url":"https:\/\/demo13.houzez.co\/wp-content\/uploads\/2020\/03\/placeholder.png"},"tax_custom_image":{"id":3525,"url":"https:\/\/demo13.houzez.co\/wp-content\/uploads\/2020\/03\/placeholder.png"},"grid_taxonomy":"property_city","tax_city":"miami"},"elements":[],"isInner":false,"widgetType":"Houzez_elementor_grid_builder","elType":"widget"},{"id":"13f872c5","settings":{"grid_data":"dynamic","more_text":"More Details","tax_type":"apartment","more_text_d":"More Details","grid_title_typography_typography":"custom","grid_subtitle_typography_typography":"custom","_animation":"fadeIn","animation_duration":"slow","grid_padding":{"unit":"px","size":30,"sizes":[]},"_box_shadow_box_shadow_type":"yes","_box_shadow_box_shadow":{"horizontal":0,"vertical":10,"blur":20,"spread":0,"color":"rgba(0, 0, 0, 0.1)"},"grid_image_size":"large","grid_item_margin":{"unit":"px","size":30,"sizes":[]},"grid_type":"grid-item-v2","image":{"id":3525,"url":"https:\/\/demo13.houzez.co\/wp-content\/uploads\/2020\/03\/placeholder.png"},"tax_custom_image":{"id":3525,"url":"https:\/\/demo13.houzez.co\/wp-content\/uploads\/2020\/03\/placeholder.png"},"grid_taxonomy":"property_city","tax_city":"chicago"},"elements":[],"isInner":false,"widgetType":"Houzez_elementor_grid_builder","elType":"widget"}],"isInner":true,"elType":"column"}],"isInner":true,"elType":"section"},{"id":"3c8ac381","settings":[],"elements":[],"isInner":false,"widgetType":"spacer","elType":"widget"}],"isInner":false,"elType":"column"}],"isInner":false,"elType":"section"},{"id":"193b86db","settings":{"background_background":"classic","background_color":"#FFFFFF"},"elements":[{"id":"79f237ac","settings":{"_column_size":100,"_inline_size":null},"elements":[{"id":"978adbe","settings":{"space":{"unit":"px","size":30,"sizes":[]}},"elements":[],"isInner":false,"widgetType":"spacer","elType":"widget"},{"id":"5b75c3a8","settings":{"gap":"extended","structure":"30","content_position":"middle"},"elements":[{"id":"1a0c9169","settings":{"_column_size":33,"_inline_size":null,"space_between_widgets":30,"content_position":"bottom"},"elements":[{"id":"30c5642d","settings":{"hz_section_title":"Real Estate In Europe","hz_section_subtitle":"Lorem ipsum dolor sit amet, consectetur adipiscing elit, sed do eiusmod tempor incidi dunt ","section_title_typography_typography":"custom","section_title_typography_font_size":{"unit":"px","size":30,"sizes":[]},"section_title_typography_font_weight":"300","section_subtitle_typography_typography":"custom","houzez_section_title_color":"#000000","houzez_section_subtitle_color":"#7A7A7A","homey_main_title_spacing":{"unit":"px","size":30,"sizes":[]},"homey_subtitle_spacing":{"unit":"px","size":0,"sizes":[]},"_animation":"fadeIn","animation_duration":"slow","section_title_typography_font_size_mobile":{"unit":"px","size":25,"sizes":[]},"section_subtitle_typography_font_size_mobile":{"unit":"px","size":16,"sizes":[]},"houzez_section_title_margin_bottom":{"unit":"px","size":0,"sizes":[]},"_padding":{"unit":"px","top":"0","right":"80","bottom":"0","left":"0","isLinked":false},"_background_color":"#FFFFFF","houzez_section_title_align":"left"},"elements":[],"isInner":false,"widgetType":"houzez_elementor_section_title","elType":"widget"},{"id":"52b4f6cc","settings":{"width":{"unit":"%","size":30,"sizes":[]},"text":"Divider","color":"#FAB93E","align":"left","style":"slashes","gap":{"unit":"px","size":2,"sizes":[]},"_margin":{"unit":"px","top":"0","right":"0","bottom":"60","left":"0","isLinked":false},"_padding":{"unit":"px","top":"0","right":"0","bottom":"0","left":"0","isLinked":false}},"elements":[],"isInner":false,"widgetType":"divider","elType":"widget"},{"id":"37601cd5","settings":{"grid_data":"dynamic","more_text":"More Details","tax_type":"apartment","more_text_d":"More Details","grid_title_typography_typography":"custom","grid_subtitle_typography_typography":"custom","_animation":"fadeIn","animation_duration":"slow","grid_padding":{"unit":"px","size":30,"sizes":[]},"_box_shadow_box_shadow_type":"yes","_box_shadow_box_shadow":{"horizontal":0,"vertical":10,"blur":20,"spread":0,"color":"rgba(0, 0, 0, 0.1)"},"grid_image_size":"large","grid_item_margin":{"unit":"px","size":30,"sizes":[]},"grid_type":"grid-item-v2","image":{"id":3525,"url":"https:\/\/demo13.houzez.co\/wp-content\/uploads\/2020\/03\/placeholder.png"},"tax_custom_image":{"id":3525,"url":"https:\/\/demo13.houzez.co\/wp-content\/uploads\/2020\/03\/placeholder.png"},"grid_taxonomy":"property_city","tax_city":"london"},"elements":[],"isInner":false,"widgetType":"Houzez_elementor_grid_builder","elType":"widget"}],"isInner":true,"elType":"column"},{"id":"76f29b92","settings":{"_column_size":33,"_inline_size":null,"space_between_widgets":30},"elements":[{"id":"20fe319d","settings":{"grid_data":"dynamic","more_text":"More Details","tax_type":"apartment","more_text_d":"More Details","grid_title_typography_typography":"custom","grid_subtitle_typography_typography":"custom","_animation":"fadeIn","animation_duration":"slow","grid_padding":{"unit":"px","size":30,"sizes":[]},"_box_shadow_box_shadow_type":"yes","_box_shadow_box_shadow":{"horizontal":0,"vertical":10,"blur":20,"spread":0,"color":"rgba(0, 0, 0, 0.1)"},"grid_image_size":"large","grid_item_margin":{"unit":"px","size":30,"sizes":[]},"grid_type":"grid-item-v2","image":{"id":3525,"url":"https:\/\/demo13.houzez.co\/wp-content\/uploads\/2020\/03\/placeholder.png"},"tax_custom_image":{"id":3525,"url":"https:\/\/demo13.houzez.co\/wp-content\/uploads\/2020\/03\/placeholder.png"},"grid_taxonomy":"property_city","tax_city":"paris"},"elements":[],"isInner":false,"widgetType":"Houzez_elementor_grid_builder","elType":"widget"},{"id":"24446edb","settings":{"grid_data":"dynamic","more_text":"More Details","tax_type":"apartment","more_text_d":"More Details","grid_title_typography_typography":"custom","grid_subtitle_typography_typography":"custom","_animation":"fadeIn","animation_duration":"slow","grid_padding":{"unit":"px","size":30,"sizes":[]},"_box_shadow_box_shadow_type":"yes","_box_shadow_box_shadow":{"horizontal":0,"vertical":10,"blur":20,"spread":0,"color":"rgba(0, 0, 0, 0.1)"},"grid_image_size":"large","grid_item_margin":{"unit":"px","size":30,"sizes":[]},"grid_type":"grid-item-v2","image":{"id":3525,"url":"https:\/\/demo13.houzez.co\/wp-content\/uploads\/2020\/03\/placeholder.png"},"tax_custom_image":{"id":3525,"url":"https:\/\/demo13.houzez.co\/wp-content\/uploads\/2020\/03\/placeholder.png"},"grid_taxonomy":"property_city","tax_city":"amsterdam"},"elements":[],"isInner":false,"widgetType":"Houzez_elementor_grid_builder","elType":"widget"}],"isInner":true,"elType":"column"},{"id":"116de00e","settings":{"_column_size":33,"_inline_size":null,"content_position":"bottom"},"elements":[{"id":"6e79286a","settings":{"grid_data":"dynamic","more_text":"More Details","tax_type":"apartment","more_text_d":"More Details","grid_title_typography_typography":"custom","grid_subtitle_typography_typography":"custom","_animation":"fadeIn","animation_duration":"slow","grid_padding":{"unit":"px","size":30,"sizes":[]},"_box_shadow_box_shadow_type":"yes","_box_shadow_box_shadow":{"horizontal":0,"vertical":10,"blur":20,"spread":0,"color":"rgba(0, 0, 0, 0.1)"},"grid_image_size":"large","grid_item_margin":{"unit":"px","size":30,"sizes":[]},"grid_type":"grid-item-v2","image":{"id":3525,"url":"https:\/\/demo13.houzez.co\/wp-content\/uploads\/2020\/03\/placeholder.png"},"tax_custom_image":{"id":3525,"url":"https:\/\/demo13.houzez.co\/wp-content\/uploads\/2020\/03\/placeholder.png"},"grid_taxonomy":"property_city","tax_city":"barcelona"},"elements":[],"isInner":false,"widgetType":"Houzez_elementor_grid_builder","elType":"widget"},{"id":"7b8fc248","settings":{"grid_data":"dynamic","more_text":"More Details","tax_type":"apartment","more_text_d":"More Details","grid_title_typography_typography":"custom","grid_subtitle_typography_typography":"custom","_animation":"fadeIn","animation_duration":"slow","grid_padding":{"unit":"px","size":30,"sizes":[]},"_box_shadow_box_shadow_type":"yes","_box_shadow_box_shadow":{"horizontal":0,"vertical":10,"blur":20,"spread":0,"color":"rgba(0, 0, 0, 0.1)"},"grid_image_size":"large","grid_item_margin":{"unit":"px","size":30,"sizes":[]},"grid_type":"grid-item-v2","image":{"id":3525,"url":"https:\/\/demo13.houzez.co\/wp-content\/uploads\/2020\/03\/placeholder.png"},"tax_custom_image":{"id":3525,"url":"https:\/\/demo13.houzez.co\/wp-content\/uploads\/2020\/03\/placeholder.png"},"grid_taxonomy":"property_city","tax_city":"rome"},"elements":[],"isInner":false,"widgetType":"Houzez_elementor_grid_builder","elType":"widget"}],"isInner":true,"elType":"column"}],"isInner":true,"elType":"section"},{"id":"11af0a4b","settings":[],"elements":[],"isInner":false,"widgetType":"spacer","elType":"widget"}],"isInner":false,"elType":"column"}],"isInner":false,"elType":"section"},{"id":"1dc71ef5","settings":[],"elements":[{"id":"75549c0a","settings":{"_column_size":100,"_inline_size":null},"elements":[{"id":"5be3998c","settings":{"space":{"unit":"px","size":30,"sizes":[]}},"elements":[],"isInner":false,"widgetType":"spacer","elType":"widget"},{"id":"7f024d11","settings":{"gap":"extended","structure":"30","content_position":"middle"},"elements":[{"id":"1d5a909a","settings":{"_column_size":33,"_inline_size":null,"space_between_widgets":30,"content_position":"bottom"},"elements":[{"id":"697b8210","settings":{"hz_section_title":"Real Estate In East and Australia","hz_section_subtitle":"Lorem ipsum dolor sit amet, consectetur adipiscing elit, sed do eiusmod tempor incidi dunt ","section_title_typography_typography":"custom","section_title_typography_font_size":{"unit":"px","size":30,"sizes":[]},"section_title_typography_font_weight":"300","section_subtitle_typography_typography":"custom","houzez_section_title_color":"#000000","houzez_section_subtitle_color":"#7A7A7A","homey_main_title_spacing":{"unit":"px","size":30,"sizes":[]},"homey_subtitle_spacing":{"unit":"px","size":0,"sizes":[]},"_animation":"fadeIn","animation_duration":"slow","section_title_typography_font_size_mobile":{"unit":"px","size":25,"sizes":[]},"section_subtitle_typography_font_size_mobile":{"unit":"px","size":16,"sizes":[]},"houzez_section_title_margin_bottom":{"unit":"px","size":0,"sizes":[]},"_padding":{"unit":"px","top":"0","right":"80","bottom":"0","left":"0","isLinked":false},"_background_color":"#FFFFFF","houzez_section_title_align":"left"},"elements":[],"isInner":false,"widgetType":"houzez_elementor_section_title","elType":"widget"},{"id":"695977b","settings":{"width":{"unit":"%","size":30,"sizes":[]},"text":"Divider","color":"#FAB93E","align":"left","style":"slashes","gap":{"unit":"px","size":2,"sizes":[]},"_margin":{"unit":"px","top":"0","right":"0","bottom":"60","left":"0","isLinked":false},"_padding":{"unit":"px","top":"0","right":"0","bottom":"0","left":"0","isLinked":false}},"elements":[],"isInner":false,"widgetType":"divider","elType":"widget"},{"id":"326f0cb3","settings":{"grid_data":"dynamic","more_text":"More Details","tax_type":"apartment","more_text_d":"More Details","grid_title_typography_typography":"custom","grid_subtitle_typography_typography":"custom","_animation":"fadeIn","animation_duration":"slow","grid_padding":{"unit":"px","size":30,"sizes":[]},"_box_shadow_box_shadow_type":"yes","_box_shadow_box_shadow":{"horizontal":0,"vertical":10,"blur":20,"spread":0,"color":"rgba(0, 0, 0, 0.1)"},"grid_image_size":"large","grid_item_margin":{"unit":"px","size":30,"sizes":[]},"grid_type":"grid-item-v2","image":{"id":3525,"url":"https:\/\/demo13.houzez.co\/wp-content\/uploads\/2020\/03\/placeholder.png"},"tax_custom_image":{"id":3525,"url":"https:\/\/demo13.houzez.co\/wp-content\/uploads\/2020\/03\/placeholder.png"},"grid_taxonomy":"property_city","tax_city":"sydney"},"elements":[],"isInner":false,"widgetType":"Houzez_elementor_grid_builder","elType":"widget"}],"isInner":true,"elType":"column"},{"id":"24d165c4","settings":{"_column_size":33,"_inline_size":null,"space_between_widgets":30},"elements":[{"id":"24fc7dff","settings":{"grid_data":"dynamic","more_text":"More Details","tax_type":"apartment","more_text_d":"More Details","grid_title_typography_typography":"custom","grid_subtitle_typography_typography":"custom","_animation":"fadeIn","animation_duration":"slow","grid_padding":{"unit":"px","size":30,"sizes":[]},"_box_shadow_box_shadow_type":"yes","_box_shadow_box_shadow":{"horizontal":0,"vertical":10,"blur":20,"spread":0,"color":"rgba(0, 0, 0, 0.1)"},"grid_image_size":"large","grid_item_margin":{"unit":"px","size":30,"sizes":[]},"grid_type":"grid-item-v2","image":{"id":3525,"url":"https:\/\/demo13.houzez.co\/wp-content\/uploads\/2020\/03\/placeholder.png"},"tax_custom_image":{"id":3525,"url":"https:\/\/demo13.houzez.co\/wp-content\/uploads\/2020\/03\/placeholder.png"},"grid_taxonomy":"property_city","tax_city":"bangkok"},"elements":[],"isInner":false,"widgetType":"Houzez_elementor_grid_builder","elType":"widget"},{"id":"55d62ba7","settings":{"grid_data":"dynamic","more_text":"More Details","tax_type":"apartment","more_text_d":"More Details","grid_title_typography_typography":"custom","grid_subtitle_typography_typography":"custom","_animation":"fadeIn","animation_duration":"slow","grid_padding":{"unit":"px","size":30,"sizes":[]},"_box_shadow_box_shadow_type":"yes","_box_shadow_box_shadow":{"horizontal":0,"vertical":10,"blur":20,"spread":0,"color":"rgba(0, 0, 0, 0.1)"},"grid_image_size":"large","grid_item_margin":{"unit":"px","size":30,"sizes":[]},"grid_type":"grid-item-v2","image":{"id":3525,"url":"https:\/\/demo13.houzez.co\/wp-content\/uploads\/2020\/03\/placeholder.png"},"tax_custom_image":{"id":3525,"url":"https:\/\/demo13.houzez.co\/wp-content\/uploads\/2020\/03\/placeholder.png"},"grid_taxonomy":"property_city","tax_city":"jakarta"},"elements":[],"isInner":false,"widgetType":"Houzez_elementor_grid_builder","elType":"widget"}],"isInner":true,"elType":"column"},{"id":"38c9d889","settings":{"_column_size":33,"_inline_size":null,"content_position":"bottom"},"elements":[{"id":"341c39e8","settings":{"grid_data":"dynamic","more_text":"More Details","tax_type":"apartment","more_text_d":"More Details","grid_title_typography_typography":"custom","grid_subtitle_typography_typography":"custom","_animation":"fadeIn","animation_duration":"slow","grid_padding":{"unit":"px","size":30,"sizes":[]},"_box_shadow_box_shadow_type":"yes","_box_shadow_box_shadow":{"horizontal":0,"vertical":10,"blur":20,"spread":0,"color":"rgba(0, 0, 0, 0.1)"},"grid_image_size":"large","grid_item_margin":{"unit":"px","size":30,"sizes":[]},"grid_type":"grid-item-v2","image":{"id":3525,"url":"https:\/\/demo13.houzez.co\/wp-content\/uploads\/2020\/03\/placeholder.png"},"tax_custom_image":{"id":3525,"url":"https:\/\/demo13.houzez.co\/wp-content\/uploads\/2020\/03\/placeholder.png"},"grid_taxonomy":"property_city","tax_city":"dubai"},"elements":[],"isInner":false,"widgetType":"Houzez_elementor_grid_builder","elType":"widget"},{"id":"3287feb5","settings":{"grid_data":"dynamic","more_text":"More Details","tax_type":"apartment","more_text_d":"More Details","grid_title_typography_typography":"custom","grid_subtitle_typography_typography":"custom","_animation":"fadeIn","animation_duration":"slow","grid_padding":{"unit":"px","size":30,"sizes":[]},"_box_shadow_box_shadow_type":"yes","_box_shadow_box_shadow":{"horizontal":0,"vertical":10,"blur":20,"spread":0,"color":"rgba(0, 0, 0, 0.1)"},"grid_image_size":"large","grid_item_margin":{"unit":"px","size":30,"sizes":[]},"grid_type":"grid-item-v2","image":{"id":3525,"url":"https:\/\/demo13.houzez.co\/wp-content\/uploads\/2020\/03\/placeholder.png"},"tax_custom_image":{"id":3525,"url":"https:\/\/demo13.houzez.co\/wp-content\/uploads\/2020\/03\/placeholder.png"},"grid_taxonomy":"property_city","tax_city":"tokyo"},"elements":[],"isInner":false,"widgetType":"Houzez_elementor_grid_builder","elType":"widget"}],"isInner":true,"elType":"column"}],"isInner":true,"elType":"section"},{"id":"64e689ef","settings":[],"elements":[],"isInner":false,"widgetType":"spacer","elType":"widget"}],"isInner":false,"elType":"column"}],"isInner":false,"elType":"section"},{"id":"5a71d57a","settings":{"custom_height":{"unit":"px","size":760,"sizes":[]},"content_position":"middle","background_color":"#FFFFFF","background_position":"center right","background_repeat":"no-repeat","background_size":"auto","background_overlay_opacity":{"unit":"px","size":0.9,"sizes":[]},"css_filters_blur":{"unit":"px","size":2,"sizes":[]},"stretch_section":"section-stretched","layout":"full_width","gap":"wide","background_bg_width":{"unit":"%","size":15,"sizes":[]},"background_overlay_color":"#005A84","overlay_blend_mode":"multiply","background_background":"classic"},"elements":[{"id":"20c1f9a8","settings":{"_column_size":100,"_inline_size":null},"elements":[{"id":"2d0ed13f","settings":{"height":{"unit":"px","size":50,"sizes":[]}},"elements":[],"isInner":false,"widgetType":"houzez_elementor_space","elType":"widget"},{"id":"362d669e","settings":{"gap":"extended","content_position":"middle","reverse_order_mobile":"reverse-mobile"},"elements":[{"id":"7fc3c80b","settings":{"_column_size":100,"_inline_size":null},"elements":[{"id":"7ecd49c9","settings":{"hz_section_title":"Check Our Selection Of Finest Properties","section_title_typography_typography":"custom","section_title_typography_font_size":{"unit":"px","size":35,"sizes":[]},"section_title_typography_font_weight":"300","section_subtitle_typography_typography":"custom","houzez_section_title_color":"#000000","houzez_section_subtitle_color":"#7A7A7A","_animation":"fadeIn","animation_duration":"slow","houzez_section_title_margin_bottom":{"unit":"px","size":20,"sizes":[]},"hz_section_subtitle":"Lorem ipsum dolor sit amet, consectetur adipisicing elit","section_title_typography_font_size_mobile":{"unit":"px","size":25,"sizes":[]},"section_title_typography_line_height_mobile":{"unit":"em","size":1.4,"sizes":[]},"section_subtitle_typography_font_size_mobile":{"unit":"px","size":16,"sizes":[]}},"elements":[],"isInner":false,"widgetType":"houzez_elementor_section_title","elType":"widget"},{"id":"4e8c8322","settings":{"posts_limit":"6","property_type":[],"property_status":[],"_animation":"fadeIn","animation_duration":"slow","hide_compare":"none","hide_favorite":"none","hide_preview":"none","hz_property_title_typography":"custom","hz_property_title_font_weight":"300","hz_item_price_typography":"custom","hz_item_price_font_size":{"unit":"px","size":16,"sizes":[]},"hz_item_area-postfix_typography":"custom","hz_item_area-postfix_font_size":{"unit":"px","size":14,"sizes":[]}},"elements":[],"isInner":false,"widgetType":"houzez_elementor_property-card-v3","elType":"widget"}],"isInner":true,"elType":"column"}],"isInner":true,"elType":"section"},{"id":"6899148b","settings":{"height":{"unit":"px","size":70,"sizes":[]}},"elements":[],"isInner":false,"widgetType":"houzez_elementor_space","elType":"widget"}],"isInner":false,"elType":"column"}],"isInner":false,"elType":"section"},{"id":"3ec6c96","settings":{"custom_height":{"unit":"px","size":760,"sizes":[]},"content_position":"middle","background_color":"#FFFFFF","background_position":"center center","background_repeat":"no-repeat","background_size":"cover","background_overlay_background":"classic","background_overlay_opacity":{"unit":"px","size":0.2,"sizes":[]},"css_filters_blur":{"unit":"px","size":2,"sizes":[]},"stretch_section":"section-stretched","layout":"full_width","gap":"wide","css_filters_css_filter":"custom"},"elements":[{"id":"6aebc7d7","settings":{"_column_size":100,"_inline_size":null},"elements":[{"id":"5f8bb01d","settings":[],"elements":[],"isInner":false,"widgetType":"houzez_elementor_space","elType":"widget"},{"id":"6ab0e5bb","settings":{"gap":"extended"},"elements":[{"id":"70f9902b","settings":{"_column_size":100,"_inline_size":null,"content_position":"bottom"},"elements":[{"id":"f3b2213","settings":{"hz_section_title":"Testimonials","section_title_typography_typography":"custom","section_title_typography_font_size":{"unit":"px","size":35,"sizes":[]},"section_title_typography_font_weight":"300","section_subtitle_typography_typography":"custom","houzez_section_title_margin_bottom":{"unit":"px","size":20,"sizes":[]},"_animation":"fadeIn","animation_duration":"slow","hz_section_subtitle":"Lorem ipsum dolor sit amet, consectetur adipisicing elit","houzez_section_title_color":"#000000","houzez_section_subtitle_color":"#7A7A7A","section_title_typography_font_size_mobile":{"unit":"px","size":25,"sizes":[]},"section_title_typography_line_height_mobile":{"unit":"em","size":1.4,"sizes":[]},"section_subtitle_typography_font_size_mobile":{"unit":"px","size":16,"sizes":[]}},"elements":[],"isInner":false,"widgetType":"houzez_elementor_section_title","elType":"widget"},{"id":"560197c2","settings":{"posts_limit":"3","houzez_testi_v2_text_color":"#000000","houzez_testi_v2_bg_color":"#FFFFFF","_animation":"fadeIn","animation_duration":"slow"},"elements":[],"isInner":false,"widgetType":"houzez_elementor_testimonials_v2","elType":"widget"}],"isInner":true,"elType":"column"}],"isInner":true,"elType":"section"},{"id":"67b0a20d","settings":{"height":{"unit":"px","size":70,"sizes":[]}},"elements":[],"isInner":false,"widgetType":"houzez_elementor_space","elType":"widget"}],"isInner":false,"elType":"column"}],"isInner":false,"elType":"section"},{"id":"4f5d18cf","settings":{"background_background":"classic","background_color":"#FFFFFF","structure":"50","padding":{"unit":"px","top":"15","right":"0","bottom":"15","left":"0","isLinked":false},"border_border":"solid","border_width":{"unit":"px","top":"1","right":"0","bottom":"0","left":"0","isLinked":false},"border_color":"#ECECEC","hide_tablet":"hidden-tablet","hide_mobile":"hidden-phone"},"elements":[{"id":"546749e8","settings":{"_column_size":20,"_inline_size":null},"elements":[{"id":"43943b99","settings":{"image":{"id":3529,"url":"https:\/\/demo13.houzez.co\/wp-content\/uploads\/2020\/03\/partner-01-e1582734705113.jpg"}},"elements":[],"isInner":false,"widgetType":"image","elType":"widget"}],"isInner":false,"elType":"column"},{"id":"7603484d","settings":{"_column_size":20,"_inline_size":null},"elements":[{"id":"a820412","settings":{"image":{"id":3530,"url":"https:\/\/demo13.houzez.co\/wp-content\/uploads\/2020\/03\/partner-02-e1582734691936.jpg"}},"elements":[],"isInner":false,"widgetType":"image","elType":"widget"}],"isInner":false,"elType":"column"},{"id":"2f7e8211","settings":{"_column_size":20,"_inline_size":null},"elements":[{"id":"71c1da82","settings":{"image":{"id":3531,"url":"https:\/\/demo13.houzez.co\/wp-content\/uploads\/2020\/03\/partner-04-e1582734649458.jpg"}},"elements":[],"isInner":false,"widgetType":"image","elType":"widget"}],"isInner":false,"elType":"column"},{"id":"16934046","settings":{"_column_size":20,"_inline_size":null},"elements":[{"id":"4bd973f4","settings":{"image":{"id":3532,"url":"https:\/\/demo13.houzez.co\/wp-content\/uploads\/2020\/03\/partner-03-e1582734671602.jpg"}},"elements":[],"isInner":false,"widgetType":"image","elType":"widget"}],"isInner":false,"elType":"column"},{"id":"7e6172aa","settings":{"_column_size":20,"_inline_size":null},"elements":[{"id":"639abbfa","settings":{"image":{"id":3533,"url":"https:\/\/demo13.houzez.co\/wp-content\/uploads\/2020\/03\/partner-05-e1582734603812.jpg"}},"elements":[],"isInner":false,"widgetType":"image","elType":"widget"}],"isInner":false,"elType":"column"}],"isInner":false,"elType":"section"}]}