{"default-sidebar":{"categories-2":{"title":"Topics","count":1,"hierarchical":0,"dropdown":0},"archives-3":{"title":"Archives","count":1,"dropdown":0}},"property-listing":{"houzez_property_taxonomies-6":{"title":"Property Type","taxonomy":"property_type","tax_count":"no","tax_child":"yes"},"houzez_featured_properties-8":{"title":"Featured","items_num":"5","widget_type":"slider"},"houzez_property_taxonomies-7":{"title":"Property Status","taxonomy":"property_status","tax_count":"yes","tax_child":"no"}},"search-sidebar":{"mc4wp_form_widget-6":{"title":"Newsletter"},"mc4wp_form_widget-7":{"title":"Newsletter"},"mc4wp_form_widget-8":{"title":"Newsletter"},"mc4wp_form_widget-9":{"title":"Newsletter"}},"page-sidebar":{"houzez_featured_properties-12":{"title":"Featured","items_num":"5","widget_type":"entries"}},"agent-sidebar":{"houzez_contact-6":{"title":"Help","about_text":"Lorem ipsum dolor sit amet, consectetur adipiscing elit. Quisque quis ligula eu lectus vulputate porttitor sed feugiat nunc. Mauris","phone":" Call us FREE +1 (800) 990 8877","fax":"+1 (678) 465 8827","email":"email@email.com","address":" 774 NE 84th St Miami, FL 33879","more_url":""}},"footer-sidebar-1":{"houzez_about_widget-3":{"title":"About Site","img_url":"https:\/\/demo07.houzez.co\/wp-content\/uploads\/2016\/06\/logo-houzez-white.png","about_text":"Houzez is a premium WordPress theme for real estate where modern aesthetics are combined with tasteful simplicity.","more_url":"http:\/\/demo07.houzez.co\/about-houzez\/"}},"footer-sidebar-2":{"houzez_contact-5":{"title":"Contact Us","about_text":"","phone":"Call us FREE +1 (800) 990 8877","email":"email@email.com","address":"774 NE 84th St Miami, FL 33879","more_url":"http:\/\/demo07.houzez.co\/contact\/"}},"footer-sidebar-3":{"houzez_property_taxonomies-11":{"title":"Discover","taxonomy":"property_type","tax_count":"no","tax_child":"yes"}}}