{"default-sidebar":{"search-7":{"title":"Blog Search"},"categories-2":{"title":"Topics","count":1,"hierarchical":0,"dropdown":0},"tag_cloud-2":{"title":"Tags","taxonomy":"post_tag"},"nav_menu-2":{"title":"Pages Menu","nav_menu":45}},"property-listing":{"houzez_featured_properties-21":{"title":"Featured","items_num":"5","widget_type":"slider"},"houzez_property_taxonomies-14":{"title":"Explore","taxonomy":"property_type","tax_count":"no","tax_child":"yes"},"houzez_properties-5":{"title":"Properties","items_num":"5","prop_type":"","prop_status":"","prop_city":"","prop_area":"","prop_state":"","prop_label":""}},"search-sidebar":{"nav_menu-6":{"title":"Locations","nav_menu":1337},"nav_menu-5":{"title":"Lifestyles","nav_menu":1338}},"footer-sidebar-1":{"houzez_about_widget-2":{"title":"","img_url":"https:\/\/demo14.houzez.co\/wp-content\/uploads\/2018\/04\/logo-houzez-white.png","about_text":"Lorem ipsum dolor sit amet, consectetur adipiscing elit. Vestibulum at fermentum felis. Phasellus eget vehicula sem. Duis malesuada sapien nec quam gravida accumsan.","more_url":"https:\/\/demo14.houzez.co\/about-houzez\/"}},"footer-sidebar-2":{"houzez_property_taxonomies-15":{"title":"Discover","taxonomy":"property_type","tax_count":"no","tax_child":"yes"}},"footer-sidebar-3":{"houzez_contact-8":{"title":"Contact Us","about_text":"","phone":"485 409 4584","fax":"598 394 2304","email":"houzez@email.com","address":"8728 Harbor Dr, Miami Beach FL","more_url":""}}}