{"default-sidebar":{"search-7":{"title":"Blog Search"},"categories-2":{"title":"Topics","count":1,"hierarchical":0,"dropdown":0},"calendar-2":{"title":"Calendar"},"archives-2":{"title":"Archives","count":1,"dropdown":0},"recent-comments-2":{"title":"Recent Comments","number":5},"tag_cloud-2":{"title":"Tags","taxonomy":"post_tag"}},"property-listing":{"houzez_property_taxonomies-6":{"title":"Property Type","taxonomy":"property_type","tax_count":"yes","tax_child":"no"},"houzez_featured_properties-8":{"title":"Featured","items_num":"5","widget_type":"slider"},"houzez_property_taxonomies-7":{"title":"Property Status","taxonomy":"property_status","tax_count":"yes","tax_child":"no"}},"search-sidebar":{"houzez_properties-7":{"title":"Apartments","items_num":"5","prop_type":"apartment","prop_status":"","prop_city":"","prop_area":"","prop_state":"","prop_label":""}},"agent-sidebar":{"houzez_agent_search-2":{"title":"Find Agent"},"houzez_featured_properties-11":{"title":"Featured Properties","items_num":"5","widget_type":"slider"}},"footer-sidebar-1":{"houzez_about_widget-3":{"title":"","img_url":"https:\/\/demo05.houzez.co\/wp-content\/uploads\/2016\/08\/logo-houzez-white.png","about_text":"Lorem ipsum dolor sit amet, consectetur adipiscing elit. Duis mollis et sem sed sollicitudin. Donec non odio neque. Aliquam hendrerit sollicitudin purus, quis rutrum mi accumsan nec. ","more_url":""}},"footer-sidebar-2":{"houzez_property_taxonomies-10":{"title":"Discover","taxonomy":"property_city","tax_count":"no","tax_child":"no"}},"footer-sidebar-3":{"houzez_property_taxonomies-11":{"title":"Lifestyle","taxonomy":"property_type","tax_count":"no","tax_child":"no"}}}