{"version":"0.4","title":"Demo 11 &#8211; Homepage","type":"page","content":[{"id":"b15a125","settings":{"background_background":"classic","background_color":"#FFFFFF"},"elements":[{"id":"49b46386","settings":{"_column_size":100,"_inline_size":null},"elements":[{"id":"6d8582e7","settings":{"structure":"20"},"elements":[{"id":"3422613a","settings":{"_column_size":50,"_inline_size":null},"elements":[{"id":"5089fa75","settings":[],"elements":[],"isInner":false,"widgetType":"houzez_elementor_space","elType":"widget"},{"id":"778af390","settings":{"hz_section_title":"Discover Our Featured Apartments","hz_section_subtitle":"Vestibulum est mauris, cursus quis enim id, suscipit commodo magna. Aenean placerat sapien et augue rhoncus maximus.","section_title_typography_typography":"custom","section_title_typography_font_family":"Poppins","section_title_typography_font_size":{"unit":"px","size":35,"sizes":[]},"section_title_typography_font_weight":"400","section_title_typography_line_height":{"unit":"em","size":1.5,"sizes":[]},"section_subtitle_typography_typography":"custom","section_subtitle_typography_line_height":{"unit":"em","size":1.75,"sizes":[]},"houzez_section_title_align":"left"},"elements":[],"isInner":false,"widgetType":"houzez_elementor_section_title","elType":"widget"}],"isInner":true,"elType":"column"},{"id":"72fbfc3c","settings":{"_column_size":50,"_inline_size":null},"elements":[],"isInner":true,"elType":"column"}],"isInner":true,"elType":"section"},{"id":"7b44a545","settings":[],"elements":[{"id":"55f5449b","settings":{"_column_size":100,"_inline_size":null},"elements":[{"id":"47fcc49","settings":{"auto_speed":"3000","featured_prop":"yes","hide_compare":"none","hide_favorite":"none","np_bg_color":"#00B9CE","np_color":"#FFFFFF","np_border_color":"#00B9CE","np_bg_color_hover":"rgba(0, 185, 206, 0.78)","np_color_hover":"#FFFFFF","np_border_color_hover":"#00B9CE","slides_to_scroll":"3","slide_auto":"true"},"elements":[],"isInner":false,"widgetType":"houzez_elementor_properties_carousel_v1","elType":"widget"},{"id":"5461184a","settings":[],"elements":[],"isInner":false,"widgetType":"houzez_elementor_space","elType":"widget"}],"isInner":true,"elType":"column"}],"isInner":true,"elType":"section"}],"isInner":false,"elType":"column"}],"isInner":false,"elType":"section"},{"id":"6f3d7c36","settings":{"background_color":"#FFFFFF"},"elements":[{"id":"32001a70","settings":{"_column_size":100,"_inline_size":null},"elements":[{"id":"232129b8","settings":{"structure":"20"},"elements":[{"id":"7943215c","settings":{"_column_size":50,"_inline_size":null},"elements":[{"id":"18f0c521","settings":[],"elements":[],"isInner":false,"widgetType":"houzez_elementor_space","elType":"widget"},{"id":"66816eae","settings":{"hz_section_title":"Equipped With All The Tools You Need","hz_section_subtitle":"Vestibulum est mauris, cursus quis enim id, suscipit commodo magna. Aenean placerat sapien et augue rhoncus maximus.","section_title_typography_typography":"custom","section_title_typography_font_family":"Poppins","section_title_typography_font_size":{"unit":"px","size":35,"sizes":[]},"section_title_typography_font_weight":"400","section_title_typography_line_height":{"unit":"em","size":1.5,"sizes":[]},"section_subtitle_typography_typography":"custom","section_subtitle_typography_line_height":{"unit":"em","size":1.75,"sizes":[]},"houzez_section_title_align":"left"},"elements":[],"isInner":false,"widgetType":"houzez_elementor_section_title","elType":"widget"},{"id":"7e25a7de","settings":[],"elements":[],"isInner":false,"widgetType":"houzez_elementor_space","elType":"widget"}],"isInner":true,"elType":"column"},{"id":"2b91f70b","settings":{"_column_size":50,"_inline_size":null},"elements":[],"isInner":true,"elType":"column"}],"isInner":true,"elType":"section"},{"id":"54806b6d","settings":[],"elements":[{"id":"52b50ef","settings":{"_column_size":100,"_inline_size":null},"elements":[{"id":"44ef18a0","settings":{"icon_boxes":[{"icon_type":"custom_icon","custom_icon":{"url":"https:\/\/demo11.houzez.co\/wp-content\/uploads\/2017\/11\/icon-Asset-1.png","id":7398},"title":"Fully Responsive","text":"We have tested our code on a multitude of phones and tablets to ensure smooth user experience on all platforms","read_more_text":"Read more","read_more_link":{"url":"#"},"_id":"a9375d7"},{"icon_type":"custom_icon","custom_icon":{"url":"http:\/\/wordpress-248995-780926.cloudwaysapps.com\/wp-content\/uploads\/2017\/11\/icon-Asset-4.png","id":7401},"title":"Powerful Admin Panel","text":"Provide your agents and clients with an easy way to manage their profile, properties for sale and other settings","read_more_text":"Read more","read_more_link":{"url":"#"},"_id":"be1da48"},{"icon_type":"custom_icon","custom_icon":{"url":"http:\/\/wordpress-248995-780926.cloudwaysapps.com\/wp-content\/uploads\/2017\/11\/icon-Asset-6.png","id":7406},"title":"Multi Language Support","text":"Our theme fully supports the WPML plugin in case you want to display your content in multiple languages","read_more_text":"Read more","read_more_link":{"url":"#"},"_id":"e820c5e"}],"icon_boxes_style":"style3","icon_size":{"unit":"px","size":6,"sizes":[]},"title_spacing_a":{"unit":"px","size":0,"sizes":[]},"title_typography_a_typography":"custom","title_typography_a_font_family":"Poppins","title_typography_a_font_weight":"500"},"elements":[],"isInner":false,"widgetType":"houzez_elementor_icon_box","elType":"widget"},{"id":"2cb49e93","settings":{"icon_boxes":[{"icon_type":"custom_icon","custom_icon":{"url":"http:\/\/wordpress-248995-780926.cloudwaysapps.com\/wp-content\/uploads\/2017\/11\/icon-Asset-7.png","id":7405},"title":"Compare Properties","text":"Let your users compare different properties based on their features and parameters","read_more_text":"Read more","read_more_link":{"url":"#"},"_id":"a9375d7"},{"icon_type":"custom_icon","custom_icon":{"url":"http:\/\/wordpress-248995-780926.cloudwaysapps.com\/wp-content\/uploads\/2017\/11\/icon-Asset-5.png","id":7403},"title":"Property Layout Manager","text":"Sort, enable and disable property page sections as you see fit with a simple drag-and-drop panel","read_more_text":"Read more","read_more_link":{"url":"#"},"_id":"be1da48"},{"icon_type":"custom_icon","custom_icon":{"url":"http:\/\/wordpress-248995-780926.cloudwaysapps.com\/wp-content\/uploads\/2017\/11\/icon-Asset-3.png","id":7400},"title":"Radius Search","text":"Search properties by their proximity to you in kilometers or miles on all search pages","read_more_text":"Read more","read_more_link":{"url":"#"},"_id":"e820c5e"}],"icon_boxes_style":"style3","icon_size":{"unit":"px","size":6,"sizes":[]},"title_spacing_a":{"unit":"px","size":0,"sizes":[]},"title_typography_a_typography":"custom","title_typography_a_font_family":"Poppins","title_typography_a_font_weight":"500"},"elements":[],"isInner":false,"widgetType":"houzez_elementor_icon_box","elType":"widget"},{"id":"519a8c79","settings":[],"elements":[],"isInner":false,"widgetType":"houzez_elementor_space","elType":"widget"}],"isInner":true,"elType":"column"}],"isInner":true,"elType":"section"}],"isInner":false,"elType":"column"}],"isInner":false,"elType":"section"},{"id":"6476c192","settings":{"stretch_section":"section-stretched","background_background":"classic","background_image":{"url":"https:\/\/demo11.houzez.co\/wp-content\/uploads\/2017\/11\/11-1.jpg","id":7419},"background_attachment":"fixed","background_repeat":"no-repeat","background_size":"cover","background_overlay_background":"classic","background_overlay_color":"#000000"},"elements":[{"id":"8ee48c4","settings":{"_column_size":100,"_inline_size":null,"padding":{"unit":"px","top":"0","right":"0","bottom":"0","left":"0","isLinked":true}},"elements":[{"id":"3fb5b26e","settings":{"height":{"unit":"px","size":100,"sizes":[]}},"elements":[],"isInner":false,"widgetType":"houzez_elementor_space","elType":"widget"},{"id":"505199e","settings":{"hz_section_title":"Join Us To List Your Properties","hz_section_subtitle":"Market your Membership program to your ideal client and get started making money online","hz_section_title_color":"houzez-section-title-dark","section_title_typography_typography":"custom","section_title_typography_font_size":{"unit":"px","size":35,"sizes":[]},"section_subtitle_typography_typography":"custom","houzez_section_title_color":"#FFFFFF","houzez_section_subtitle_color":"#FFFFFF","section_title_typography_font_family":"Poppins","section_title_typography_font_weight":"400","section_title_typography_line_height":{"unit":"em","size":1.5,"sizes":[]},"section_subtitle_typography_line_height":{"unit":"em","size":1.75,"sizes":[]},"houzez_section_title_align":"left"},"elements":[],"isInner":false,"widgetType":"houzez_elementor_section_title","elType":"widget"},{"id":"76f13eab","settings":{"structure":"30"},"elements":[{"id":"42a0d139","settings":{"_column_size":33,"_inline_size":null,"padding":{"unit":"px","top":"-0","right":"-0","bottom":"-0","left":"-0","isLinked":true}},"elements":[{"id":"716513c7","settings":{"package_id":"2712","package_currency":"$","package_btn_text":"Get Started"},"elements":[],"isInner":false,"widgetType":"houzez_elementor_price_table","elType":"widget"}],"isInner":true,"elType":"column"},{"id":"7f664b1b","settings":{"_column_size":33,"_inline_size":null,"padding":{"unit":"px","top":"0","right":"0","bottom":"0","left":"0","isLinked":true}},"elements":[{"id":"45685213","settings":{"package_id":"1241","package_popular":"yes","package_currency":"$","package_btn_text":"Get Started"},"elements":[],"isInner":false,"widgetType":"houzez_elementor_price_table","elType":"widget"}],"isInner":true,"elType":"column"},{"id":"15f24c88","settings":{"_column_size":33,"_inline_size":null,"padding":{"unit":"px","top":"0","right":"0","bottom":"0","left":"0","isLinked":true}},"elements":[{"id":"7116f1b0","settings":{"package_id":"1240","package_currency":"$","package_btn_text":"Get Started"},"elements":[],"isInner":false,"widgetType":"houzez_elementor_price_table","elType":"widget"}],"isInner":true,"elType":"column"}],"isInner":true,"elType":"section"},{"id":"253952ea","settings":{"height":{"unit":"px","size":100,"sizes":[]}},"elements":[],"isInner":false,"widgetType":"houzez_elementor_space","elType":"widget"}],"isInner":false,"elType":"column"}],"isInner":false,"elType":"section"},{"id":"3a4c344e","settings":{"background_background":"classic","background_color":"#FFFFFF"},"elements":[{"id":"14c1486","settings":{"_column_size":100,"_inline_size":null},"elements":[{"id":"4581a753","settings":{"structure":"20"},"elements":[{"id":"24fdc478","settings":{"_column_size":50,"_inline_size":null},"elements":[{"id":"29b91f33","settings":[],"elements":[],"isInner":false,"widgetType":"houzez_elementor_space","elType":"widget"},{"id":"5d4f610e","settings":{"hz_section_title":"Discover Different Lifestyles","hz_section_subtitle":"Vestibulum est mauris, cursus quis enim id, suscipit commodo magna. Aenean placerat sapien et augue rhoncus maximus.","section_title_typography_typography":"custom","section_title_typography_font_family":"Poppins","section_title_typography_font_size":{"unit":"px","size":35,"sizes":[]},"section_title_typography_font_weight":"400","section_title_typography_line_height":{"unit":"em","size":1.5,"sizes":[]},"section_subtitle_typography_typography":"custom","section_subtitle_typography_line_height":{"unit":"em","size":1.75,"sizes":[]},"houzez_section_title_align":"left"},"elements":[],"isInner":false,"widgetType":"houzez_elementor_section_title","elType":"widget"},{"id":"3a6c062d","settings":[],"elements":[],"isInner":false,"widgetType":"houzez_elementor_space","elType":"widget"}],"isInner":true,"elType":"column"},{"id":"2703c494","settings":{"_column_size":50,"_inline_size":null},"elements":[],"isInner":true,"elType":"column"}],"isInner":true,"elType":"section"},{"id":"38630562","settings":{"structure":"40"},"elements":[{"id":"d853342","settings":{"_column_size":25,"_inline_size":null},"elements":[{"id":"3dee899a","settings":{"grid_data":"dynamic","more_text":"More Details","tax_city":"miami","more_text_d":"More Details","grid_type":"grid-item-v3","tax_type":"apartment"},"elements":[],"isInner":false,"widgetType":"Houzez_elementor_grid_builder","elType":"widget"}],"isInner":true,"elType":"column"},{"id":"3731aaf6","settings":{"_column_size":25,"_inline_size":null},"elements":[{"id":"43a74f31","settings":{"grid_data":"dynamic","more_text":"More Details","tax_city":"miami","more_text_d":"More Details","grid_type":"grid-item-v3","tax_type":"family-home"},"elements":[],"isInner":false,"widgetType":"Houzez_elementor_grid_builder","elType":"widget"}],"isInner":true,"elType":"column"},{"id":"66c878e9","settings":{"_column_size":25,"_inline_size":null},"elements":[{"id":"39172a4e","settings":{"grid_data":"dynamic","more_text":"More Details","tax_city":"miami","more_text_d":"More Details","grid_type":"grid-item-v3","tax_type":"loft"},"elements":[],"isInner":false,"widgetType":"Houzez_elementor_grid_builder","elType":"widget"}],"isInner":true,"elType":"column"},{"id":"65cbc8e1","settings":{"_column_size":25,"_inline_size":null},"elements":[{"id":"7c20c397","settings":{"grid_data":"dynamic","more_text":"More Details","tax_city":"miami","more_text_d":"More Details","grid_type":"grid-item-v3","tax_type":"villa"},"elements":[],"isInner":false,"widgetType":"Houzez_elementor_grid_builder","elType":"widget"}],"isInner":true,"elType":"column"}],"isInner":true,"elType":"section"}],"isInner":false,"elType":"column"}],"isInner":false,"elType":"section"},{"id":"7728f609","settings":{"background_color":"#FFFFFF"},"elements":[{"id":"310081de","settings":{"_column_size":100,"_inline_size":null},"elements":[{"id":"61eea484","settings":{"structure":"20"},"elements":[{"id":"7a01e6bc","settings":{"_column_size":50,"_inline_size":null},"elements":[{"id":"6a631fd2","settings":[],"elements":[],"isInner":false,"widgetType":"houzez_elementor_space","elType":"widget"},{"id":"708990bc","settings":{"hz_section_title":"Explore Cities In South Florida","hz_section_subtitle":"Vestibulum est mauris, cursus quis enim id, suscipit commodo magna. Aenean placerat sapien et augue rhoncus maximus.","section_title_typography_typography":"custom","section_title_typography_font_family":"Poppins","section_title_typography_font_size":{"unit":"px","size":35,"sizes":[]},"section_title_typography_font_weight":"400","section_title_typography_line_height":{"unit":"em","size":1.5,"sizes":[]},"section_subtitle_typography_typography":"custom","section_subtitle_typography_line_height":{"unit":"em","size":1.75,"sizes":[]},"houzez_section_title_align":"left"},"elements":[],"isInner":false,"widgetType":"houzez_elementor_section_title","elType":"widget"}],"isInner":true,"elType":"column"},{"id":"6f683970","settings":{"_column_size":50,"_inline_size":null},"elements":[],"isInner":true,"elType":"column"}],"isInner":true,"elType":"section"},{"id":"3cbcefdc","settings":{"structure":"40"},"elements":[{"id":"34d08b83","settings":{"_column_size":25,"_inline_size":null},"elements":[{"id":"3ca2b7f5","settings":{"grid_data":"dynamic","more_text":"More Details","grid_taxonomy":"property_city","tax_city":"miami","more_text_d":"More Details","grid_type":"grid-item-v2"},"elements":[],"isInner":false,"widgetType":"Houzez_elementor_grid_builder","elType":"widget"}],"isInner":true,"elType":"column"},{"id":"2db9a9a5","settings":{"_column_size":25,"_inline_size":null},"elements":[{"id":"6154ef9f","settings":{"grid_data":"dynamic","more_text":"More Details","grid_taxonomy":"property_city","tax_city":"fort-lauderdale","more_text_d":"More Details","grid_type":"grid-item-v2"},"elements":[],"isInner":false,"widgetType":"Houzez_elementor_grid_builder","elType":"widget"}],"isInner":true,"elType":"column"},{"id":"58462e4a","settings":{"_column_size":25,"_inline_size":null},"elements":[{"id":"4ac2d80b","settings":{"grid_data":"dynamic","more_text":"More Details","grid_taxonomy":"property_city","tax_city":"fort-myers","more_text_d":"More Details","grid_type":"grid-item-v2"},"elements":[],"isInner":false,"widgetType":"Houzez_elementor_grid_builder","elType":"widget"}],"isInner":true,"elType":"column"},{"id":"53b120cf","settings":{"_column_size":25,"_inline_size":null},"elements":[{"id":"52f2fc90","settings":{"grid_data":"dynamic","more_text":"More Details","grid_taxonomy":"property_city","tax_city":"tampa","more_text_d":"More Details","grid_type":"grid-item-v2"},"elements":[],"isInner":false,"widgetType":"Houzez_elementor_grid_builder","elType":"widget"}],"isInner":true,"elType":"column"}],"isInner":true,"elType":"section"},{"id":"7cac1bc3","settings":[],"elements":[],"isInner":false,"widgetType":"houzez_elementor_space","elType":"widget"}],"isInner":false,"elType":"column"}],"isInner":false,"elType":"section"},{"id":"1ea0a403","settings":{"background_background":"classic","background_color":"#FFFFFF","padding":{"unit":"px","top":"50","right":"0","bottom":"50","left":"0","isLinked":false}},"elements":[{"id":"16ca14cc","settings":{"_column_size":100,"_inline_size":null},"elements":[{"id":"51ec8d","settings":{"structure":"20"},"elements":[{"id":"3caa9d5c","settings":{"_column_size":50,"_inline_size":null},"elements":[{"id":"21a9e03c","settings":{"hz_section_title":"Get in touch","hz_section_subtitle":"Vestibulum est mauris, cursus quis enim id, suscipit commodo magna. Aenean placerat sapien et augue rhoncus maximus.","section_title_typography_typography":"custom","section_title_typography_font_family":"Poppins","section_title_typography_font_size":{"unit":"px","size":35,"sizes":[]},"section_title_typography_font_weight":"400","section_title_typography_line_height":{"unit":"em","size":1.5,"sizes":[]},"section_subtitle_typography_typography":"custom","section_subtitle_typography_line_height":{"unit":"em","size":1.75,"sizes":[]},"houzez_section_title_align":"left"},"elements":[],"isInner":false,"widgetType":"houzez_elementor_section_title","elType":"widget"},{"id":"58044672","settings":{"image":{"url":"https:\/\/demo11.houzez.co\/wp-content\/uploads\/2020\/03\/Artboard-1team.jpg","id":7821},"image_size":"thumbnail","align":"left","width":{"unit":"%","size":18,"sizes":[]},"image_border_radius":{"unit":"%","top":"50","right":"50","bottom":"50","left":"50","isLinked":true}},"elements":[],"isInner":false,"widgetType":"image","elType":"widget"}],"isInner":true,"elType":"column"},{"id":"658979b5","settings":{"_column_size":50,"_inline_size":null},"elements":[{"id":"5f9869d6","settings":{"form_name":"New Form","form_fields":[{"field_type":"first_name","field_label":"Name","placeholder":"First name","required":"true","field_options":"","width":"50","width_tablet":"","width_mobile":"","rows":4,"_id":"47326f6"},{"_id":"name","field_type":"last_name","field_label":"Last Name","placeholder":"Last name","width":"50","required":"true","field_options":"","width_tablet":"","width_mobile":"","rows":4},{"_id":"email","field_type":"email","required":"true","field_label":"Email","placeholder":"Email","width":"100","field_options":"","width_tablet":"","width_mobile":"","rows":4},{"field_type":"message","field_label":"Message","placeholder":"Message","required":"","field_options":"","width":"100","width_tablet":"","width_mobile":"","rows":4,"_id":"d19fc98"}],"button_text":"Submit","email_to":"hello@favethemes.com","email_subject":"New message from &quot;Houzez - Highly Customizable Real Estate WordPress Theme&quot;","label_typography_typography":"custom","label_typography_font_weight":"500","button_background_color":"#00B9CE","button_background_hover_color":"rgba(0, 185, 206, 0.83)","show_labels":""},"elements":[],"isInner":false,"widgetType":"houzez_elementor_contact_form","elType":"widget"}],"isInner":true,"elType":"column"}],"isInner":true,"elType":"section"}],"isInner":false,"elType":"column"}],"isInner":false,"elType":"section"}]}