{"default-sidebar":{"houzez_featured_properties-23":{"title":"Featured","items_num":"5","widget_type":"slider"},"nav_menu-2":{"title":"Topics","nav_menu":1333},"houzez_properties-6":{"title":"Properties","items_num":"5","prop_type":"apartment","prop_status":"","prop_city":"","prop_area":"","prop_state":"","prop_label":""},"houzez_property_taxonomies-13":{"title":"Discover","taxonomy":"property_type","tax_count":"no","tax_child":"yes"}},"property-listing":{"houzez_featured_properties-22":{"title":"Featured","items_num":"5","widget_type":"slider"},"houzez_contact-11":{"title":"Contact Us","about_text":"","phone":"987 654 3210","fax":"987 654 3210","email":"info@houzez.co","address":"7629 Washington Avenue Suite 104","more_url":""}},"search-sidebar":{"nav_menu-13":{"title":"Company","nav_menu":1331},"nav_menu-14":{"title":"Real Estate","nav_menu":1332},"nav_menu-15":{"title":"Resources","nav_menu":1333}},"single-property":{"houzez_mortgage_calculator-6":{"title":"Mortgage Calculator"},"houzez_properties-4":{"title":"Properties","items_num":"5","prop_type":"","prop_status":"","prop_city":"","prop_area":"","prop_state":"","prop_label":""},"houzez_featured_properties-17":{"title":"Featured","items_num":"5","widget_type":"slider"},"houzez_properties_viewed-6":{"title":"Recent View","items_num":"5"},"houzez_contact-7":{"title":"Contact Us","about_text":"","phone":"(768) 234 0987","fax":"(786) 305 7894","email":"info@houzez.co","address":"1880 Michigan Avenue Suite #104, Miami Beach, FL 33139","more_url":""}},"agent-sidebar":{"houzez_contact-8":{"title":"Contact Us","about_text":"","phone":"","fax":"","email":"","address":"","more_url":""},"houzez_properties_viewed-7":{"title":"Properties","items_num":"5"},"houzez_featured_properties-18":{"title":"Featured","items_num":"5","widget_type":"slider"}},"footer-sidebar-1":{"houzez_about_widget-2":{"title":"","img_url":"http:\/\/demo15.houzez.co\/wp-content\/uploads\/2018\/07\/logo.png","about_text":"","more_url":""}},"footer-sidebar-3":{"nav_menu-16":{"title":"Updates","nav_menu":1332}},"footer-sidebar-4":{"houzez_contact-12":{"title":"Contact Us","about_text":"","phone":"(800) 987 6543","fax":"(800) 123 6543","email":"email@houzez.co","address":"774 NE 84th St Miami, FL 33879","more_url":""}}}