{"version":"0.4","title":"Demo 10 &#8211; About","type":"page","content":[{"id":"650a7293","settings":{"background_background":"classic","background_image":{"id":2488,"url":"https:\/\/demo10.houzez.co\/wp-content\/uploads\/2020\/03\/about-3.jpg"},"padding":{"unit":"px","top":"0","right":"0","bottom":"0","left":"0","isLinked":false},"background_position":"bottom left","background_size":"cover","background_overlay_background":"gradient","background_overlay_color":"rgba(0,28,81,0.53)","background_overlay_color_b":"#001c51","background_overlay_opacity":{"unit":"px","size":1,"sizes":[]},"shape_divider_bottom_color":"#ffffff","shape_divider_bottom_flip":"yes","background_attachment":"fixed","background_repeat":"no-repeat","gap":"wider","height":"min-height","custom_height":{"unit":"px","size":600,"sizes":[]}},"elements":[{"id":"509bcc37","settings":{"_column_size":100,"margin":{"unit":"px","top":"-70","right":"0","bottom":"0","left":"10","isLinked":false}},"elements":[{"id":"5a9de05","settings":{"space":{"unit":"px","size":10,"sizes":[]}},"elements":[],"isInner":false,"widgetType":"spacer","elType":"widget"},{"id":"15c88e93","settings":{"hz_section_title":"Nova Condominium","hz_section_subtitle":"Collins Avenue, Miami Beach","section_title_typography_typography":"custom","section_title_typography_font_family":"Raleway","section_title_typography_font_size":{"unit":"px","size":50,"sizes":[]},"section_title_typography_font_weight":"700","section_subtitle_typography_typography":"custom","section_subtitle_typography_font_family":"Nunito","section_subtitle_typography_font_size":{"unit":"px","size":30,"sizes":[]},"section_subtitle_typography_font_weight":"100","houzez_section_title_align":"left","houzez_section_title_color":"#FFFFFF","houzez_section_subtitle_color":"#61CE70","section_title_typography_line_height":{"unit":"em","size":1.3,"sizes":[]},"section_title_typography_letter_spacing":{"unit":"px","size":-0.5,"sizes":[]},"section_subtitle_typography_line_height":{"unit":"em","size":1.3,"sizes":[]},"homey_main_title_spacing":{"unit":"px","size":10,"sizes":[]}},"elements":[],"isInner":false,"widgetType":"houzez_elementor_section_title","elType":"widget"},{"id":"15058ef7","settings":{"width":{"unit":"%","size":2,"sizes":[]},"align":"left","text":"Divider","color":"#48aa48","weight":{"unit":"px","size":2,"sizes":[]},"gap":{"unit":"px","size":2,"sizes":[]}},"elements":[],"isInner":false,"widgetType":"divider","elType":"widget"}],"isInner":false,"elType":"column"}],"isInner":false,"elType":"section"},{"id":"31bca4cd","settings":{"background_background":"classic","background_color":"#ffffff","background_position":"center center","background_attachment":"fixed","background_repeat":"no-repeat","background_size":"cover","background_overlay_background":"classic","background_overlay_color":"#ffffff","background_overlay_opacity":{"unit":"px","size":0.9,"sizes":[]}},"elements":[{"id":"7770aea5","settings":{"_column_size":100},"elements":[{"id":"3a497699","settings":{"structure":"30","gap":"wider","animation":"fadeIn","margin":{"unit":"px","top":"-230","right":0,"bottom":"0","left":0,"isLinked":false}},"elements":[{"id":"3d052a38","settings":{"_column_size":33,"_inline_size":null},"elements":[{"id":"13332e55","settings":{"title_text":"Hi-end details","description_text":"","image_size":{"unit":"%","size":100,"sizes":[]},"text_align":"center","title_bottom_space":{"unit":"px","size":5,"sizes":[]},"title_color":"#000000","title_typography_typography":"custom","title_typography_font_size":{"unit":"px","size":16,"sizes":[]},"_background_color":"#ffffff","_border_radius":{"unit":"px","top":"4","right":"4","bottom":"4","left":"4","isLinked":true},"image_space":{"unit":"px","size":30,"sizes":[]},"title_typography_text_transform":"uppercase","image":{"id":2490,"url":"https:\/\/demo10.houzez.co\/wp-content\/uploads\/2020\/03\/lobby.jpg"},"thumbnail_size":"custom","thumbnail_custom_dimension":{"width":"500","height":"500"},"_padding":{"unit":"px","top":"0","right":"0","bottom":"25","left":"0","isLinked":false},"_animation":"fadeIn","_background_background":"classic","_box_shadow_box_shadow_type":"yes","_box_shadow_box_shadow":{"horizontal":0,"vertical":40,"blur":40,"spread":0,"color":"rgba(0,0,0,0.1)"}},"elements":[],"isInner":false,"widgetType":"image-box","elType":"widget"}],"isInner":true,"elType":"column"},{"id":"7246a4f9","settings":{"_column_size":33,"_inline_size":null},"elements":[{"id":"7016a54b","settings":{"title_text":"Confort","description_text":"","image_size":{"unit":"%","size":100,"sizes":[]},"text_align":"center","title_bottom_space":{"unit":"px","size":5,"sizes":[]},"title_color":"#000000","title_typography_typography":"custom","title_typography_font_size":{"unit":"px","size":16,"sizes":[]},"_background_color":"#ffffff","_border_radius":{"unit":"px","top":"4","right":"4","bottom":"4","left":"4","isLinked":true},"image_space":{"unit":"px","size":30,"sizes":[]},"title_typography_text_transform":"uppercase","image":{"id":2522,"url":"https:\/\/demo10.houzez.co\/wp-content\/uploads\/2020\/03\/about-4.jpg"},"thumbnail_size":"custom","thumbnail_custom_dimension":{"width":"500","height":"500"},"_padding":{"unit":"px","top":"0","right":"0","bottom":"25","left":"0","isLinked":false},"_animation":"fadeIn","_background_background":"classic","_box_shadow_box_shadow_type":"yes","_box_shadow_box_shadow":{"horizontal":0,"vertical":40,"blur":40,"spread":0,"color":"rgba(0,0,0,0.1)"}},"elements":[],"isInner":false,"widgetType":"image-box","elType":"widget"}],"isInner":true,"elType":"column"},{"id":"475d81b5","settings":{"_column_size":33,"_inline_size":null},"elements":[{"id":"e7b9305","settings":{"title_text":"Lifestyle","description_text":"","image_size":{"unit":"%","size":100,"sizes":[]},"text_align":"center","title_bottom_space":{"unit":"px","size":5,"sizes":[]},"title_color":"#000000","title_typography_typography":"custom","title_typography_font_size":{"unit":"px","size":16,"sizes":[]},"_background_color":"#ffffff","_border_radius":{"unit":"px","top":"4","right":"4","bottom":"4","left":"4","isLinked":true},"image_space":{"unit":"px","size":30,"sizes":[]},"title_typography_text_transform":"uppercase","image":{"id":2523,"url":"https:\/\/demo10.houzez.co\/wp-content\/uploads\/2020\/03\/y5ALg8_t20_eoJPxW-1.jpg"},"thumbnail_size":"custom","thumbnail_custom_dimension":{"width":"500","height":"500"},"_padding":{"unit":"px","top":"0","right":"0","bottom":"25","left":"0","isLinked":false},"_animation":"fadeIn","_background_background":"classic","_box_shadow_box_shadow_type":"yes","_box_shadow_box_shadow":{"horizontal":0,"vertical":40,"blur":40,"spread":0,"color":"rgba(0,0,0,0.1)"}},"elements":[],"isInner":false,"widgetType":"image-box","elType":"widget"}],"isInner":true,"elType":"column"}],"isInner":true,"elType":"section"},{"id":"50326067","settings":{"height":{"unit":"px","size":58,"sizes":[]}},"elements":[],"isInner":false,"widgetType":"houzez_elementor_space","elType":"widget"}],"isInner":false,"elType":"column"}],"isInner":false,"elType":"section"},{"id":"68fcf1ca","settings":{"background_background":"classic","background_color":"#ffffff","background_color_stop":{"unit":"%","size":50,"sizes":[]},"background_color_b":"#f4f4f4","background_color_b_stop":{"unit":"%","size":50,"sizes":[]},"background_gradient_angle":{"unit":"deg","size":90,"sizes":[]},"background_image":{"id":2494,"url":"https:\/\/demo10.houzez.co\/wp-content\/uploads\/2020\/03\/image-2.jpg"},"background_position":"center center","background_repeat":"no-repeat","background_size":"cover","background_overlay_background":"gradient","background_overlay_color":"#ffffff","background_overlay_color_stop":{"unit":"%","size":50,"sizes":[]},"background_overlay_color_b":"rgba(72,170,72,0.81)","background_overlay_color_b_stop":{"unit":"%","size":50,"sizes":[]},"background_overlay_gradient_angle":{"unit":"deg","size":90,"sizes":[]},"background_overlay_opacity":{"unit":"px","size":1,"sizes":[]},"shape_divider_top_color":"#ffffff","shape_divider_top_flip":"yes","height":"min-height","custom_height":{"unit":"vh","size":100,"sizes":[]}},"elements":[{"id":"76b455c","settings":{"_column_size":100},"elements":[{"id":"2022b6a4","settings":{"content_width":{"unit":"px","size":745,"sizes":[]},"animation":"fadeIn"},"elements":[{"id":"49b5783e","settings":{"_column_size":100,"_inline_size":null},"elements":[{"id":"1aaed50f","settings":{"title":"Discover More <br><span class=\"primary-text\">About NOVA<\/span>","align":"left","title_color":"#000000","typography_typography":"custom","typography_font_size":{"unit":"px","size":20,"sizes":[]},"typography_font_weight":"700","typography_text_transform":"uppercase","typography_line_height":{"unit":"em","size":1.5,"sizes":[]},"_animation":"none","typography_font_family":"Nunito"},"elements":[],"isInner":false,"widgetType":"heading","elType":"widget"},{"id":"3952e4a2","settings":{"youtube_url":"https:\/\/www.youtube.com\/watch?v=XHOmBV4js_E","vimeo_url":"https:\/\/vimeo.com\/235215203","dailymotion_url":"https:\/\/www.dailymotion.com\/video\/x6tqhqb","_box_shadow_box_shadow_type":"yes","_box_shadow_box_shadow":{"horizontal":0,"vertical":40,"blur":40,"spread":0,"color":"rgba(0,0,0,0.2)"},"show_image_overlay":"yes","image_overlay":{"id":2488,"url":"https:\/\/demo10.houzez.co\/wp-content\/uploads\/2020\/03\/about-3.jpg"}},"elements":[],"isInner":false,"widgetType":"video","elType":"widget"}],"isInner":true,"elType":"column"}],"isInner":true,"elType":"section"}],"isInner":false,"elType":"column"}],"isInner":false,"elType":"section"},{"id":"61aa7b32","settings":{"gap":"extended","height":"min-height","custom_height":{"unit":"vh","size":100,"sizes":[]},"content_position":"middle","structure":"30","background_background":"classic","background_color":"#ffffff","background_position":"center center","background_attachment":"fixed","background_repeat":"no-repeat","background_size":"cover","background_overlay_background":"classic","background_overlay_color":"#ffffff","background_overlay_opacity":{"unit":"px","size":0.9,"sizes":[]},"padding":{"unit":"px","top":"50","right":"0","bottom":"50","left":"0","isLinked":false}},"elements":[{"id":"7b7af732","settings":{"_column_size":33,"_inline_size":null},"elements":[{"id":"69c922c1","settings":{"hz_section_title":"Enjoy Hi-end Quality & Comfort","hz_section_subtitle":"Nova Condominium Lorem ipsum dolor sit amet, consect matetur adipiscing elit. Nam leo lacus, dapibus a turpis et, convallis sectetur cursus turpis. Duis mattis vel erat in luctus adipiscing comus dapibus.\u00a0","section_title_typography_typography":"custom","section_title_typography_font_family":"Raleway","section_title_typography_font_size":{"unit":"px","size":40,"sizes":[]},"section_title_typography_font_weight":"300","section_subtitle_typography_typography":"custom","section_subtitle_typography_font_family":"Nunito","section_subtitle_typography_font_size":{"unit":"px","size":18,"sizes":[]},"section_subtitle_typography_font_weight":"100","houzez_section_title_align":"left","houzez_section_title_color":"#000000","houzez_section_subtitle_color":"#7A7A7A","section_title_typography_line_height":{"unit":"em","size":1.3,"sizes":[]},"section_title_typography_letter_spacing":{"unit":"px","size":-0.5,"sizes":[]},"section_subtitle_typography_line_height":{"unit":"em","size":1.75,"sizes":[]},"homey_main_title_spacing":{"unit":"px","size":20,"sizes":[]},"houzez_section_title_margin_bottom":{"unit":"px","size":20,"sizes":[]}},"elements":[],"isInner":false,"widgetType":"houzez_elementor_section_title","elType":"widget"},{"id":"1452c740","settings":{"text":"Request Information","background_color":"#48aa48","link":{"url":"http:\/\/localhost:8888\/houzez-single-condo\/apartments\/","is_external":"","nofollow":""},"align":"left","size":"md","button_box_shadow_box_shadow_type":"yes","button_box_shadow_box_shadow":{"horizontal":0,"vertical":20,"blur":40,"spread":0,"color":"rgba(0,0,0,0.2)"},"typography_typography":"custom","typography_line_height_tablet":{"unit":"em","size":1.5,"sizes":[]}},"elements":[],"isInner":false,"widgetType":"button","elType":"widget"}],"isInner":false,"elType":"column"},{"id":"5475328e","settings":{"_column_size":33,"_inline_size":null,"content_position":"top"},"elements":[{"id":"312f396b","settings":{"image":{"url":"https:\/\/demo10.houzez.co\/wp-content\/uploads\/2020\/03\/box-13.jpg","id":2536}},"elements":[],"isInner":false,"widgetType":"image","elType":"widget"},{"id":"175b09","settings":{"image":{"url":"https:\/\/demo10.houzez.co\/wp-content\/uploads\/2020\/03\/box-10.jpg","id":2537},"image_size":"custom","image_custom_dimension":{"width":"500","height":"500"}},"elements":[],"isInner":false,"widgetType":"image","elType":"widget"}],"isInner":false,"elType":"column"},{"id":"55439e32","settings":{"_column_size":33,"_inline_size":null,"content_position":"top"},"elements":[{"id":"1ec79026","settings":{"image":{"url":"https:\/\/demo10.houzez.co\/wp-content\/uploads\/2020\/03\/box-7.jpg","id":2539},"image_size":"custom","image_custom_dimension":{"width":"500","height":"500"}},"elements":[],"isInner":false,"widgetType":"image","elType":"widget"},{"id":"63a9eebb","settings":{"image":{"url":"https:\/\/demo10.houzez.co\/wp-content\/uploads\/2020\/03\/box-8.jpg","id":2542}},"elements":[],"isInner":false,"widgetType":"image","elType":"widget"}],"isInner":false,"elType":"column"}],"isInner":false,"elType":"section"},{"id":"36735412","settings":{"background_background":"classic","background_color":"#ffffff","background_position":"center center","background_attachment":"fixed","background_repeat":"no-repeat","background_size":"cover","background_overlay_background":"classic","background_overlay_color":"#ffffff","background_overlay_opacity":{"unit":"px","size":0.9,"sizes":[]}},"elements":[{"id":"78ac65a","settings":{"_column_size":100},"elements":[{"id":"6953ccc1","settings":{"hz_section_title":"The Team Behind Nova","section_title_typography_typography":"custom","section_title_typography_font_family":"Raleway","section_title_typography_font_size":{"unit":"px","size":18,"sizes":[]},"section_title_typography_font_weight":"700","section_subtitle_typography_typography":"custom","section_subtitle_typography_font_family":"Nunito","section_subtitle_typography_font_size":{"unit":"px","size":30,"sizes":[]},"section_subtitle_typography_font_weight":"100","houzez_section_title_color":"#000000","houzez_section_subtitle_color":"#61CE70","section_title_typography_line_height":{"unit":"em","size":1.3,"sizes":[]},"section_title_typography_letter_spacing":{"unit":"px","size":10,"sizes":[]},"section_subtitle_typography_line_height":{"unit":"em","size":1.3,"sizes":[]},"homey_main_title_spacing":{"unit":"px","size":10,"sizes":[]},"section_title_typography_text_transform":"uppercase"},"elements":[],"isInner":false,"widgetType":"houzez_elementor_section_title","elType":"widget"},{"id":"6b0c2cc5","settings":{"width":{"unit":"%","size":5,"sizes":[]},"align":"center","text":"Divider","color":"#48aa48","weight":{"unit":"px","size":2,"sizes":[]}},"elements":[],"isInner":false,"widgetType":"divider","elType":"widget"},{"id":"7c29dd79","settings":{"structure":"30","gap":"wide","animation":"fadeIn","content_width":{"unit":"px","size":920,"sizes":[]}},"elements":[{"id":"39ef98f8","settings":{"_column_size":33,"_inline_size":null,"space_between_widgets":40},"elements":[{"id":"76b00a2a","settings":{"team_image":{"id":2527,"url":"https:\/\/demo10.houzez.co\/wp-content\/uploads\/2020\/03\/Artboard-4team.jpg"},"team_name":"Peter Maloon","team_position":"Architect","team_description":"Lorem ipsum dolor sit amet, consectetur adipiscing elit. Ut elit tellus, luctus nec ullamcorper mattis, pulvinar dapibus\u200b","_box_shadow_box_shadow_type":"yes","_box_shadow_box_shadow":{"horizontal":0,"vertical":40,"blur":40,"spread":0,"color":"rgba(0,0,0,0.2)"}},"elements":[],"isInner":false,"widgetType":"houzez_elementor_team_member","elType":"widget"}],"isInner":true,"elType":"column"},{"id":"9e3387f","settings":{"_column_size":33,"_inline_size":null,"space_between_widgets":40},"elements":[{"id":"50169f59","settings":{"team_image":{"id":2525,"url":"https:\/\/demo10.houzez.co\/wp-content\/uploads\/2020\/03\/Artboard-2team.jpg"},"team_name":"Angela Martinez","team_position":"Real Estate Manager","team_description":"Lorem ipsum dolor sit amet, consectetur adipiscing elit. Ut elit tellus, luctus nec ullamcorper mattis, pulvinar dapibus\u200b","_box_shadow_box_shadow_type":"yes","_box_shadow_box_shadow":{"horizontal":0,"vertical":40,"blur":40,"spread":0,"color":"rgba(0,0,0,0.2)"}},"elements":[],"isInner":false,"widgetType":"houzez_elementor_team_member","elType":"widget"}],"isInner":true,"elType":"column"},{"id":"402d44a4","settings":{"_column_size":33,"_inline_size":null,"space_between_widgets":40},"elements":[{"id":"76f4c330","settings":{"team_image":{"id":2526,"url":"https:\/\/demo10.houzez.co\/wp-content\/uploads\/2020\/03\/Artboard-3team.jpg"},"team_name":"Jason Boyd","team_position":"Sales Manager","team_description":"Lorem ipsum dolor sit amet, consectetur adipiscing elit. Ut elit tellus, luctus nec ullamcorper mattis, pulvinar dapibus\u200b","_box_shadow_box_shadow_type":"yes","_box_shadow_box_shadow":{"horizontal":0,"vertical":40,"blur":40,"spread":0,"color":"rgba(0,0,0,0.2)"}},"elements":[],"isInner":false,"widgetType":"houzez_elementor_team_member","elType":"widget"}],"isInner":true,"elType":"column"}],"isInner":true,"elType":"section"},{"id":"5705635","settings":{"height":{"unit":"px","size":100,"sizes":[]}},"elements":[],"isInner":false,"widgetType":"houzez_elementor_space","elType":"widget"}],"isInner":false,"elType":"column"}],"isInner":false,"elType":"section"},{"id":"2b22579f","settings":{"gap":"no","background_background":"classic","background_image":{"id":2488,"url":"https:\/\/demo10.houzez.co\/wp-content\/uploads\/2020\/03\/about-3.jpg"},"background_position":"bottom center","background_repeat":"no-repeat","background_size":"cover","background_overlay_background":"gradient","background_overlay_color":"rgba(0,28,81,0.8)","background_overlay_opacity":{"unit":"px","size":1,"sizes":[]},"animation":"none","background_overlay_color_b":"#00183f","border_width":{"unit":"px","top":"0","right":"0","bottom":"1","left":"0","isLinked":false},"border_color":"#00123f","background_attachment":"fixed","shape_divider_top_flip":"yes"},"elements":[{"id":"21217cc4","settings":{"_column_size":100},"elements":[{"id":"55a2b69d","settings":{"space":{"unit":"px","size":100,"sizes":[]}},"elements":[],"isInner":false,"widgetType":"spacer","elType":"widget"},{"id":"384e59a1","settings":{"animation":"fadeIn"},"elements":[{"id":"70518bac","settings":{"_column_size":100,"_inline_size":null},"elements":[{"id":"7efb74ff","settings":{"hz_section_title":"Do you want more information?","hz_section_subtitle":"Fill up the form here below. Our agents will get in touch with you.","section_title_typography_typography":"custom","section_title_typography_font_family":"Raleway","section_title_typography_font_size":{"unit":"px","size":30,"sizes":[]},"section_title_typography_font_weight":"700","section_subtitle_typography_typography":"custom","section_subtitle_typography_font_family":"Nunito","section_subtitle_typography_font_size":{"unit":"px","size":20,"sizes":[]},"section_subtitle_typography_font_weight":"100","houzez_section_title_color":"#FFFFFF","houzez_section_subtitle_color":"#61CE70","section_title_typography_line_height":{"unit":"em","size":1.3,"sizes":[]},"section_title_typography_letter_spacing":{"unit":"px","size":-0.5,"sizes":[]},"section_subtitle_typography_line_height":{"unit":"em","size":1.3,"sizes":[]},"homey_main_title_spacing":{"unit":"px","size":10,"sizes":[]},"houzez_section_title_margin_bottom":{"unit":"px","size":30,"sizes":[]}},"elements":[],"isInner":false,"widgetType":"houzez_elementor_section_title","elType":"widget"},{"id":"682ff8df","settings":{"form_name":"New Form","form_fields":[{"_id":"name","field_type":"name","field_label":"Name","placeholder":"Name","width":"25","required":"true","field_options":"","width_tablet":"","width_mobile":"","rows":4},{"_id":"email","field_type":"email","required":"true","field_label":"Email","placeholder":"Email","width":"25","field_options":"","width_tablet":"","width_mobile":"","rows":4},{"field_type":"mobile","field_label":"Phone","placeholder":"Phone","required":"true","field_options":"","width":"25","width_tablet":"","width_mobile":"","rows":4,"_id":"949ccea"}],"input_size":"md","show_labels":"","button_text":"Get More Information","button_size":"md","button_width":"25","email_to":"hello@favethemes.com","email_subject":"New message from &quot;Houzez&quot;","column_gap":{"unit":"px","size":15,"sizes":[]},"row_gap":{"unit":"px","size":0,"sizes":[]},"field_typography_typography":"custom","field_typography_font_family":"Nunito","button_typography_typography":"custom","button_typography_font_family":"Nunito","button_background_color":"#61CE70","button_background_hover_color":"rgba(97, 206, 112, 0.78)"},"elements":[],"isInner":false,"widgetType":"houzez_elementor_contact_form","elType":"widget"}],"isInner":true,"elType":"column"}],"isInner":true,"elType":"section"},{"id":"40162ada","settings":{"structure":"40","animation":"fadeIn"},"elements":[{"id":"3fb99efd","settings":{"_column_size":25,"_inline_size":null},"elements":[{"id":"31e5711d","settings":{"title":"Nova Condominium","header_size":"div","title_color":"#48aa48","typography_typography":"custom","typography_font_weight":"400","typography_font_family":"Nunito","typography_font_size":{"unit":"px","size":18,"sizes":[]}},"elements":[],"isInner":false,"widgetType":"heading","elType":"widget"},{"id":"10744251","settings":{"icon_list":[{"text":"90 NE 41st St, Miami, FL 33137","selected_icon":{"value":{"url":"https:\/\/demo10.houzez.co\/wp-content\/uploads\/2020\/03\/messaging-whatsapp.svg","id":2504},"library":"svg"},"_id":"e6be62c","link":{"url":"","is_external":"","nofollow":"","custom_attributes":""}},{"text":"Get directions","selected_icon":{"value":{"url":"https:\/\/demo10.houzez.co\/wp-content\/uploads\/2020\/03\/messaging-whatsapp.svg","id":2504},"library":"svg"},"_id":"095a19d","link":{"url":"https:\/\/goo.gl\/maps\/6tmzQcre4sWeajJV7","is_external":"","nofollow":"","custom_attributes":""}}],"space_between":{"unit":"px","size":5,"sizes":[]},"icon_color":"#48aa48","icon_size":{"unit":"px","size":16,"sizes":[]},"text_color":"#ffffff","text_indent":{"unit":"px","size":10,"sizes":[]},"icon_typography_typography":"custom","icon_typography_font_family":"Nunito","icon_typography_font_size":{"unit":"px","size":16,"sizes":[]}},"elements":[],"isInner":false,"widgetType":"icon-list","elType":"widget"}],"isInner":true,"elType":"column"},{"id":"540c663e","settings":{"_column_size":25,"_inline_size":null},"elements":[{"id":"1ae262e7","settings":{"title":"Sales","header_size":"div","title_color":"#48aa48","typography_typography":"custom","typography_font_weight":"400","typography_font_family":"Nunito","typography_font_size":{"unit":"px","size":18,"sizes":[]}},"elements":[],"isInner":false,"widgetType":"heading","elType":"widget"},{"id":"7a3d6512","settings":{"icon_list":[{"text":"(987) 654 3120","selected_icon":{"value":{"url":"https:\/\/demo10.houzez.co\/wp-content\/uploads\/2020\/03\/messaging-whatsapp.svg","id":2504},"library":"svg"},"_id":"e6be62c","link":{"url":"","is_external":"","nofollow":"","custom_attributes":""}},{"text":"(987) 345 6789","selected_icon":{"value":{"url":"https:\/\/demo10.houzez.co\/wp-content\/uploads\/2020\/03\/messaging-whatsapp.svg","id":2504},"library":"svg"},"_id":"a666353","link":{"url":"","is_external":"","nofollow":"","custom_attributes":""}}],"space_between":{"unit":"px","size":5,"sizes":[]},"icon_color":"#48aa48","icon_size":{"unit":"px","size":16,"sizes":[]},"text_color":"#ffffff","text_indent":{"unit":"px","size":10,"sizes":[]},"icon_typography_typography":"custom","icon_typography_font_family":"Nunito","icon_typography_font_size":{"unit":"px","size":16,"sizes":[]}},"elements":[],"isInner":false,"widgetType":"icon-list","elType":"widget"}],"isInner":true,"elType":"column"},{"id":"5423c147","settings":{"_column_size":25,"_inline_size":null},"elements":[{"id":"165d5a19","settings":{"title":"Locations","header_size":"div","title_color":"#48aa48","typography_typography":"custom","typography_font_weight":"400","typography_font_family":"Nunito","typography_font_size":{"unit":"px","size":18,"sizes":[]}},"elements":[],"isInner":false,"widgetType":"heading","elType":"widget"},{"id":"2b6c9e7d","settings":{"icon_list":[{"text":"(837) 758 9382","selected_icon":{"value":{"url":"https:\/\/demo10.houzez.co\/wp-content\/uploads\/2020\/03\/messaging-whatsapp.svg","id":2504},"library":"svg"},"_id":"e6be62c","link":{"url":"","is_external":"","nofollow":"","custom_attributes":""}},{"text":"(352) 465 6857","selected_icon":{"value":{"url":"https:\/\/demo10.houzez.co\/wp-content\/uploads\/2020\/03\/messaging-whatsapp.svg","id":2504},"library":"svg"},"_id":"a666353","link":{"url":"","is_external":"","nofollow":"","custom_attributes":""}}],"space_between":{"unit":"px","size":5,"sizes":[]},"icon_color":"#48aa48","icon_size":{"unit":"px","size":16,"sizes":[]},"text_color":"#ffffff","text_indent":{"unit":"px","size":10,"sizes":[]},"icon_typography_typography":"custom","icon_typography_font_family":"Nunito","icon_typography_font_size":{"unit":"px","size":16,"sizes":[]}},"elements":[],"isInner":false,"widgetType":"icon-list","elType":"widget"}],"isInner":true,"elType":"column"},{"id":"37cdb003","settings":{"_column_size":25,"_inline_size":null},"elements":[{"id":"6ad28ca7","settings":{"title":"We are here","header_size":"div","title_color":"#48aa48","typography_typography":"custom","typography_font_weight":"400","typography_font_family":"Nunito","typography_font_size":{"unit":"px","size":18,"sizes":[]}},"elements":[],"isInner":false,"widgetType":"heading","elType":"widget"},{"id":"4a342ea4","settings":{"icon_list":[{"text":"1889 NW 79st St, Miami, FL 33167","selected_icon":{"value":{"url":"https:\/\/demo10.houzez.co\/wp-content\/uploads\/2020\/03\/pin.svg","id":2505},"library":"svg"},"_id":"e6be62c","link":{"url":"","is_external":"","nofollow":"","custom_attributes":""}},{"text":"(786) 897 5423","selected_icon":{"value":{"url":"https:\/\/demo10.houzez.co\/wp-content\/uploads\/2020\/03\/messaging-whatsapp.svg","id":2504},"library":"svg"},"_id":"eb8cbe1","link":{"url":"","is_external":"","nofollow":"","custom_attributes":""}}],"space_between":{"unit":"px","size":5,"sizes":[]},"icon_color":"#48aa48","icon_size":{"unit":"px","size":16,"sizes":[]},"text_color":"#ffffff","text_indent":{"unit":"px","size":10,"sizes":[]},"icon_typography_typography":"custom","icon_typography_font_family":"Nunito","icon_typography_font_size":{"unit":"px","size":16,"sizes":[]}},"elements":[],"isInner":false,"widgetType":"icon-list","elType":"widget"}],"isInner":true,"elType":"column"}],"isInner":true,"elType":"section"},{"id":"2bdea9d6","settings":{"space":{"unit":"px","size":60,"sizes":[]}},"elements":[],"isInner":false,"widgetType":"spacer","elType":"widget"}],"isInner":false,"elType":"column"}],"isInner":false,"elType":"section"}]}