{"version":"0.4","title":"Demo 10 &#8211; Apartments","type":"page","content":[{"id":"653f837a","settings":{"height":"min-height","background_background":"classic","background_image":{"url":"https:\/\/demo10.houzez.co\/wp-content\/uploads\/2020\/03\/box-11.jpg","id":2578},"background_position":"center center","background_attachment":"fixed","background_repeat":"no-repeat","background_size":"cover","background_overlay_background":"classic","background_overlay_color":"#000000","custom_height":{"unit":"px","size":480,"sizes":[]}},"elements":[{"id":"47e20f1","settings":{"_column_size":100,"_inline_size":null},"elements":[{"id":"1fb0fe0e","settings":{"margin":{"unit":"px","top":"-30","right":0,"bottom":"0","left":0,"isLinked":false}},"elements":[{"id":"546800d3","settings":{"_column_size":100,"_inline_size":null},"elements":[{"id":"18688d8d","settings":{"width":{"unit":"%","size":4,"sizes":[]},"text":"Divider","color":"#48aa48","weight":{"unit":"px","size":2,"sizes":[]},"gap":{"unit":"px","size":2,"sizes":[]},"align":"left","_margin":{"unit":"px","top":"10","right":"0","bottom":"10","left":"0","isLinked":false}},"elements":[],"isInner":false,"widgetType":"divider","elType":"widget"},{"id":"4f768870","settings":{"hz_section_title":"Nova Apartments","hz_section_subtitle":"Collins Avenue, Miami Beach","section_title_typography_typography":"custom","section_title_typography_font_family":"Raleway","section_title_typography_font_size":{"unit":"px","size":50,"sizes":[]},"section_title_typography_font_weight":"700","section_subtitle_typography_typography":"custom","section_subtitle_typography_font_family":"Nunito","section_subtitle_typography_font_size":{"unit":"px","size":25,"sizes":[]},"section_subtitle_typography_font_weight":"100","houzez_section_title_align":"left","houzez_section_title_color":"#FFFFFF","houzez_section_subtitle_color":"#61CE70","section_title_typography_line_height":{"unit":"em","size":1.3,"sizes":[]},"section_title_typography_letter_spacing":{"unit":"px","size":-0.5,"sizes":[]},"section_subtitle_typography_line_height":{"unit":"em","size":1.3,"sizes":[]},"homey_main_title_spacing":{"unit":"px","size":5,"sizes":[]},"homey_subtitle_spacing":{"unit":"px","size":0,"sizes":[]},"houzez_section_title_margin_bottom":{"unit":"px","size":0,"sizes":[]}},"elements":[],"isInner":false,"widgetType":"houzez_elementor_section_title","elType":"widget"}],"isInner":true,"elType":"column"}],"isInner":true,"elType":"section"}],"isInner":false,"elType":"column"}],"isInner":false,"elType":"section"},{"id":"7c622b6a","settings":{"background_color":"#61CE70","background_color_stop":{"unit":"%","size":55,"sizes":[]},"background_color_b_stop":{"unit":"%","size":14,"sizes":[]},"margin":{"unit":"px","top":"-100","right":0,"bottom":"0","left":0,"isLinked":false}},"elements":[{"id":"1e101f82","settings":{"_column_size":100,"_inline_size":null},"elements":[{"id":"45dd15bd","settings":{"sort_by":"a_date","pagination_type":"none","hide_favorite":"none","hz_property_title_typography":"custom","hz_property_title_font_size":{"unit":"px","size":18,"sizes":[]},"hz_property_title_font_weight":"500","hz_meta_figure_typography":"custom","hz_meta_figure_font_size":{"unit":"px","size":16,"sizes":[]},"hz_meta_figure_font_weight":"700","hz_item_price_typography":"custom","hz_item_price_font_size":{"unit":"px","size":16,"sizes":[]},"hz_item_price_font_weight":"700","box_shadow_box_shadow_type":"yes","box_shadow_box_shadow":{"horizontal":0,"vertical":20,"blur":40,"spread":0,"color":"rgba(0, 0, 0, 0.1)"}},"elements":[],"isInner":false,"widgetType":"houzez_elementor_property-card-v6","elType":"widget"},{"id":"34e34a3c","settings":[],"elements":[],"isInner":false,"widgetType":"houzez_elementor_space","elType":"widget"}],"isInner":false,"elType":"column"}],"isInner":false,"elType":"section"},{"id":"5c841186","settings":{"layout":"full_width","background_background":"classic","background_color":"#ffffff","background_image":{"id":"","url":"https:\/\/demo10.houzez.co\/wp-content\/plugins\/elementor\/assets\/images\/placeholder.png"},"background_overlay_background":"classic","background_overlay_color":"#ffffff","background_overlay_opacity":{"unit":"px","size":0.9,"sizes":[]}},"elements":[{"id":"31c254c6","settings":{"_column_size":100},"elements":[{"id":"7024b459","settings":{"space":{"unit":"px","size":55,"sizes":[]}},"elements":[],"isInner":false,"widgetType":"spacer","elType":"widget"},{"id":"259cdc5","settings":{"hz_section_title":"Visit Nova Condominium","section_title_typography_typography":"custom","section_title_typography_font_family":"Raleway","section_title_typography_font_size":{"unit":"px","size":18,"sizes":[]},"section_title_typography_font_weight":"700","section_subtitle_typography_typography":"custom","section_subtitle_typography_font_family":"Nunito","section_subtitle_typography_font_size":{"unit":"px","size":30,"sizes":[]},"section_subtitle_typography_font_weight":"100","houzez_section_title_color":"#000000","houzez_section_subtitle_color":"#61CE70","section_title_typography_line_height":{"unit":"em","size":1.3,"sizes":[]},"section_title_typography_letter_spacing":{"unit":"px","size":10,"sizes":[]},"section_subtitle_typography_line_height":{"unit":"em","size":1.3,"sizes":[]},"homey_main_title_spacing":{"unit":"px","size":10,"sizes":[]},"section_title_typography_text_transform":"uppercase"},"elements":[],"isInner":false,"widgetType":"houzez_elementor_section_title","elType":"widget"},{"id":"7cff365a","settings":{"width":{"unit":"%","size":3,"sizes":[]},"text":"Divider","color":"#48aa48","weight":{"unit":"px","size":2,"sizes":[]},"gap":{"unit":"px","size":2,"sizes":[]},"align":"center","_margin":{"unit":"px","top":"0","right":"0","bottom":"10","left":"0","isLinked":false}},"elements":[],"isInner":false,"widgetType":"divider","elType":"widget"},{"id":"2295cc1b","settings":[],"elements":[{"id":"7f9ca53a","settings":{"_column_size":100,"_inline_size":null},"elements":[{"id":"4acc1223","settings":{"selected_icon":{"value":"","library":""},"title_text":"Nova Condominium","description_text":"90 NE 41st St, Miami, FL 33137","position":"left","primary_color":"#48aa48","icon_space":{"unit":"px","size":10,"sizes":[]},"icon_size":{"unit":"px","size":24,"sizes":[]},"text_align":"left","text_align_mobile":"center","title_bottom_space":{"unit":"px","size":3,"sizes":[]},"title_color":"#ffffff","title_typography_typography":"custom","title_typography_font_size":{"unit":"px","size":24,"sizes":[]},"title_typography_font_weight":"700","title_typography_text_transform":"uppercase","title_typography_letter_spacing":{"unit":"px","size":-0.5,"sizes":[]},"description_color":"#48aa48","description_typography_typography":"custom","description_typography_font_size":{"unit":"px","size":18,"sizes":[]},"description_typography_font_weight":"500","description_typography_letter_spacing":{"unit":"px","size":-0.5,"sizes":[]},"_margin":{"unit":"px","top":"0","right":"0","bottom":"10","left":"0","isLinked":false},"_padding":{"unit":"px","top":"30","right":"51","bottom":"30","left":"30","isLinked":false},"_background_background":"classic","_background_color":"#001c51","_box_shadow_box_shadow_type":"yes","_box_shadow_box_shadow":{"horizontal":0,"vertical":40,"blur":40,"spread":0,"color":"rgba(0,0,0,0.1)"},"_element_width":"auto","_element_custom_width":{"unit":"px","size":342,"sizes":[]},"_element_vertical_align":"center","_position":"absolute","_offset_x":{"size":4.02,"unit":"vw"},"_offset_y":{"size":376,"unit":"px"},"_animation":"fadeInDown","animation_duration":"fast","_animation_delay":200,"title_typography_font_size_mobile":{"unit":"px","size":12,"sizes":[]},"description_typography_font_size_mobile":{"unit":"px","size":12,"sizes":[]},"_padding_mobile":{"unit":"px","top":"10","right":"10","bottom":"10","left":"10","isLinked":true},"_offset_x_mobile":{"size":74.422,"unit":"px"},"_offset_y_mobile":{"size":-59,"unit":"px"},"title_typography_font_family":"Nunito","description_typography_font_family":"Nunito"},"elements":[],"isInner":false,"widgetType":"icon-box","elType":"widget"},{"id":"7240c9b9","settings":{"image_size":"full","align":"center","_animation":"fadeIn","image_box_shadow_box_shadow_type":"yes","image_box_shadow_box_shadow":{"horizontal":0,"vertical":40,"blur":40,"spread":0,"color":"rgba(0,0,0,0.2)"},"_box_shadow_box_shadow_type":"yes","_box_shadow_box_shadow":{"horizontal":0,"vertical":40,"blur":40,"spread":0,"color":"rgba(0,0,0,0.1)"},"image_custom_dimension":{"width":"500","height":"500"},"image":{"url":"https:\/\/demo10.houzez.co\/wp-content\/uploads\/2020\/03\/map-1.jpg","id":2495}},"elements":[],"isInner":false,"widgetType":"image","elType":"widget"}],"isInner":true,"elType":"column"}],"isInner":true,"elType":"section"},{"id":"2e0986a0","settings":{"space":{"unit":"px","size":100,"sizes":[]}},"elements":[],"isInner":false,"widgetType":"spacer","elType":"widget"}],"isInner":false,"elType":"column"}],"isInner":false,"elType":"section"},{"id":"6c171c21","settings":{"gap":"no","background_background":"classic","background_image":{"id":2488,"url":"https:\/\/demo10.houzez.co\/wp-content\/uploads\/2020\/03\/about-3.jpg"},"background_position":"bottom center","background_repeat":"no-repeat","background_size":"cover","background_overlay_background":"gradient","background_overlay_color":"rgba(0,28,81,0.8)","background_overlay_opacity":{"unit":"px","size":1,"sizes":[]},"animation":"none","background_overlay_color_b":"#00183f","border_width":{"unit":"px","top":"0","right":"0","bottom":"1","left":"0","isLinked":false},"border_color":"#00123f","background_attachment":"fixed","shape_divider_top_flip":"yes"},"elements":[{"id":"1c9a7ac9","settings":{"_column_size":100},"elements":[{"id":"4f4716e3","settings":{"space":{"unit":"px","size":100,"sizes":[]}},"elements":[],"isInner":false,"widgetType":"spacer","elType":"widget"},{"id":"4cba3816","settings":{"animation":"fadeIn"},"elements":[{"id":"216203b3","settings":{"_column_size":100,"_inline_size":null},"elements":[{"id":"36e9f68b","settings":{"hz_section_title":"Do you want more information?","hz_section_subtitle":"Fill up the form here below. Our agents will get in touch with you.","section_title_typography_typography":"custom","section_title_typography_font_family":"Raleway","section_title_typography_font_size":{"unit":"px","size":30,"sizes":[]},"section_title_typography_font_weight":"700","section_subtitle_typography_typography":"custom","section_subtitle_typography_font_family":"Nunito","section_subtitle_typography_font_size":{"unit":"px","size":20,"sizes":[]},"section_subtitle_typography_font_weight":"100","houzez_section_title_color":"#FFFFFF","houzez_section_subtitle_color":"#61CE70","section_title_typography_line_height":{"unit":"em","size":1.3,"sizes":[]},"section_title_typography_letter_spacing":{"unit":"px","size":-0.5,"sizes":[]},"section_subtitle_typography_line_height":{"unit":"em","size":1.3,"sizes":[]},"homey_main_title_spacing":{"unit":"px","size":10,"sizes":[]},"houzez_section_title_margin_bottom":{"unit":"px","size":30,"sizes":[]}},"elements":[],"isInner":false,"widgetType":"houzez_elementor_section_title","elType":"widget"},{"id":"3b61528a","settings":{"form_name":"New Form","form_fields":[{"_id":"name","field_type":"name","field_label":"Name","placeholder":"Name","width":"25","required":"true","field_options":"","width_tablet":"","width_mobile":"","rows":4},{"_id":"email","field_type":"email","required":"true","field_label":"Email","placeholder":"Email","width":"25","field_options":"","width_tablet":"","width_mobile":"","rows":4},{"field_type":"mobile","field_label":"Phone","placeholder":"Phone","required":"true","field_options":"","width":"25","width_tablet":"","width_mobile":"","rows":4,"_id":"949ccea"}],"input_size":"md","show_labels":"","button_text":"Get More Information","button_size":"md","button_width":"25","email_to":"hello@favethemes.com","email_subject":"New message from &quot;Houzez&quot;","column_gap":{"unit":"px","size":15,"sizes":[]},"row_gap":{"unit":"px","size":0,"sizes":[]},"field_typography_typography":"custom","field_typography_font_family":"Nunito","button_typography_typography":"custom","button_typography_font_family":"Nunito","button_background_color":"#61CE70","button_background_hover_color":"rgba(97, 206, 112, 0.78)"},"elements":[],"isInner":false,"widgetType":"houzez_elementor_contact_form","elType":"widget"}],"isInner":true,"elType":"column"}],"isInner":true,"elType":"section"},{"id":"6fb4f0b7","settings":{"structure":"40","animation":"fadeIn"},"elements":[{"id":"5b2c93ed","settings":{"_column_size":25,"_inline_size":null},"elements":[{"id":"14368e68","settings":{"title":"Nova Condominium","header_size":"div","title_color":"#48aa48","typography_typography":"custom","typography_font_weight":"400","typography_font_family":"Nunito","typography_font_size":{"unit":"px","size":18,"sizes":[]}},"elements":[],"isInner":false,"widgetType":"heading","elType":"widget"},{"id":"2c4c135e","settings":{"icon_list":[{"text":"90 NE 41st St, Miami, FL 33137","selected_icon":{"value":{"url":"https:\/\/demo10.houzez.co\/wp-content\/uploads\/2020\/03\/messaging-whatsapp.svg","id":2504},"library":"svg"},"_id":"e6be62c","link":{"url":"","is_external":"","nofollow":"","custom_attributes":""}},{"text":"Get directions","selected_icon":{"value":{"url":"https:\/\/demo10.houzez.co\/wp-content\/uploads\/2020\/03\/messaging-whatsapp.svg","id":2504},"library":"svg"},"_id":"095a19d","link":{"url":"https:\/\/goo.gl\/maps\/6tmzQcre4sWeajJV7","is_external":"","nofollow":"","custom_attributes":""}}],"space_between":{"unit":"px","size":5,"sizes":[]},"icon_color":"#48aa48","icon_size":{"unit":"px","size":16,"sizes":[]},"text_color":"#ffffff","text_indent":{"unit":"px","size":10,"sizes":[]},"icon_typography_typography":"custom","icon_typography_font_family":"Nunito","icon_typography_font_size":{"unit":"px","size":16,"sizes":[]}},"elements":[],"isInner":false,"widgetType":"icon-list","elType":"widget"}],"isInner":true,"elType":"column"},{"id":"44e2d6f9","settings":{"_column_size":25,"_inline_size":null},"elements":[{"id":"71be4f5f","settings":{"title":"Sales","header_size":"div","title_color":"#48aa48","typography_typography":"custom","typography_font_weight":"400","typography_font_family":"Nunito","typography_font_size":{"unit":"px","size":18,"sizes":[]}},"elements":[],"isInner":false,"widgetType":"heading","elType":"widget"},{"id":"33370471","settings":{"icon_list":[{"text":"(987) 654 3120","selected_icon":{"value":{"url":"https:\/\/demo10.houzez.co\/wp-content\/uploads\/2020\/03\/messaging-whatsapp.svg","id":2504},"library":"svg"},"_id":"e6be62c","link":{"url":"","is_external":"","nofollow":"","custom_attributes":""}},{"text":"(987) 345 6789","selected_icon":{"value":{"url":"https:\/\/demo10.houzez.co\/wp-content\/uploads\/2020\/03\/messaging-whatsapp.svg","id":2504},"library":"svg"},"_id":"a666353","link":{"url":"","is_external":"","nofollow":"","custom_attributes":""}}],"space_between":{"unit":"px","size":5,"sizes":[]},"icon_color":"#48aa48","icon_size":{"unit":"px","size":16,"sizes":[]},"text_color":"#ffffff","text_indent":{"unit":"px","size":10,"sizes":[]},"icon_typography_typography":"custom","icon_typography_font_family":"Nunito","icon_typography_font_size":{"unit":"px","size":16,"sizes":[]}},"elements":[],"isInner":false,"widgetType":"icon-list","elType":"widget"}],"isInner":true,"elType":"column"},{"id":"194ad7cc","settings":{"_column_size":25,"_inline_size":null},"elements":[{"id":"a26dcec","settings":{"title":"Locations","header_size":"div","title_color":"#48aa48","typography_typography":"custom","typography_font_weight":"400","typography_font_family":"Nunito","typography_font_size":{"unit":"px","size":18,"sizes":[]}},"elements":[],"isInner":false,"widgetType":"heading","elType":"widget"},{"id":"2ad8ce1","settings":{"icon_list":[{"text":"(837) 758 9382","selected_icon":{"value":{"url":"https:\/\/demo10.houzez.co\/wp-content\/uploads\/2020\/03\/messaging-whatsapp.svg","id":2504},"library":"svg"},"_id":"e6be62c","link":{"url":"","is_external":"","nofollow":"","custom_attributes":""}},{"text":"(352) 465 6857","selected_icon":{"value":{"url":"https:\/\/demo10.houzez.co\/wp-content\/uploads\/2020\/03\/messaging-whatsapp.svg","id":2504},"library":"svg"},"_id":"a666353","link":{"url":"","is_external":"","nofollow":"","custom_attributes":""}}],"space_between":{"unit":"px","size":5,"sizes":[]},"icon_color":"#48aa48","icon_size":{"unit":"px","size":16,"sizes":[]},"text_color":"#ffffff","text_indent":{"unit":"px","size":10,"sizes":[]},"icon_typography_typography":"custom","icon_typography_font_family":"Nunito","icon_typography_font_size":{"unit":"px","size":16,"sizes":[]}},"elements":[],"isInner":false,"widgetType":"icon-list","elType":"widget"}],"isInner":true,"elType":"column"},{"id":"7e8a5b47","settings":{"_column_size":25,"_inline_size":null},"elements":[{"id":"29d7dafa","settings":{"title":"We are here","header_size":"div","title_color":"#48aa48","typography_typography":"custom","typography_font_weight":"400","typography_font_family":"Nunito","typography_font_size":{"unit":"px","size":18,"sizes":[]}},"elements":[],"isInner":false,"widgetType":"heading","elType":"widget"},{"id":"72badd2","settings":{"icon_list":[{"text":"1889 NW 79st St, Miami, FL 33167","selected_icon":{"value":{"url":"https:\/\/demo10.houzez.co\/wp-content\/uploads\/2020\/03\/pin.svg","id":2505},"library":"svg"},"_id":"e6be62c","link":{"url":"","is_external":"","nofollow":"","custom_attributes":""}},{"text":"(786) 897 5423","selected_icon":{"value":{"url":"https:\/\/demo10.houzez.co\/wp-content\/uploads\/2020\/03\/messaging-whatsapp.svg","id":2504},"library":"svg"},"_id":"eb8cbe1","link":{"url":"","is_external":"","nofollow":"","custom_attributes":""}}],"space_between":{"unit":"px","size":5,"sizes":[]},"icon_color":"#48aa48","icon_size":{"unit":"px","size":16,"sizes":[]},"text_color":"#ffffff","text_indent":{"unit":"px","size":10,"sizes":[]},"icon_typography_typography":"custom","icon_typography_font_family":"Nunito","icon_typography_font_size":{"unit":"px","size":16,"sizes":[]}},"elements":[],"isInner":false,"widgetType":"icon-list","elType":"widget"}],"isInner":true,"elType":"column"}],"isInner":true,"elType":"section"},{"id":"3c0ef80e","settings":{"space":{"unit":"px","size":60,"sizes":[]}},"elements":[],"isInner":false,"widgetType":"spacer","elType":"widget"}],"isInner":false,"elType":"column"}],"isInner":false,"elType":"section"}]}