{"version":"0.4","title":"Demo 10 &#8211; Contact us","type":"page","content":[{"id":"515b87d6","settings":{"gap":"no","background_background":"classic","background_image":{"id":2488,"url":"https:\/\/demo10.houzez.co\/wp-content\/uploads\/2020\/03\/about-3.jpg"},"background_position":"bottom center","background_repeat":"no-repeat","background_size":"cover","background_overlay_background":"gradient","background_overlay_color":"rgba(0,28,81,0.8)","background_overlay_opacity":{"unit":"px","size":1,"sizes":[]},"animation":"none","background_overlay_color_b":"#00183f","border_width":{"unit":"px","top":"0","right":"0","bottom":"1","left":"0","isLinked":false},"border_color":"#00123f","background_attachment":"fixed","shape_divider_top_flip":"yes","height":"min-height","custom_height":{"unit":"vh","size":100,"sizes":[]}},"elements":[{"id":"7e3d46fd","settings":{"_column_size":100},"elements":[{"id":"38937846","settings":{"space":{"unit":"px","size":100,"sizes":[]}},"elements":[],"isInner":false,"widgetType":"spacer","elType":"widget"},{"id":"3d5f62a6","settings":[],"elements":[{"id":"6f781cbf","settings":{"_column_size":100,"_inline_size":null},"elements":[{"id":"3b3efc5c","settings":{"hz_section_title":"Contact us","hz_section_subtitle":"Fill up the form here below. Our agents will get in touch with you.","section_title_typography_typography":"custom","section_title_typography_font_family":"Raleway","section_title_typography_font_size":{"unit":"px","size":30,"sizes":[]},"section_title_typography_font_weight":"700","section_subtitle_typography_typography":"custom","section_subtitle_typography_font_family":"Nunito","section_subtitle_typography_font_size":{"unit":"px","size":20,"sizes":[]},"section_subtitle_typography_font_weight":"100","houzez_section_title_color":"#FFFFFF","houzez_section_subtitle_color":"#61CE70","section_title_typography_line_height":{"unit":"em","size":1.3,"sizes":[]},"section_title_typography_letter_spacing":{"unit":"px","size":-0.5,"sizes":[]},"section_subtitle_typography_line_height":{"unit":"em","size":1.3,"sizes":[]},"homey_main_title_spacing":{"unit":"px","size":10,"sizes":[]},"houzez_section_title_margin_bottom":{"unit":"px","size":20,"sizes":[]},"houzez_section_title_align":"left","homey_subtitle_spacing":{"unit":"px","size":0,"sizes":[]}},"elements":[],"isInner":false,"widgetType":"houzez_elementor_section_title","elType":"widget"}],"isInner":true,"elType":"column"}],"isInner":true,"elType":"section"},{"id":"91f82cb","settings":{"structure":"30"},"elements":[{"id":"2bab6e76","settings":{"_column_size":33,"_inline_size":50,"align":"flex-start","space_between_widgets":0},"elements":[{"id":"124da1a4","settings":{"form_name":"New Form","form_fields":[{"field_type":"name","field_label":"Name","placeholder":"Name","required":"true","field_options":"","width":"50","width_tablet":"","width_mobile":"","rows":4,"_id":"19a9b37"},{"field_type":"mobile","field_label":"Phone","placeholder":"Phone","required":"true","field_options":"","width":"50","width_tablet":"","width_mobile":"","rows":4,"_id":"9fe1a42"},{"field_type":"email","field_label":"Email","placeholder":"Email","required":"true","field_options":"","width":"100","width_tablet":"","width_mobile":"","rows":4,"_id":"332f916"},{"field_type":"message","field_label":"Message","placeholder":"Message","required":"true","field_options":"","width":"100","width_tablet":"","width_mobile":"","rows":4,"_id":"be41065"}],"show_labels":"","button_text":"Request","email_to":"hello@favethemes.com","email_subject":"New message from &quot;Houzez&quot;","button_background_color":"#61CE70","button_background_hover_color":"rgba(97, 206, 112, 0.76)","input_size":"md","gdpr_agreement":"yes","gdpr_label":"GDPR Agreement","gdpr_text":"I consent to having this website store my submitted information","button_size":"md","label_color":"#FFFFFF","field_text_color":"#000000","field_border_color":"#E6E6E6","field_gdpr_color":"rgba(255, 255, 255, 0.71)","gdpr_typography_typography":"custom","gdpr_typography_font_size":{"unit":"px","size":15,"sizes":[]},"gdpr_typography_line_height":{"unit":"em","size":1.7,"sizes":[]},"gdpr_required":"true","field_border_width":{"unit":"px","top":"2","right":"2","bottom":"2","left":"2","isLinked":true}},"elements":[],"isInner":false,"widgetType":"houzez_elementor_inquiry_form","elType":"widget"},{"id":"729cd333","settings":{"space":{"unit":"px","size":10,"sizes":[]}},"elements":[],"isInner":false,"widgetType":"spacer","elType":"widget"}],"isInner":true,"elType":"column"},{"id":"229e222b","settings":{"_column_size":33,"_inline_size":10},"elements":[],"isInner":true,"elType":"column"},{"id":"12ff850f","settings":{"_column_size":33,"_inline_size":39.332},"elements":[{"id":"66c70a37","settings":{"title":"Nova Condominium","header_size":"div","title_color":"#48aa48","typography_typography":"custom","typography_font_weight":"400","typography_font_family":"Nunito","typography_font_size":{"unit":"px","size":18,"sizes":[]}},"elements":[],"isInner":false,"widgetType":"heading","elType":"widget"},{"id":"32383529","settings":{"icon_list":[{"text":"90 NE 41st St, Miami, FL 33137","selected_icon":{"value":{"url":"https:\/\/demo10.houzez.co\/wp-content\/uploads\/2020\/03\/pin.svg","id":2505},"library":"svg"},"_id":"e6be62c","link":{"url":"","is_external":"","nofollow":"","custom_attributes":""}},{"text":"Get directions","selected_icon":{"value":{"url":"https:\/\/demo10.houzez.co\/wp-content\/uploads\/2020\/03\/pin.svg","id":2505},"library":"svg"},"_id":"095a19d","link":{"url":"https:\/\/goo.gl\/maps\/6tmzQcre4sWeajJV7","is_external":"","nofollow":"","custom_attributes":""}}],"space_between":{"unit":"px","size":5,"sizes":[]},"icon_color":"#48aa48","icon_size":{"unit":"px","size":16,"sizes":[]},"text_color":"#ffffff","text_indent":{"unit":"px","size":10,"sizes":[]},"icon_typography_typography":"custom","icon_typography_font_family":"Nunito","icon_typography_font_size":{"unit":"px","size":16,"sizes":[]}},"elements":[],"isInner":false,"widgetType":"icon-list","elType":"widget"},{"id":"b427b94","settings":{"title":"Sales","header_size":"div","title_color":"#48aa48","typography_typography":"custom","typography_font_weight":"400","typography_font_family":"Nunito","typography_font_size":{"unit":"px","size":18,"sizes":[]}},"elements":[],"isInner":false,"widgetType":"heading","elType":"widget"},{"id":"14e91cef","settings":{"icon_list":[{"text":"(987) 654 3120","selected_icon":{"value":{"url":"https:\/\/demo10.houzez.co\/wp-content\/uploads\/2020\/03\/messaging-whatsapp.svg","id":2504},"library":"svg"},"_id":"e6be62c","link":{"url":"","is_external":"","nofollow":"","custom_attributes":""}},{"text":"(987) 345 6789","selected_icon":{"value":{"url":"https:\/\/demo10.houzez.co\/wp-content\/uploads\/2020\/03\/messaging-whatsapp.svg","id":2504},"library":"svg"},"_id":"a666353","link":{"url":"","is_external":"","nofollow":"","custom_attributes":""}}],"space_between":{"unit":"px","size":5,"sizes":[]},"icon_color":"#48aa48","icon_size":{"unit":"px","size":16,"sizes":[]},"text_color":"#ffffff","text_indent":{"unit":"px","size":10,"sizes":[]},"icon_typography_typography":"custom","icon_typography_font_family":"Nunito","icon_typography_font_size":{"unit":"px","size":16,"sizes":[]}},"elements":[],"isInner":false,"widgetType":"icon-list","elType":"widget"},{"id":"7a0ecbe0","settings":{"title":"We are here","header_size":"div","title_color":"#48aa48","typography_typography":"custom","typography_font_weight":"400","typography_font_family":"Nunito","typography_font_size":{"unit":"px","size":18,"sizes":[]}},"elements":[],"isInner":false,"widgetType":"heading","elType":"widget"},{"id":"72f2c018","settings":{"icon_list":[{"text":"1889 NW 79st St, Miami, FL 33167","selected_icon":{"value":{"url":"https:\/\/demo10.houzez.co\/wp-content\/uploads\/2020\/03\/pin.svg","id":2505},"library":"svg"},"_id":"e6be62c","link":{"url":"","is_external":"","nofollow":"","custom_attributes":""}},{"text":"(786) 897 5423","selected_icon":{"value":{"url":"https:\/\/demo10.houzez.co\/wp-content\/uploads\/2020\/03\/messaging-whatsapp.svg","id":2504},"library":"svg"},"_id":"eb8cbe1","link":{"url":"","is_external":"","nofollow":"","custom_attributes":""}}],"space_between":{"unit":"px","size":5,"sizes":[]},"icon_color":"#48aa48","icon_size":{"unit":"px","size":16,"sizes":[]},"text_color":"#ffffff","text_indent":{"unit":"px","size":10,"sizes":[]},"icon_typography_typography":"custom","icon_typography_font_family":"Nunito","icon_typography_font_size":{"unit":"px","size":16,"sizes":[]}},"elements":[],"isInner":false,"widgetType":"icon-list","elType":"widget"}],"isInner":true,"elType":"column"}],"isInner":true,"elType":"section"},{"id":"4237a77f","settings":{"space":{"unit":"px","size":60,"sizes":[]}},"elements":[],"isInner":false,"widgetType":"spacer","elType":"widget"}],"isInner":false,"elType":"column"}],"isInner":false,"elType":"section"}]}