{"content":[{"id":"5f5d016b","settings":{"margin":{"unit":"px","top":"0","right":0,"bottom":"100","left":0,"isLinked":false},"background_background":"gradient","background_color_stop":{"unit":"%","size":59,"sizes":[]},"background_color_b":"#F9F9F9","background_color_b_stop":{"unit":"%","size":50,"sizes":[]},"margin_mobile":{"unit":"px","top":"0","right":0,"bottom":"0","left":0,"isLinked":true},"__globals__":{"background_color":""},"margin_tablet":{"unit":"px","top":"0","right":0,"bottom":"0","left":0,"isLinked":false},"background_color":"#153048"},"elements":[{"id":"7cb2022c","settings":{"_column_size":100,"_inline_size":null},"elements":[{"id":"2ec206c5","settings":{"structure":"20","margin":{"unit":"px","top":"80","right":0,"bottom":"0","left":0,"isLinked":false},"margin_mobile":{"unit":"px","top":"0","right":0,"bottom":"0","left":0,"isLinked":true}},"elements":[{"id":"4e32c401","settings":{"_column_size":50,"_inline_size":null,"space_between_widgets_mobile":10},"elements":[{"id":"76f6311e","settings":{"title":"About us","typography_typography":"custom","typography_letter_spacing":{"unit":"px","size":-1,"sizes":[]},"__globals__":{"title_color":""},"typography_font_size":{"unit":"px","size":48,"sizes":[]},"typography_line_height":{"unit":"em","size":1.2,"sizes":[]},"_animation":"fadeIn","align_mobile":"center","typography_font_size_mobile":{"unit":"px","size":28,"sizes":[]},"title_color":"#FFFFFF","typography_font_size_tablet":{"unit":"px","size":32,"sizes":[]},"_margin_mobile":{"unit":"px","top":"0","right":"0","bottom":"20","left":"0","isLinked":false}},"elements":[],"isInner":false,"widgetType":"heading","elType":"widget"},{"id":"44b8aa95","settings":{"typography_typography":"custom","typography_font_size":{"unit":"px","size":18,"sizes":[]},"typography_line_height":{"unit":"em","size":1.6,"sizes":[]},"__globals__":{"text_color":""},"editor":"<p>Lorem ipsum dolor sit amet conse ctetur adipiscing elit. Ut elit tellus, luctus nec ullamcorper<\/p>","text_color":"#C0D4E6","_margin":{"unit":"px","top":"0","right":"100","bottom":"0","left":"0","isLinked":false},"_animation":"fadeIn","_animation_delay":200,"align_mobile":"center","typography_font_size_mobile":{"unit":"px","size":16,"sizes":[]},"_margin_mobile":{"unit":"px","top":"0","right":"0","bottom":"0","left":"0","isLinked":true},"_margin_tablet":{"unit":"px","top":"0","right":"0","bottom":"0","left":"0","isLinked":false},"_padding_tablet":{"unit":"px","top":"0","right":"0","bottom":"0","left":"0","isLinked":false}},"elements":[],"isInner":false,"widgetType":"text-editor","elType":"widget"},{"id":"334733d0","settings":{"space":{"unit":"px","size":200,"sizes":[]},"space_mobile":{"unit":"px","size":0,"sizes":[]},"space_tablet":{"unit":"px","size":31,"sizes":[]}},"elements":[],"isInner":false,"widgetType":"spacer","elType":"widget"},{"id":"38a034b6","settings":{"icon_space":{"unit":"px","size":5,"sizes":[]},"_animation":"fadeIn","_animation_delay":800,"align_mobile":"center","_margin_tablet":{"unit":"px","top":"0","right":"0","bottom":"0","left":"0","isLinked":false}},"elements":[],"isInner":false,"widgetType":"star-rating","elType":"widget"},{"id":"5ed1c759","settings":{"editor":"<p>We're a team born out <br \/>of a passion for customer satisfaction<\/p>","typography_typography":"custom","typography_font_size":{"unit":"px","size":24,"sizes":[]},"typography_line_height":{"unit":"em","size":1.4,"sizes":[]},"typography_letter_spacing":{"unit":"px","size":-1,"sizes":[]},"_margin":{"unit":"px","top":"0","right":"200","bottom":"0","left":"0","isLinked":false},"_animation":"fadeIn","_animation_delay":1000,"__globals__":{"text_color":""},"align_mobile":"center","typography_font_size_mobile":{"unit":"px","size":16,"sizes":[]},"_margin_mobile":{"unit":"px","top":"0","right":"0","bottom":"0","left":"0","isLinked":true},"typography_font_size_tablet":{"unit":"px","size":20,"sizes":[]},"_margin_tablet":{"unit":"px","top":"0","right":"0","bottom":"0","left":"0","isLinked":true},"_padding_tablet":{"unit":"px","top":"0","right":"0","bottom":"0","left":"0","isLinked":true},"hide_desktop":"hidden-desktop","hide_tablet":"hidden-tablet","text_color":"#FFFFFF"},"elements":[],"isInner":false,"widgetType":"text-editor","elType":"widget"},{"id":"13bcb145","settings":{"editor":"<p>We're a team born out <br \/>of a passion for customer satisfaction<\/p>","typography_typography":"custom","typography_font_size":{"unit":"px","size":24,"sizes":[]},"typography_line_height":{"unit":"em","size":1.4,"sizes":[]},"typography_letter_spacing":{"unit":"px","size":-1,"sizes":[]},"_margin":{"unit":"px","top":"0","right":"200","bottom":"0","left":"0","isLinked":false},"_animation":"fadeIn","_animation_delay":1000,"__globals__":{"text_color":""},"align_mobile":"center","typography_font_size_mobile":{"unit":"px","size":16,"sizes":[]},"_margin_mobile":{"unit":"px","top":"0","right":"0","bottom":"0","left":"0","isLinked":true},"typography_font_size_tablet":{"unit":"px","size":20,"sizes":[]},"_margin_tablet":{"unit":"px","top":"0","right":"0","bottom":"0","left":"0","isLinked":true},"_padding_tablet":{"unit":"px","top":"0","right":"0","bottom":"0","left":"0","isLinked":true},"hide_mobile":"hidden-phone","text_color":"#153048"},"elements":[],"isInner":false,"widgetType":"text-editor","elType":"widget"}],"isInner":true,"elType":"column"},{"id":"5ad750b7","settings":{"_column_size":50,"_inline_size":null},"elements":[{"id":"4b22fed9","settings":{"image":{"url":"https:\/\/demo20.houzez.co\/wp-content\/uploads\/2020\/03\/205.jpg","id":17330},"image_size":"custom","image_custom_dimension":{"width":"800","height":"800"},"image_box_shadow_box_shadow_type":"yes","image_box_shadow_box_shadow":{"horizontal":0,"vertical":80,"blur":80,"spread":0,"color":"rgba(0, 0, 0, 0.16)"},"_z_index":2,"_animation":"fadeIn","_animation_delay":400,"_margin_mobile":{"unit":"px","top":"0","right":"0","bottom":"0","left":"0","isLinked":true}},"elements":[],"isInner":false,"widgetType":"image","elType":"widget"},{"id":"2e7fc7ed","settings":{"image":{"url":"https:\/\/demo20.houzez.co\/wp-content\/uploads\/2021\/04\/Group-1708.png","id":17403},"width":{"unit":"px","size":166,"sizes":[]},"_z_index":1,"_position":"absolute","_offset_x":{"size":250,"unit":"px"},"_offset_y":{"size":-57,"unit":"px"},"_animation":"fadeInDown","hide_mobile":"hidden-phone","_animation_delay":600,"_offset_x_tablet":{"size":-117,"unit":"px"},"_offset_x_mobile":{"size":-2,"unit":"px"},"_offset_y_tablet":{"size":-44,"unit":"px"},"_offset_y_mobile":{"size":-16,"unit":"px"}},"elements":[],"isInner":false,"widgetType":"image","elType":"widget"}],"isInner":true,"elType":"column"}],"isInner":true,"elType":"section"}],"isInner":false,"elType":"column"}],"isInner":false,"elType":"section"},{"id":"82c3964","settings":{"margin":{"unit":"px","top":"0","right":0,"bottom":"100","left":0,"isLinked":false},"animation":"fadeIn","margin_mobile":{"unit":"px","top":"","right":0,"bottom":"","left":0,"isLinked":true}},"elements":[{"id":"68401483","settings":{"_column_size":100,"_inline_size":null},"elements":[{"id":"16c96f04","settings":[],"elements":[{"id":"3af5a9aa","settings":{"_column_size":100,"_inline_size":null},"elements":[{"id":"241316c3","settings":{"editor":"<p><strong>Houzez is a premium WordPress theme for real estate agents and agencies<\/strong> where modern aesthetics are combined with a tasteful simplicity and where the ease of use is achieved without compromise in your ability to customize the design.<\/p><p>Whether you are a real estate agent looking to build a website for your company or a web developer seeking a perfect WordPress theme for your next project, you are certain to appreciate the numerous features and benefits that our theme provides. Houzez is also a WordPress-based property management system which allows you to own and maintain a real estate marketplace, coordinate your agents, accept submissions and offer membership packages.<\/p><p>Unlike many other real estate themes which confine you to a handful of predefined layouts, <b>Houzez offers a limitless array of possibilities to structure and style your content.<\/b> All of the customization options are logically organized in your WordPress admin panel and thorough customization in the provided documentation.<\/p>","align":"left","typography_typography":"custom","typography_font_size":{"unit":"px","size":16,"sizes":[]},"typography_line_height":{"unit":"em","size":1.7,"sizes":[]},"text_columns":"2","column_gap":{"unit":"px","size":60,"sizes":[]},"align_mobile":"left","_padding":{"unit":"px","top":"0","right":"30","bottom":"0","left":"0","isLinked":false},"_padding_mobile":{"unit":"px","top":"0","right":"0","bottom":"0","left":"0","isLinked":true},"__globals__":{"text_color":""},"text_columns_mobile":"1","text_color":"#565656"},"elements":[],"isInner":false,"widgetType":"text-editor","elType":"widget"}],"isInner":true,"elType":"column"}],"isInner":true,"elType":"section"}],"isInner":false,"elType":"column"}],"isInner":false,"elType":"section"},{"id":"125853a2","settings":{"__globals__":{"background_color":""},"margin":{"unit":"px","top":"0","right":0,"bottom":"100","left":0,"isLinked":false},"animation":"fadeIn"},"elements":[{"id":"6184016e","settings":{"_column_size":100,"_inline_size":null},"elements":[{"id":"3fa34697","settings":{"title":"Leadership","align":"left","typography_typography":"custom","typography_font_size":{"unit":"px","size":14,"sizes":[]},"typography_font_weight":"500","typography_text_transform":"uppercase","typography_line_height":{"unit":"em","size":1.2,"sizes":[]},"typography_letter_spacing":{"unit":"px","size":0,"sizes":[]},"_margin":{"unit":"px","top":"0","right":"0","bottom":"0","left":"0","isLinked":false},"_animation":"none","__globals__":{"title_color":""},"align_mobile":"center","title_color":"#FFA72A"},"elements":[],"isInner":false,"widgetType":"heading","elType":"widget"},{"id":"23e1cafd","settings":{"title":"The people behind <br>the project","typography_typography":"custom","__globals__":{"title_color":""},"typography_letter_spacing":{"unit":"px","size":-1,"sizes":[]},"align_mobile":"center","align":"left","typography_line_height":{"unit":"em","size":1.2,"sizes":[]},"title_color":"#153048"},"elements":[],"isInner":false,"widgetType":"heading","elType":"widget"},{"id":"4568064c","settings":{"structure":"40"},"elements":[{"id":"24641956","settings":{"_column_size":25,"_inline_size":null},"elements":[{"id":"226ede30","settings":{"team_image":{"url":"https:\/\/demo01.houzez.co\/wp-content\/uploads\/2016\/06\/Artboard-1team.jpg","id":1630},"team_description":"Lorem ipsum dolor sit amet, consectetur adipiscing elit. In malesuada, odio sit amet pharetra vehicula, sapien leo egestas magna, vitae auctor diam magna cursus arcu.","team_social_facebook":"#","team_social_facebook_target":"_self","team_social_twitter":"#","team_social_linkedin":"#","team_social_pinterest":"#","team_social_googleplus":"#","_animation":"fadeIn","_animation_delay":250},"elements":[],"isInner":false,"widgetType":"houzez_elementor_team_member","elType":"widget"},{"id":"145ac55e","settings":{"hz_section_title":"Kathleen Grant","hz_section_subtitle":"Founder","section_title_typography_typography":"custom","section_title_typography_font_family":"","section_title_typography_font_size":{"unit":"px","size":16,"sizes":[]},"section_title_typography_letter_spacing":{"unit":"px","size":-0.5,"sizes":[]},"section_subtitle_typography_typography":"custom","section_subtitle_typography_font_family":"","section_subtitle_typography_font_weight":"600","section_subtitle_typography_letter_spacing":{"unit":"px","size":-0.5,"sizes":[]},"houzez_section_title_align":"left","homey_main_title_spacing":{"unit":"px","size":0,"sizes":[]},"homey_subtitle_spacing":{"unit":"px","size":0,"sizes":[]},"houzez_section_title_margin_bottom":{"unit":"px","size":0,"sizes":[]},"_animation_delay":250,"__globals__":{"houzez_section_subtitle_color":"","houzez_section_title_color":""},"houzez_section_title_color":"#153048","houzez_section_subtitle_color":"#FFA72A"},"elements":[],"isInner":false,"widgetType":"houzez_elementor_section_title","elType":"widget"}],"isInner":true,"elType":"column"},{"id":"3f0bc63d","settings":{"_column_size":25,"_inline_size":null},"elements":[{"id":"65576c6f","settings":{"team_image":{"url":"https:\/\/demo01.houzez.co\/wp-content\/uploads\/2016\/06\/Artboard-4team.jpg","id":1633},"team_description":"Lorem ipsum dolor sit amet, consectetur adipiscing elit. In malesuada, odio sit amet pharetra vehicula, sapien leo egestas magna, vitae auctor diam magna cursus arcu.","team_social_facebook":"#","team_social_facebook_target":"_self","team_social_twitter":"#","team_social_linkedin":"#","team_social_pinterest":"#","team_social_googleplus":"#","_margin":{"unit":"px","top":"60","right":"0","bottom":"0","left":"0","isLinked":false},"_animation":"fadeIn","_animation_delay":500},"elements":[],"isInner":false,"widgetType":"houzez_elementor_team_member","elType":"widget"},{"id":"63b6f39f","settings":{"hz_section_title":"Keith Bailey","hz_section_subtitle":"CEO","section_title_typography_typography":"custom","section_title_typography_font_family":"","section_title_typography_font_size":{"unit":"px","size":16,"sizes":[]},"section_title_typography_letter_spacing":{"unit":"px","size":-0.5,"sizes":[]},"section_subtitle_typography_typography":"custom","section_subtitle_typography_font_family":"","section_subtitle_typography_font_weight":"600","section_subtitle_typography_letter_spacing":{"unit":"px","size":-0.5,"sizes":[]},"houzez_section_title_align":"left","homey_main_title_spacing":{"unit":"px","size":0,"sizes":[]},"homey_subtitle_spacing":{"unit":"px","size":0,"sizes":[]},"houzez_section_title_margin_bottom":{"unit":"px","size":0,"sizes":[]},"_animation_delay":250,"__globals__":{"houzez_section_subtitle_color":"","houzez_section_title_color":""},"houzez_section_title_color":"#153048","houzez_section_subtitle_color":"#FFA72A"},"elements":[],"isInner":false,"widgetType":"houzez_elementor_section_title","elType":"widget"}],"isInner":true,"elType":"column"},{"id":"1e698855","settings":{"_column_size":25,"_inline_size":null},"elements":[{"id":"453d3ba","settings":{"team_image":{"url":"https:\/\/demo01.houzez.co\/wp-content\/uploads\/2016\/06\/Artboard-2team.jpg","id":1631},"team_description":"Lorem ipsum dolor sit amet, consectetur adipiscing elit. In malesuada, odio sit amet pharetra vehicula, sapien leo egestas magna, vitae auctor diam magna cursus arcu.","team_social_facebook":"#","team_social_facebook_target":"_self","team_social_twitter":"#","team_social_linkedin":"#","team_social_pinterest":"#","team_social_googleplus":"#","_animation":"fadeIn","_animation_delay":750},"elements":[],"isInner":false,"widgetType":"houzez_elementor_team_member","elType":"widget"},{"id":"40800ea7","settings":{"hz_section_title":"Danielle Murray","hz_section_subtitle":"Manager","section_title_typography_typography":"custom","section_title_typography_font_family":"","section_title_typography_font_size":{"unit":"px","size":16,"sizes":[]},"section_title_typography_letter_spacing":{"unit":"px","size":-0.5,"sizes":[]},"section_subtitle_typography_typography":"custom","section_subtitle_typography_font_family":"","section_subtitle_typography_font_weight":"600","section_subtitle_typography_letter_spacing":{"unit":"px","size":-0.5,"sizes":[]},"houzez_section_title_align":"left","homey_main_title_spacing":{"unit":"px","size":0,"sizes":[]},"homey_subtitle_spacing":{"unit":"px","size":0,"sizes":[]},"houzez_section_title_margin_bottom":{"unit":"px","size":0,"sizes":[]},"_animation_delay":250,"__globals__":{"houzez_section_subtitle_color":"","houzez_section_title_color":""},"houzez_section_title_color":"#153048","houzez_section_subtitle_color":"#FFA72A"},"elements":[],"isInner":false,"widgetType":"houzez_elementor_section_title","elType":"widget"}],"isInner":true,"elType":"column"},{"id":"4483c2f2","settings":{"_column_size":25,"_inline_size":null},"elements":[{"id":"6d182d96","settings":{"team_image":{"url":"https:\/\/demo01.houzez.co\/wp-content\/uploads\/2016\/06\/Artboard-3team.jpg","id":1632},"team_description":"Lorem ipsum dolor sit amet, consectetur adipiscing elit. In malesuada, odio sit amet pharetra vehicula, sapien leo egestas magna, vitae auctor diam magna cursus arcu.","team_social_facebook":"#","team_social_facebook_target":"_self","team_social_twitter":"#","team_social_linkedin":"#","team_social_pinterest":"#","team_social_googleplus":"#","_margin":{"unit":"px","top":"60","right":"0","bottom":"0","left":"0","isLinked":false},"_animation":"fadeIn","_animation_delay":1000},"elements":[],"isInner":false,"widgetType":"houzez_elementor_team_member","elType":"widget"},{"id":"1166934f","settings":{"hz_section_title":"Thomas Stevens","hz_section_subtitle":"Founder","section_title_typography_typography":"custom","section_title_typography_font_family":"","section_title_typography_font_size":{"unit":"px","size":16,"sizes":[]},"section_title_typography_letter_spacing":{"unit":"px","size":-0.5,"sizes":[]},"section_subtitle_typography_typography":"custom","section_subtitle_typography_font_family":"","section_subtitle_typography_font_weight":"600","section_subtitle_typography_letter_spacing":{"unit":"px","size":-0.5,"sizes":[]},"houzez_section_title_align":"left","homey_main_title_spacing":{"unit":"px","size":0,"sizes":[]},"homey_subtitle_spacing":{"unit":"px","size":0,"sizes":[]},"houzez_section_title_margin_bottom":{"unit":"px","size":0,"sizes":[]},"_animation_delay":250,"__globals__":{"houzez_section_subtitle_color":"","houzez_section_title_color":""},"houzez_section_title_color":"#153048","houzez_section_subtitle_color":"#FFA72A"},"elements":[],"isInner":false,"widgetType":"houzez_elementor_section_title","elType":"widget"}],"isInner":true,"elType":"column"}],"isInner":true,"elType":"section"},{"id":"55719b6f","settings":[],"elements":[],"isInner":false,"widgetType":"spacer","elType":"widget"}],"isInner":false,"elType":"column"}],"isInner":false,"elType":"section"},{"id":"24071dde","settings":{"__globals__":{"background_color":""},"margin":{"unit":"px","top":"0","right":0,"bottom":"100","left":0,"isLinked":false},"animation":"fadeIn","overflow":"hidden","margin_mobile":{"unit":"px","top":"0","right":0,"bottom":"0","left":0,"isLinked":false}},"elements":[{"id":"49d6f2bd","settings":{"_column_size":100,"_inline_size":null},"elements":[{"id":"c214147","settings":{"title":"Partnership","align":"left","typography_typography":"custom","typography_font_size":{"unit":"px","size":14,"sizes":[]},"typography_font_weight":"500","typography_text_transform":"uppercase","typography_line_height":{"unit":"em","size":1.2,"sizes":[]},"typography_letter_spacing":{"unit":"px","size":0,"sizes":[]},"_margin":{"unit":"px","top":"0","right":"0","bottom":"0","left":"0","isLinked":false},"_animation":"none","__globals__":{"title_color":""},"align_mobile":"center","title_color":"#FFA72A"},"elements":[],"isInner":false,"widgetType":"heading","elType":"widget"},{"id":"5944a666","settings":{"title":"We work with<br>\nthe best companies","typography_typography":"custom","__globals__":{"title_color":""},"typography_letter_spacing":{"unit":"px","size":-1,"sizes":[]},"align_mobile":"center","align":"left","typography_line_height":{"unit":"em","size":1.2,"sizes":[]},"title_color":"#153048"},"elements":[],"isInner":false,"widgetType":"heading","elType":"widget"},{"id":"22c60027","settings":{"image":{"url":"https:\/\/demo20.houzez.co\/wp-content\/uploads\/2021\/04\/map.png","id":17981},"_animation":"fadeIn","_position":"absolute","_offset_x":{"size":417,"unit":"px"},"_offset_y":{"size":-123,"unit":"px"},"_offset_x_tablet":{"size":279,"unit":"px"},"_offset_y_tablet":{"size":-91,"unit":"px"},"_offset_x_mobile":{"size":1,"unit":"px"},"_offset_y_mobile":{"size":24,"unit":"px"}},"elements":[],"isInner":false,"widgetType":"image","elType":"widget"},{"id":"70b0441a","settings":{"structure":"40","z_index":2},"elements":[{"id":"69e8983f","settings":{"_column_size":25,"_inline_size":null},"elements":[{"id":"19eeb81","settings":{"image":{"url":"https:\/\/demo20.houzez.co\/wp-content\/uploads\/2016\/03\/partner-05-e1582734603812.jpg","id":1122},"opacity":{"unit":"px","size":0.5,"sizes":[]},"opacity_hover":{"unit":"px","size":1,"sizes":[]},"background_hover_transition":{"unit":"px","size":0,"sizes":[]},"image_box_shadow_box_shadow":{"horizontal":0,"vertical":40,"blur":40,"spread":0,"color":"rgba(0,0,0,0.5)"},"_padding":{"unit":"px","top":"50","right":"50","bottom":"50","left":"50","isLinked":true},"_animation":"fadeIn","_animation_delay":250,"_background_background":"classic","_box_shadow_box_shadow_type":"yes","_box_shadow_box_shadow":{"horizontal":0,"vertical":40,"blur":40,"spread":0,"color":"rgba(0, 0, 0, 0.16)"},"__globals__":{"_background_color":"globals\/colors?id=cf956c5"}},"elements":[],"isInner":false,"widgetType":"image","elType":"widget"},{"id":"2f1b8c3d","settings":{"hz_section_title":"Charles Bentley","hz_section_subtitle":"Land & Developer","section_title_typography_typography":"custom","section_title_typography_font_family":"","section_title_typography_font_size":{"unit":"px","size":16,"sizes":[]},"section_title_typography_letter_spacing":{"unit":"px","size":-0.5,"sizes":[]},"section_subtitle_typography_typography":"custom","section_subtitle_typography_font_family":"","section_subtitle_typography_font_weight":"600","section_subtitle_typography_letter_spacing":{"unit":"px","size":-0.5,"sizes":[]},"houzez_section_title_align":"left","homey_main_title_spacing":{"unit":"px","size":0,"sizes":[]},"homey_subtitle_spacing":{"unit":"px","size":0,"sizes":[]},"houzez_section_title_margin_bottom":{"unit":"px","size":0,"sizes":[]},"_margin":{"unit":"px","top":"0","right":"0","bottom":"30","left":"0","isLinked":false},"__globals__":{"houzez_section_subtitle_color":"","houzez_section_title_color":""},"houzez_section_title_color":"#153048","houzez_section_subtitle_color":"#FFA72A"},"elements":[],"isInner":false,"widgetType":"houzez_elementor_section_title","elType":"widget"}],"isInner":true,"elType":"column"},{"id":"14207028","settings":{"_column_size":25,"_inline_size":null},"elements":[{"id":"76eb1091","settings":{"image":{"url":"https:\/\/demo20.houzez.co\/wp-content\/uploads\/2016\/03\/partner-04-e1582734649458.jpg","id":1121},"opacity":{"unit":"px","size":0.5,"sizes":[]},"opacity_hover":{"unit":"px","size":1,"sizes":[]},"image_box_shadow_box_shadow":{"horizontal":0,"vertical":40,"blur":40,"spread":0,"color":"rgba(0,0,0,0.5)"},"_margin":{"unit":"px","top":"50","right":"0","bottom":"0","left":"0","isLinked":false},"_padding":{"unit":"px","top":"50","right":"50","bottom":"50","left":"50","isLinked":true},"_animation":"fadeIn","_animation_delay":500,"_background_background":"classic","_box_shadow_box_shadow_type":"yes","_box_shadow_box_shadow":{"horizontal":0,"vertical":40,"blur":40,"spread":0,"color":"rgba(0, 0, 0, 0.16)"},"__globals__":{"_background_color":"globals\/colors?id=cf956c5"},"_margin_mobile":{"unit":"px","top":"0","right":"0","bottom":"0","left":"0","isLinked":true}},"elements":[],"isInner":false,"widgetType":"image","elType":"widget"},{"id":"750acf0d","settings":{"hz_section_title":"Horizon Homes","hz_section_subtitle":"Property management","section_title_typography_typography":"custom","section_title_typography_font_family":"","section_title_typography_font_size":{"unit":"px","size":16,"sizes":[]},"section_title_typography_letter_spacing":{"unit":"px","size":-0.5,"sizes":[]},"section_subtitle_typography_typography":"custom","section_subtitle_typography_font_family":"","section_subtitle_typography_font_weight":"600","section_subtitle_typography_letter_spacing":{"unit":"px","size":-0.5,"sizes":[]},"houzez_section_title_align":"left","homey_main_title_spacing":{"unit":"px","size":0,"sizes":[]},"homey_subtitle_spacing":{"unit":"px","size":0,"sizes":[]},"houzez_section_title_margin_bottom":{"unit":"px","size":0,"sizes":[]},"_margin":{"unit":"px","top":"0","right":"0","bottom":"30","left":"0","isLinked":false},"__globals__":{"houzez_section_subtitle_color":"","houzez_section_title_color":""},"houzez_section_title_color":"#153048","houzez_section_subtitle_color":"#FFA72A"},"elements":[],"isInner":false,"widgetType":"houzez_elementor_section_title","elType":"widget"}],"isInner":true,"elType":"column"},{"id":"3e8b39f9","settings":{"_column_size":25,"_inline_size":null},"elements":[{"id":"18a3ee89","settings":{"image":{"url":"https:\/\/demo20.houzez.co\/wp-content\/uploads\/2021\/04\/partner-03-e1582734671602.jpg","id":17781},"opacity":{"unit":"px","size":0.5,"sizes":[]},"opacity_hover":{"unit":"px","size":1,"sizes":[]},"image_box_shadow_box_shadow":{"horizontal":0,"vertical":40,"blur":40,"spread":0,"color":"rgba(0,0,0,0.5)"},"_margin":{"unit":"px","top":"0","right":"0","bottom":"0","left":"0","isLinked":false},"_padding":{"unit":"px","top":"50","right":"50","bottom":"50","left":"50","isLinked":true},"_animation":"fadeIn","_animation_delay":750,"_background_background":"classic","_box_shadow_box_shadow_type":"yes","_box_shadow_box_shadow":{"horizontal":0,"vertical":40,"blur":40,"spread":0,"color":"rgba(0, 0, 0, 0.16)"},"__globals__":{"_background_color":"globals\/colors?id=cf956c5"}},"elements":[],"isInner":false,"widgetType":"image","elType":"widget"},{"id":"77f77758","settings":{"hz_section_title":"Home","hz_section_subtitle":"Real Estate Developer","section_title_typography_typography":"custom","section_title_typography_font_family":"","section_title_typography_font_size":{"unit":"px","size":16,"sizes":[]},"section_title_typography_letter_spacing":{"unit":"px","size":-0.5,"sizes":[]},"section_subtitle_typography_typography":"custom","section_subtitle_typography_font_family":"","section_subtitle_typography_font_weight":"600","section_subtitle_typography_letter_spacing":{"unit":"px","size":-0.5,"sizes":[]},"houzez_section_title_align":"left","homey_main_title_spacing":{"unit":"px","size":0,"sizes":[]},"homey_subtitle_spacing":{"unit":"px","size":0,"sizes":[]},"houzez_section_title_margin_bottom":{"unit":"px","size":0,"sizes":[]},"_margin":{"unit":"px","top":"0","right":"0","bottom":"30","left":"0","isLinked":false},"__globals__":{"houzez_section_subtitle_color":"","houzez_section_title_color":""},"houzez_section_title_color":"#153048","houzez_section_subtitle_color":"#FFA72A"},"elements":[],"isInner":false,"widgetType":"houzez_elementor_section_title","elType":"widget"}],"isInner":true,"elType":"column"},{"id":"1cddb673","settings":{"_column_size":25,"_inline_size":null},"elements":[{"id":"627948f","settings":{"image":{"url":"https:\/\/demo20.houzez.co\/wp-content\/uploads\/2021\/04\/partner-02-e1582734691936.jpg","id":17779},"opacity":{"unit":"px","size":0.5,"sizes":[]},"opacity_hover":{"unit":"px","size":1,"sizes":[]},"image_box_shadow_box_shadow":{"horizontal":0,"vertical":40,"blur":40,"spread":0,"color":"rgba(0,0,0,0.5)"},"_margin":{"unit":"px","top":"50","right":"0","bottom":"0","left":"0","isLinked":false},"_padding":{"unit":"px","top":"50","right":"50","bottom":"50","left":"50","isLinked":true},"_animation":"fadeIn","_animation_delay":1000,"_background_background":"classic","_box_shadow_box_shadow_type":"yes","_box_shadow_box_shadow":{"horizontal":0,"vertical":40,"blur":40,"spread":0,"color":"rgba(0, 0, 0, 0.16)"},"__globals__":{"_background_color":"globals\/colors?id=cf956c5"},"_margin_mobile":{"unit":"px","top":"0","right":"0","bottom":"0","left":"0","isLinked":true}},"elements":[],"isInner":false,"widgetType":"image","elType":"widget"},{"id":"59f73196","settings":{"hz_section_title":"Hillstrom","hz_section_subtitle":"Real Estate","section_title_typography_typography":"custom","section_title_typography_font_family":"","section_title_typography_font_size":{"unit":"px","size":16,"sizes":[]},"section_title_typography_letter_spacing":{"unit":"px","size":-0.5,"sizes":[]},"section_subtitle_typography_typography":"custom","section_subtitle_typography_font_family":"","section_subtitle_typography_font_weight":"600","section_subtitle_typography_letter_spacing":{"unit":"px","size":-0.5,"sizes":[]},"houzez_section_title_align":"left","homey_main_title_spacing":{"unit":"px","size":0,"sizes":[]},"homey_subtitle_spacing":{"unit":"px","size":0,"sizes":[]},"houzez_section_title_margin_bottom":{"unit":"px","size":0,"sizes":[]},"_margin":{"unit":"px","top":"0","right":"0","bottom":"30","left":"0","isLinked":false},"__globals__":{"houzez_section_subtitle_color":"","houzez_section_title_color":""},"houzez_section_title_color":"#153048","houzez_section_subtitle_color":"#FFA72A"},"elements":[],"isInner":false,"widgetType":"houzez_elementor_section_title","elType":"widget"}],"isInner":true,"elType":"column"}],"isInner":true,"elType":"section"}],"isInner":false,"elType":"column"}],"isInner":false,"elType":"section"},{"id":"1cba9485","settings":{"background_background":"classic","margin":{"unit":"px","top":"0","right":0,"bottom":"0","left":0,"isLinked":false},"padding":{"unit":"px","top":"0","right":"0","bottom":"90","left":"0","isLinked":false},"__globals__":{"background_color":""},"animation":"fadeIn","overflow":"hidden"},"elements":[{"id":"72aad93f","settings":{"_column_size":100,"_inline_size":null},"elements":[{"id":"2127fe04","settings":{"structure":"30","background_background":"classic","border_radius":{"unit":"px","top":"16","right":"16","bottom":"16","left":"16","isLinked":true},"box_shadow_box_shadow":{"horizontal":0,"vertical":40,"blur":80,"spread":0,"color":"rgba(0, 0, 0, 0.16)"},"padding":{"unit":"px","top":"53","right":"53","bottom":"53","left":"53","isLinked":true},"z_index":1,"__globals__":{"background_color":""},"overflow":"hidden","padding_mobile":{"unit":"px","top":"30","right":"30","bottom":"30","left":"30","isLinked":true},"background_color":"#153048"},"elements":[{"id":"c6169c5","settings":{"_column_size":33,"_inline_size":36.332},"elements":[{"id":"5cfd37e","settings":{"title":"Are you selling?","align":"left","typography_typography":"custom","typography_letter_spacing":{"unit":"px","size":0,"sizes":[]},"__globals__":{"title_color":""},"_animation":"none","_margin":{"unit":"px","top":"0","right":"0","bottom":"0","left":"0","isLinked":false},"header_size":"div","typography_font_size":{"unit":"px","size":14,"sizes":[]},"typography_font_weight":"600","typography_text_transform":"uppercase","typography_line_height":{"unit":"em","size":1.2,"sizes":[]},"title_color":"#FFA72A"},"elements":[],"isInner":false,"widgetType":"heading","elType":"widget"},{"id":"6fda832e","settings":{"title":"We deliver accurate property valuation reports","align":"left","typography_typography":"custom","typography_letter_spacing":{"unit":"px","size":-1.5,"sizes":[]},"__globals__":{"title_color":""},"_animation":"none","_margin":{"unit":"px","top":"0","right":"0","bottom":"0","left":"0","isLinked":false},"typography_font_size":{"unit":"px","size":30,"sizes":[]},"typography_line_height":{"unit":"em","size":1.2,"sizes":[]},"_z_index_mobile":1,"title_color":"#FFFFFF"},"elements":[],"isInner":false,"widgetType":"heading","elType":"widget"}],"isInner":true,"elType":"column"},{"id":"3eaf539c","settings":{"_column_size":33,"_inline_size":12.963},"elements":[],"isInner":true,"elType":"column"},{"id":"40429459","settings":{"_column_size":33,"_inline_size":50.037},"elements":[{"id":"21cf09b4","settings":{"typography_typography":"custom","typography_font_size":{"unit":"px","size":15,"sizes":[]},"typography_line_height":{"unit":"em","size":1.6,"sizes":[]},"__globals__":{"text_color":""},"editor":"<p>Lorem ipsum dolor sit amet, consectetur adipiscing elit. Ut elit tellus, luctus nec ullamcorper mattis, pulvinar sed do eiusmod tempor.<\/p>","text_color":"#C0D4E6","_margin":{"unit":"px","top":"0","right":"70","bottom":"0","left":"0","isLinked":false},"_z_index_mobile":2},"elements":[],"isInner":false,"widgetType":"text-editor","elType":"widget"},{"id":"433b01cd","settings":{"text":"Request a valuation","size":"md","typography_typography":"custom","typography_font_weight":"500","button_text_color":"#FFFFFF","background_color":"#FFA72A","button_box_shadow_box_shadow_type":"yes","button_box_shadow_box_shadow":{"horizontal":0,"vertical":20,"blur":40,"spread":0,"color":"rgba(0, 0, 0, 0.16)"},"__globals__":{"button_text_color":"","background_color":"","hover_color":""},"button_background_hover_color":"#FF7800","link":{"url":"https:\/\/demo20.houzez.co\/inquiry-form\/","is_external":"","nofollow":"","custom_attributes":""},"align_mobile":"justify","_z_index_mobile":3,"hover_color":"#FFFFFF"},"elements":[],"isInner":false,"widgetType":"button","elType":"widget"},{"id":"d9286fe","settings":{"image":{"url":"https:\/\/demo20.houzez.co\/wp-content\/uploads\/2021\/04\/agent-isolated-2.png","id":17856},"image_size":"custom","image_custom_dimension":{"width":"300","height":"350"},"_position":"absolute","_offset_x":{"size":260,"unit":"px"},"_offset_y":{"size":-103,"unit":"px"},"_animation":"fadeInRight","_animation_delay":300,"width_mobile":{"unit":"%","size":87,"sizes":[]},"_z_index_mobile":1,"_offset_orientation_h":"end","_offset_x_mobile":{"size":21.878,"unit":"%"},"_offset_x_end_mobile":{"unit":"%","size":-41,"sizes":[]},"_offset_orientation_v":"end","_offset_y_mobile":{"size":19.503,"unit":"%"},"_offset_y_end_mobile":{"unit":"px","size":-30,"sizes":[]},"_offset_x_end":{"size":-51,"unit":"%"},"_offset_y_end":{"size":-54,"unit":"px"}},"elements":[],"isInner":false,"widgetType":"image","elType":"widget"}],"isInner":true,"elType":"column"}],"isInner":true,"elType":"section"}],"isInner":false,"elType":"column"}],"isInner":false,"elType":"section"},{"id":"29bbeb3","settings":{"__globals__":{"background_color":""},"margin":{"unit":"px","top":"0","right":0,"bottom":"50","left":0,"isLinked":false},"animation":"fadeIn"},"elements":[{"id":"42bfb48","settings":{"_column_size":100,"_inline_size":null},"elements":[{"id":"3492d8d1","settings":{"title":"From our Blog","align":"left","typography_typography":"custom","typography_font_size":{"unit":"px","size":14,"sizes":[]},"typography_font_weight":"500","typography_text_transform":"uppercase","typography_line_height":{"unit":"em","size":1.2,"sizes":[]},"typography_letter_spacing":{"unit":"px","size":0,"sizes":[]},"_margin":{"unit":"px","top":"0","right":"0","bottom":"0","left":"0","isLinked":false},"_animation":"none","__globals__":{"title_color":""},"align_mobile":"center","title_color":"#FFA72A"},"elements":[],"isInner":false,"widgetType":"heading","elType":"widget"},{"id":"1f94845d","settings":{"title":"Stay updated<br>\nwith the latest news","typography_typography":"custom","__globals__":{"title_color":""},"typography_letter_spacing":{"unit":"px","size":-1,"sizes":[]},"align_mobile":"center","align":"left","typography_line_height":{"unit":"em","size":1.2,"sizes":[]},"title_color":"#153048"},"elements":[],"isInner":false,"widgetType":"heading","elType":"widget"},{"id":"7b9bb64","settings":[],"elements":[{"id":"14cf1478","settings":{"_column_size":100,"_inline_size":null},"elements":[{"id":"513d648a","settings":{"posts_limit":4,"box_padding_top":{"unit":"px","size":20,"sizes":[]},"image_margin":{"unit":"px","size":20,"sizes":[]},"title_color":"#153048","title_typo_typography":"custom","title_typo_font_weight":"600","title_typo_letter_spacing":{"unit":"px","size":-0.5,"sizes":[]},"content_color":"#565656","postmeta_color":"#FFA72A","postmeta_cat_color":"#FFA72A","postmeta_margin_bottom":{"unit":"px","size":5,"sizes":[]},"__globals__":{"title_color":"","content_color":"","postmeta_color":"","postmeta_cat_color":""},"show_author":"","show_date":""},"elements":[],"isInner":false,"widgetType":"houzez_elementor_blog_posts","elType":"widget"}],"isInner":true,"elType":"column"}],"isInner":true,"elType":"section"},{"id":"111e05ea","settings":[],"elements":[],"isInner":false,"widgetType":"spacer","elType":"widget"}],"isInner":false,"elType":"column"}],"isInner":false,"elType":"section"}],"page_settings":[],"version":"0.4","title":"Demo 20 &#8211; About us","type":"page"}