{"version":"0.4","title":"Demo 01 &#8211; Inquiry form","type":"page","content":[{"id":"637862f1","settings":{"content_width":{"unit":"px","size":720,"sizes":[]}},"elements":[{"id":"7652a5ea","settings":{"_column_size":100,"_inline_size":null},"elements":[{"id":"34391b94","settings":[],"elements":[],"isInner":false,"widgetType":"houzez_elementor_space","elType":"widget"},{"id":"1728de27","settings":{"gap":"no","background_background":"classic","background_color":"#FFFFFF","border_radius":{"unit":"px","top":"6","right":"6","bottom":"6","left":"6","isLinked":true},"box_shadow_box_shadow_type":"yes","box_shadow_box_shadow":{"horizontal":0,"vertical":20,"blur":40,"spread":0,"color":"rgba(0, 0, 0, 0.1)"},"padding":{"unit":"px","top":"50","right":"50","bottom":"30","left":"50","isLinked":false},"animation":"fadeIn","animation_duration":"slow"},"elements":[{"id":"2790c042","settings":{"_column_size":100,"_inline_size":null,"space_between_widgets":0},"elements":[{"id":"1dcbce60","settings":{"editor":"<h3>Custom Inquiry Form<\/h3><p>The Inquiry Form widget allows you to design unique forms to capture your leads. This form automatically connects with the integrated Houzez CRM and your email inbox to keep everything on track.<\/p>","typography_typography":"custom","typography_font_size":{"unit":"px","size":17,"sizes":[]},"typography_line_height":{"unit":"em","size":1.7,"sizes":[]},"_background_color":"#FFFFFF","_margin":{"unit":"px","top":"0","right":"0","bottom":"30","left":"0","isLinked":false}},"elements":[],"isInner":false,"widgetType":"text-editor","elType":"widget"},{"id":"219a491f","settings":{"form_name":"New Form","form_fields":[{"field_type":"enquiry_type","field_label":"Inquiry Type","placeholder":"Select","required":"true","field_options":"","width":"100","width_tablet":"","width_mobile":"","rows":4,"_id":"ba6c34c"},{"field_type":"user_type","field_label":"Information","placeholder":"I'm a ","required":"true","field_options":"I'm a real estate agent\nI'm a property owner","width":"100","width_tablet":"","width_mobile":"","rows":4,"_id":"b7fe77d"},{"field_type":"first_name","field_label":"","placeholder":"First Name","required":"true","field_options":"","width":"50","width_tablet":"","width_mobile":"","rows":4,"_id":"cc6b92f"},{"field_type":"last_name","field_label":"","placeholder":"Last Name","required":"","field_options":"","width":"50","width_tablet":"","width_mobile":"","rows":4,"_id":"3cc124e"},{"field_type":"email","field_label":"","placeholder":"Email Address","required":"true","field_options":"","width":"50","width_tablet":"","width_mobile":"","rows":4,"_id":"932d82c"},{"field_type":"mobile","field_label":"","placeholder":"Mobile","required":"true","field_options":"","width":"50","width_tablet":"","width_mobile":"","rows":4,"_id":"304b68f"},{"field_type":"e_meta[city]","field_label":"Location","placeholder":"Select City","required":"true","field_options":"","width":"33","width_tablet":"","width_mobile":"","rows":4,"_id":"bf1d035"},{"field_type":"e_meta[area]","field_label":"&nbsp;","placeholder":"Select Area","required":"true","field_options":"","width":"33","width_tablet":"","width_mobile":"","rows":4,"_id":"d2cd125"},{"field_type":"e_meta[state]","field_label":"&nbsp;","placeholder":"Select State","required":"true","field_options":"","width":"33","width_tablet":"","width_mobile":"","rows":4,"_id":"9ed83fe"},{"field_type":"e_meta[country]","field_label":"","placeholder":"Select Country","required":"true","field_options":"","width":"50","width_tablet":"","width_mobile":"","rows":4,"_id":"28a8adb"},{"field_type":"e_meta[zipcode]","field_label":"","placeholder":"Zip Code","required":"true","field_options":"","width":"50","width_tablet":"","width_mobile":"","rows":4,"_id":"f0ee6fc"},{"field_type":"e_meta[property_type]","field_label":"Property","placeholder":"Select type","required":"true","field_options":"","width":"100","width_tablet":"","width_mobile":"","rows":4,"_id":"3180222"},{"field_type":"e_meta[price]","field_label":"","placeholder":"Max price","required":"true","field_options":"","width":"50","width_tablet":"","width_mobile":"","rows":4,"_id":"c549d17"},{"field_type":"e_meta[area-size]","field_label":"","placeholder":"Minimum size (Sq Ft)","required":"true","field_options":"","width":"50","width_tablet":"","width_mobile":"","rows":4,"_id":"e08cbcb"},{"field_type":"e_meta[beds]","field_label":"","placeholder":"Number of beds","required":"true","field_options":"","width":"50","width_tablet":"","width_mobile":"","rows":4,"_id":"66cc0de"},{"field_type":"e_meta[baths]","field_label":"","placeholder":"Number of baths","required":"true","field_options":"","width":"50","width_tablet":"","width_mobile":"","rows":4,"_id":"dea086f"},{"field_type":"message","field_label":"Message","placeholder":"","required":"","field_options":"","width":"100","width_tablet":"","width_mobile":"","rows":4,"_id":"95c61a9"}],"input_size":"md","button_text":"Submit","button_size":"md","email_to":"hello@favethemes.com","email_subject":"New message from &quot;Houzez 01&quot;","field_border_width":{"unit":"px","top":"2","right":"2","bottom":"2","left":"2","isLinked":true},"_background_color":"#FFFFFF","gdpr_agreement":"yes","gdpr_label":"GDPR Agreement","gdpr_text":"I consent to having this website store my submitted information","gdpr_required":"true","con_google_recaptcha":"yes"},"elements":[],"isInner":false,"widgetType":"houzez_elementor_inquiry_form","elType":"widget"}],"isInner":true,"elType":"column"}],"isInner":true,"elType":"section"},{"id":"718651de","settings":[],"elements":[],"isInner":false,"widgetType":"spacer","elType":"widget"}],"isInner":false,"elType":"column"}],"isInner":false,"elType":"section"}]}