{"default-sidebar":{"search-7":{"title":"Blog Search"},"categories-2":{"title":"Topics","count":1,"hierarchical":0,"dropdown":0},"calendar-2":{"title":"Calendar"},"archives-2":{"title":"Archives","count":1,"dropdown":0},"recent-comments-2":{"title":"Recent Comments","number":5},"tag_cloud-2":{"title":"Tags","taxonomy":"post_tag"}},"property-listing":{"houzez_property_taxonomies-11":{"title":"Property Types","taxonomy":"property_type","tax_count":"yes","tax_child":"no"},"houzez_featured_properties-10":{"title":"Featured","items_num":"5","widget_type":"slider"}},"search-sidebar":{"houzez_property_taxonomies-13":{"title":"Popular Cities","taxonomy":"property_city","tax_count":"yes","tax_child":"yes"},"houzez_featured_properties-12":{"title":"Featured Listings","items_num":"5","widget_type":"slider"}},"page-sidebar":{"houzez_contact-8":{"title":"Contact Us","about_text":"","phone":"(800) 876 5432","email":"houzez@email.com","address":"8700 Brickel Dr. Suite #108 - 33139 Miami, FL","more_url":"#"}},"footer-sidebar-1":{"houzez_about_widget-4":{"title":"About Site","img_url":"","about_text":"Houzez is a premium WordPress theme for real estate where modern aesthetics are combined with tasteful simplicity.","more_url":"http:\/\/houzez01.favethemes.com\/about-houzez\/"}},"footer-sidebar-2":{"houzez_contact-5":{"title":"Contact Us","about_text":"","phone":"Call us FREE +1 (800) 990 8877","email":"email@email.com","address":"774 NE 84th St Miami, FL 33879","more_url":"http:\/\/demo09.houzez.co\/contact\/"}},"footer-sidebar-3":{"mc4wp_form_widget-7":{"title":"Newsletter"}}}