{"default-sidebar":{"categories-2":{"title":"","count":0,"hierarchical":0,"dropdown":0},"houzez_properties-3":{"title":"Properties","items_num":"5","prop_type":"","prop_status":"","prop_city":"","prop_area":"","prop_state":"","prop_label":""},"houzez_contact-2":{"title":"Contact Us","about_text":"","phone":"(987) 654 3210","fax":"","email":"adam@email.com","address":"135 Bradley Pl, Palm Beach, FL","more_url":""}},"property-listing":{"houzez_featured_properties-2":{"title":"Featured Listings","items_num":"5","widget_type":"slider"},"houzez_property_taxonomies-2":{"title":"Property Type","taxonomy":"property_type","tax_count":"no","tax_child":"yes"},"houzez_property_taxonomies-3":{"title":"Cities","taxonomy":"property_city","tax_count":"no","tax_child":"yes"}},"search-sidebar":{"mc4wp_form_widget-2":{"title":"Newsletter"},"mc4wp_form_widget-3":{"title":"Newsletter"},"mc4wp_form_widget-4":{"title":"Newsletter"},"mc4wp_form_widget-5":{"title":"Newsletter"},"mc4wp_form_widget-6":{"title":"Newsletter"},"mc4wp_form_widget-7":{"title":"Newsletter"},"mc4wp_form_widget-8":{"title":"Newsletter"},"mc4wp_form_widget-9":{"title":"Newsletter"},"mc4wp_form_widget-10":{"title":"Newsletter"},"mc4wp_form_widget-11":{"title":"Newsletter"},"mc4wp_form_widget-12":{"title":"Newsletter"},"mc4wp_form_widget-13":{"title":"Newsletter"}},"page-sidebar":{"houzez_featured_properties-5":{"title":"Featured","items_num":"5","widget_type":"slider"},"houzez_property_taxonomies-7":{"title":"Discover","taxonomy":"property_type","tax_count":"no","tax_child":"yes"},"houzez_latest_posts-2":{"title":"Latest Posts","items_num":"5","category":""}},"agency-sidebar":{"houzez_agency_search-2":{"title":"Find Agency"},"houzez_featured_properties-3":{"title":"Featured","items_num":"5","widget_type":"slider"}},"agent-sidebar":{"houzez_agent_search-2":{"title":"Find Agent"},"houzez_properties_viewed-2":{"title":"Recent Viewed ","items_num":"3"}}}