{"default-sidebar":{"archives-2":{"title":"","count":0,"dropdown":0},"categories-2":{"title":"","count":0,"hierarchical":0,"dropdown":0},"meta-2":{"title":""}},"property-listing":{"houzez_featured_properties-2":{"title":"Featured Listings","items_num":"5","widget_type":"slider"},"houzez_property_taxonomies-2":{"title":"Property Type","taxonomy":"property_type","tax_count":"no","tax_child":"yes"},"houzez_property_taxonomies-3":{"title":"Cities","taxonomy":"property_city","tax_count":"no","tax_child":"yes"}},"search-sidebar":{"houzez_featured_properties-6":{"title":"Featured","items_num":"5","widget_type":"slider"},"houzez_property_taxonomies-8":{"title":"Cities","taxonomy":"property_city","tax_count":"yes","tax_child":"yes"}},"page-sidebar":{"houzez_featured_properties-5":{"title":"Featured","items_num":"5","widget_type":"slider"},"houzez_property_taxonomies-7":{"title":"Discover","taxonomy":"property_type","tax_count":"no","tax_child":"yes"},"houzez_latest_posts-2":{"title":"Latest Posts","items_num":"5","category":""}},"agency-sidebar":{"houzez_agency_search-2":{"title":"Find Agency"},"houzez_featured_properties-3":{"title":"Featured","items_num":"5","widget_type":"slider"}},"agent-sidebar":{"houzez_agent_search-2":{"title":"Find Agent"},"houzez_properties_viewed-2":{"title":"Recent Viewed ","items_num":"3"}},"footer-sidebar-1":{"houzez_property_taxonomies-4":{"title":"Discover","taxonomy":"property_city","tax_count":"no","tax_child":"yes"}},"footer-sidebar-2":{"houzez_contact-2":{"title":"Contact Us","about_text":"","phone":"987 654 9875","fax":"879 456 1349","email":"email@houzez.co","address":" 774 NE 84th St Miami, FL 33879","more_url":""}}}