{"last_tab":"","site_breadcrumb":"1","terms_condition":"","houzez_date_language":"","users_admin_access":"1","measurement_unit_global":"0","measurement_unit":"","measurement_unit_sqft_text":"sqft","measurement_unit_square_meter_text":"m²","sticky_sidebar":{"default_sidebar":"1","property_listings":"1","single_property":"1","agent_sidebar":"1","agency_sidebar":"1","search_sidebar":"1","page_sidebar":"1"},"cl_property":"Property","cl_properties":"Properties","cl_favorite":"Favourite","cl_preview":"Preview","cl_add_compare":"Add to Compare","cl_remove_compare":"Remove from Compare","cl_none":"None","cl_select":"Select","cl_only_digits":"Only digits","cl_example":"For example","cl_hide":"Hide","cl_show":"Show","cl_yes":"Yes","cl_no":"No","cl_or":"OR","srh_any":"Any","srh_keyword":"Enter Keyword...","srh_address":"Enter an address, town, street, zip or property ID","srh_csa":"Search City, State or Area","srh_location":"Location","srh_radius":"Radius","srh_type":"Type","srh_status":"Status","srh_label":"Label","srh_all_status":"All Status","srh_bedrooms":"Bedrooms","srh_bathrooms":"Bathrooms","srh_beds":"Beds","srh_baths":"Baths","srh_min_area":"Min. Area","srh_max_area":"Max. Area","srh_min_price":"Min. Price","srh_max_price":"Max. Price","srh_price":"Price","srh_price_range":"Price Range","srh_from":"From","srh_to":"To","srh_prop_id":"Property ID","srh_countries":"All Countries","srh_states":"All States","srh_cities":"All Cities","srh_areas":"All Areas","srh_currency":"Currency","srh_other_features":"Other Features","srh_btn_adv":"Advanced","srh_btn_search":"Search","srh_btn_go":"Go","srh_btn_save_search":"Save Search","srh_dock_title":"Advanced Search","srh_mobile_title":"Search","srh_btn_more":"More Options","srh_clear":"Clear","srh_apply":"Apply","glc_bedroom":"Bedroom","glc_bedrooms":"Bedrooms","glc_bathroom":"Bathroom","glc_bathrooms":"Bathrooms","glc_bed":"Bed","glc_beds":"Beds","glc_bath":"Bath","glc_baths":"Baths","glc_garage":"Garage","glc_garages":"Garages","glc_year_built":"Year Built","glc_detail_btn":"Details","sps_overview":"Overview","sps_description":"Description","sps_documents":"Property Documents","sps_details":"Details","sps_additional_details":"Additional details","sps_address":"Address","sps_features":"Features","sps_video":"Video","sps_virtual_tour":"360° Virtual Tour","sps_sub_listings":"Sub listings","sps_energy_class":"Energy Class","sps_floor_plans":"Floor Plans","sps_calculator":"Mortgage Calculator","sps_walkscore":"Walkscore","sps_nearby":"What's Nearby?","sps_schedule_tour":"Schedule a Tour","sps_contact":"Contact","sps_contact_info":"Contact Information","sps_your_info":"Your information","sps_propperty_enqry":"Enquire About This Property","sps_reviews":"Reviews","sps_similar_listings":"Similar Listings","spl_prop_id":"Property ID","spl_price":"Price","spl_prop_type":"Property Type","spl_prop_status":"Property Status","spl_prop_size":"Property Size","spl_land":"Land Area","spl_bedroom":"Bedroom","spl_bedrooms":"Bedrooms","spl_bathroom":"Bathroom","spl_bathrooms":"Bathrooms","spl_garage":"Garage","spl_garages":"Garages","spl_garage_size":"Garage Size","spl_year_built":"Year Built","spl_lot":"Lot","spl_ogm":"Open on Google Maps","spl_address":"Address","spl_zip":"Zip/Postal Code","spl_country":"Country","spl_state":"State/county","spl_city":"City","spl_area":"Area","spl_con_name":"Name","spl_con_name_plac":"Enter your name","spl_con_phone":"Phone","spl_con_phone_plac":"Enter your Phone","spl_con_email":"Email","spl_con_email_plac":"Enter your email","spl_con_message":"Message","spl_con_message_plac":"Enter your Message","spl_con_interested":"Hello, I am interested in","spl_con_select":"Select","spl_con_buyer":"I'm a buyer","spl_con_tennant":"I'm a tennant","spl_con_agent":"I'm an agent","spl_con_other":"Other","spl_con_view_listings":"View Listings","spl_con_date":"Date","spl_con_date_plac":"Select tour date","spl_con_time":"Time","spl_btn_send":"Send Message","spl_btn_call":"Call","spl_btn_request_info":"Request Information","spl_btn_tour_sch":"Submit a Tour Request","spl_sub_agree":"By submitting this form I agree to","spl_term":"Terms of Use","spl_energetic_cls":"Energetic class","spl_energy_index":"Global Energy Performance Index","spl_energy_renew_index":"Renewable energy performance index","spl_energy_build_performance":"Energy performance of the building","spl_energy_ecp_rating":"EPC Current Rating","spl_energy_ecp_p":"EPC Potential Rating","spl_energy_cls":"Energy class","spc_principal_ints":"Principal & Interest","spc_prop_tax":"Property Tax","spc_hi":"Home Insurance","spc_pmi":"PMI","spc_total_amt":"Total Amount","spc_down_payment":"Down Payment","spc_ir":"Interest Rate","spc_load_term":"Loan Terms (Years)","spc_monthly":"Monthly","spc_btn_cal":"Calculate","cls_description":"Description","cls_description_price":"Description & Price","cls_price":"Price","cls_media":"Media","cls_documents":"Property Documents","cls_details":"Details","cls_private_notes":"Private Note","cls_additional_details":"Additional details","cls_address":"Address","cls_location":"Location","cls_map":"Map","cls_features":"Features","cls_video":"Video","cls_virtual_tour":"360° Virtual Tour","cls_sub_listings":"Sub listings","cls_energy_class":"Energy Class","cls_floor_plans":"Floor Plans","cls_walkscore":"Walkscore","cls_contact_info":"Contact Information","cls_information":"Information","cls_settings":"Property Settings","cls_slider":"Slider","cls_layout":"Layout","cls_rental":"Rental Details","cls_gdpr":"GDPR Agreement *","cl_prop_title":"Property Title","cl_prop_title_plac":"Enter your property title","cl_content":"Content","cl_prop_type":"Type","cl_prop_status":"Status","cl_prop_label":"Label","cl_sale_price":"Sale or Rent Price","cl_sale_price_plac":"Enter the price","cl_second_price":"Second Price (Optional)","cl_second_price_plac":"Enter the second price","cl_price_postfix":"After The Price","cl_price_postfix_plac":"Enter the after price","cl_price_postfix_tooltip":"For example: Monthly","cl_price_prefix":"Price Prefix","cl_price_prefix_plac":"Enter the price prefix","cl_price_prefix_tooltip":"For example: Start from","cl_bedrooms":"Bedrooms","cl_bedrooms_plac":"Enter number of bedrooms","cl_bathrooms":"Bathrooms","cl_bathrooms_plac":"Enter number of bathrooms","cl_area_size":"Area Size","cl_area_size_plac":"Enter property area size","cl_area_size_postfix":"Size Postfix","cl_area_size_postfix_plac":"Enter property area size postfix","cl_area_size_postfix_tooltip":"For example: Sq Ft","cl_land_size":"Land Area","cl_land_size_plac":"Enter property Land Area","cl_land_size_postfix":"Land Area Size Postfix","cl_land_size_postfix_plac":"Enter property Land Area postfix","cl_land_size_postfix_tooltip":"For example: Sq Ft","cl_garage":"Garages","cl_garage_plac":"Enter number of garages","cl_garage_size":"Garage Size","cl_garage_size_plac":"Enter the garage size","cl_garage_size_tooltip":"For example: 200 Sq Ft","cl_year_built":"Year Built","cl_year_built_plac":"Enter year built","cl_prop_id":"Property ID","cl_prop_id_plac":"Enter property ID","cl_prop_id_tooltip":"For example: HZ-01","cl_additional_title":"Title","cl_additional_value":"Value","cl_drag_drop_title":"Drag and drop the gallery images here","cl_image_size":"(Minimum size 1440x900)","cl_image_btn":"Select and Upload","cl_image_featured":"Click on the star icon to select the cover image.","cl_video_url":"Video URL","cl_video_url_plac":"YouTube, Vimeo, SWF File and MOV File are supported","cl_energy_cls":"Energy Class","cl_energy_cls_plac":"Select Energy Class","cl_energy_index":"Global Energy Performance Index","cl_energy_index_plac":"For example: 92.42 kWh / m²a","cl_energy_renew_index":"Renewable energy performance index","cl_energy_renew_index_plac":"For example: 00.00 kWh / m²a","cl_energy_build_performance":"Energy performance of the building","cl_energy_build_performance_plac":"","cl_energy_ecp_rating":"EPC Current Rating","cl_energy_ecp_rating_plac":"","cl_energy_ecp_p":"EPC Potential Rating","cl_energy_ecp_p_plac":"","cl_virtual_plac":"Enter virtual tour iframe/embeded code","cl_private_note":"Write private note for this property, it will not display for public.","cl_private_note_plac":"Enter the note here","cl_address":"Address","cl_address_plac":"Enter your property address","cl_zip":"Zip/Postal Code","cl_zip_plac":"Enter zip/postal code","cl_country":"Country","cl_country_plac":"Enter the country","cl_state":"State/county","cl_state_plac":"Enter the State/county","cl_city":"City","cl_city_plac":"Enter the city","cl_area":"Area","cl_area_plac":"Enter the area","cl_drag_drop_text":"Drag and drop the pin on map to find exact location","cl_latitude":"Latitude","cl_latitude_plac":"Enter address latitude","cl_longitude":"Longitude","cl_longitude_plac":"Enter address Longitude","cl_street_view":"Street View","cl_ppbtn":"Place the pin in address above","cl_streat_address":"Streat Address","cl_streat_address_plac":"Enter only the street name and the building number","cl_make_featured":"Do you want to mark this property as featured?","cl_login_view":"The user must be logged in to view this property?","cl_login_view_plac":"If \"Yes\" then only logged in user can view property details.","cl_decuments_text":"You can attach PDF files, Map images OR other documents.","cl_attachment_btn":"Select Attachment.","cl_uploaded_attachments":"Uploaded Attachments","cl_contact_info_text":"What information do you want to display in agent data container?","cl_author_info":"Author Info","cl_agent_info":"Agent Info (Choose agent from the list below)","cl_agent_info_plac":"Select an Agent","cl_agency_info":"Agency Info (Choose agency from the list below)","cl_agency_info2":"Agency Info","cl_agency_info_plac":"Select an Agency","cl_not_display":"Do not display","cl_add_slider":"Do you want to display this property on the custom property slider?","cl_add_slider_plac":"Upload an image below if you selected yes.","cl_slider_img":"Slider Image","cl_slider_img_size":"Suggested size 2000px x 700px","cl_plan_title":"Plan Title","cl_plan_title_plac":"Enter the plan title","cl_plan_bedrooms":"Bedrooms","cl_plan_bedrooms_plac":"Enter the number of bedrooms","cl_plan_bathrooms":"Bathrooms","cl_plan_bathrooms_plac":"Enter the number of bathrooms","cl_plan_price":"Price","cl_plan_price_plac":"Enter the price","cl_plan_price_postfix":"Price","cl_plan_price_postfix_plac":"Enter the price postfix","cl_plan_size":"Plan Size","cl_plan_size_plac":"Enter the plan size","cl_plan_img":"Plan Image","cl_plan_img_plac":"Upload the plan image","cl_plan_img_btn":"Select Image","cl_plan_img_size":"Minimum size 800 x 600 px","cl_plan_des":"Description","cl_plan_des_plac":"Enter the plan description","cl_subl_title":"Title","cl_subl_title_plac":"Enter the  title","cl_subl_bedrooms":"Bedrooms","cl_subl_bedrooms_plac":"Enter the number of bedrooms","cl_subl_bathrooms":"Bathrooms","cl_subl_bathrooms_plac":"Enter the number of bathrooms","cl_subl_price":"Price","cl_subl_price_plac":"Enter the price","cl_subl_price_postfix":"Price","cl_subl_price_postfix_plac":"Enter the price postfix","cl_subl_size":"Property Size","cl_subl_size_plac":"Enter the property size","cl_subl_size_postfix":"Size Postfix","cl_subl_size_postfix_plac":"Enter the property size postfix","cl_subl_type":"Property Type","cl_subl_type_plac":"Enter the property type","cl_subl_date":"Availability Date","cl_subl_date_plac":"Enter the availability date","cl_subl_ids":"Listing IDs","cl_subl_ids_plac":"Enter the listing IDs comma separated","cl_subl_ids_tooltip":"If the sub-properties are separated listings, use the box above to enter the listing IDs (Example: 4,5,6)","dsh_board":"Board","dsh_activities":"Activities","dsh_deals":"Deals","dsh_leads":"Leads","dsh_inquiries":"Inquiries","dsh_insight":"Insight","dsh_props":"Properties","dsh_all":"All","dsh_published":"Published","dsh_pending":"Pending","dsh_expired":"Expired","dsh_draft":"Draft","dsh_hold":"On Hold","dsh_create_listing":"Create a Listing","dsh_favorite":"Favorites","dsh_saved_searches":"Saved Searches","dsh_membership":"Membership","dsh_invoices":"Invoices","dsh_profile":"My Profile","dsh_agents":"Agents","dsh_addnew":"Add New","dsh_logout":"Log Out","custom_logo":{"url":"https://demo12.houzez.co/wp-content/uploads/2018/05/logo-houzez-white-1.png","id":"7901","height":"24","width":"127","thumbnail":"https://demo12.houzez.co/wp-content/uploads/2018/05/logo-houzez-white-1.png","title":"","caption":"","alt":"","description":""},"retina_logo":{"url":"https://demo12.houzez.co/wp-content/uploads/2018/05/logo-houzez-white@2x-1.png","id":"7900","height":"48","width":"254","thumbnail":"https://demo12.houzez.co/wp-content/uploads/2018/05/logo-houzez-white@2x-1-150x48.png","title":"","caption":"","alt":"","description":""},"mobile_logo":{"url":"https://demo12.houzez.co/wp-content/uploads/2018/05/logo-houzez-white-1.png","id":"7901","height":"24","width":"127","thumbnail":"https://demo12.houzez.co/wp-content/uploads/2018/05/logo-houzez-white-1.png","title":"","caption":"","alt":"","description":""},"mobile_retina_logo":{"url":"https://demo12.houzez.co/wp-content/uploads/2018/05/logo-houzez-white@2x-1.png","id":"7900","height":"48","width":"254","thumbnail":"https://demo12.houzez.co/wp-content/uploads/2018/05/logo-houzez-white@2x-1-150x48.png","title":"","caption":"","alt":"","description":""},"custom_logo_splash":{"url":"https://demo12.houzez.co/wp-content/uploads/2018/05/logo-houzez-white-1.png","id":"7901","height":"24","width":"127","thumbnail":"https://demo12.houzez.co/wp-content/uploads/2018/05/logo-houzez-white-1.png","title":"","caption":"","alt":"","description":""},"retina_logo_splash":{"url":"https://demo12.houzez.co/wp-content/uploads/2018/05/logo-houzez-white@2x-1.png","id":"7900","height":"48","width":"254","thumbnail":"https://demo12.houzez.co/wp-content/uploads/2018/05/logo-houzez-white@2x-1-150x48.png","title":"","caption":"","alt":"","description":""},"custom_logo_mobile_splash":{"url":"https://demo12.houzez.co/wp-content/uploads/2018/05/logo-houzez-white-1.png","id":"7901","height":"24","width":"127","thumbnail":"https://demo12.houzez.co/wp-content/uploads/2018/05/logo-houzez-white-1.png","title":"","caption":"","alt":"","description":""},"retina_logo_mobile_splash":{"url":"https://demo12.houzez.co/wp-content/uploads/2018/05/logo-houzez-white@2x-1.png","id":"7900","height":"48","width":"254","thumbnail":"https://demo12.houzez.co/wp-content/uploads/2018/05/logo-houzez-white@2x-1-150x48.png","title":"","caption":"","alt":"","description":""},"retina_logo_height":"24px","retina_logo_width":"127px","retina_mobilelogo_height":"24","retina_mobilelogo_width":"127","favicon":{"url":"","id":"","height":"","width":"","thumbnail":"","title":"","caption":"","alt":"","description":""},"iphone_icon":{"url":"","id":"","height":"","width":"","thumbnail":"","title":"","caption":"","alt":"","description":""},"iphone_icon_retina":{"url":"","id":"","height":"","width":"","thumbnail":"","title":"","caption":"","alt":"","description":""},"ipad_icon":{"url":"","id":"","height":"","width":"","thumbnail":"","title":"","caption":"","alt":"","description":""},"ipad_icon_retina":{"url":"","id":"","height":"","width":"","thumbnail":"","title":"","caption":"","alt":"","description":""},"lightbox_logo":{"url":"https://demo12.houzez.co/wp-content/uploads/2017/11/houzez_logo_transparent.png","id":"7545","height":"20","width":"107","thumbnail":"https://demo12.houzez.co/wp-content/uploads/2017/11/houzez_logo_transparent.png","title":"","caption":"","alt":"","description":""},"dashboard_logo":{"url":"https://demo12.houzez.co/wp-content/themes/houzez/img/logo-houzez-white.png","id":"","height":"","width":"","thumbnail":"","title":"","caption":"","alt":"","description":""},"header_style":"5","header_1_width":"container","header_1_menu_align":"nav-left","main-menu-sticky":"0","header_4_width":"container","header_4_menu_align":"nav-right","hd3_callus":"1","hd3_call_us_image":{"url":"http://localhost/houzez13/wp-content/uploads/2016/03/Debra-Rose_avatar_1434742307.jpg","id":"308","height":"300","width":"300","thumbnail":"http://localhost/houzez13/wp-content/uploads/2016/03/Debra-Rose_avatar_1434742307-150x150.jpg","title":"","caption":"","alt":"","description":""},"hd3_call_us_text":"Call Us:","hd3_phone":"1-800-987-6543","hd2_contact_info":"1","hd2_contact_phone":"1 800 987 6543","hd2_contact_email":"info@houzez.com","hd2_address_info":"1","hd2_address_line1":"Oceanview Hall","hd2_address_line2":"Miami, FL 33141","hd2_timing_info":"1","hd2_timing_hours":"9 am to 6 pm","hd2_timing_days":"Monday to Friday","social-header":"1","hs-facebook":"https://www.facebook.com/Favethemes/","hs-twitter":"https://twitter.com/favethemes","hs-googleplus":"#","hs-linkedin":"#","hs-instagram":"#","hs-pinterest":"","hs-youtube":"","hs-yelp":"","create_lisiting_enable":"1","create_listing_button":"yes","top_bar":"1","top_bar_width":"container","top_bar_mobile":"0","top_bar_left":"none","top_bar_right":"none","top_bar_phone":"","top_bar_email":"","top_bar_slogan":"","currency_switcher_enable":"0","houzez_supported_currencies":"AUD,CAD,CHF,EUR,GBP,HKD,JPY,NOK,SEK,USD,NGN","houzez_currency_expiry":"3600","area_switcher_enable":"0","houzez_base_area":"sqft","splash_layout":"container-fluid","backgroud_type":"image","splash_page_nav":"1","splash_menu_align":"nav-left","splash_search":"1","splash_image":{"url":"http://localhost/houzez13/wp-content/uploads/2016/03/miami-beach.jpg","id":"263","height":"900","width":"1440","thumbnail":"http://localhost/houzez13/wp-content/uploads/2016/03/miami-beach-150x150.jpg","title":"","caption":"","alt":"","description":""},"splash_slider":"401,397,377","splash_bg_mp4":{"url":"http://localhost/houzez13/wp-content/uploads/2016/03/houzez-video.mp4","id":"1267","height":"720","width":"1280","thumbnail":"","title":"","caption":"","alt":"","description":""},"splash_bg_webm":{"url":"http://localhost/houzez13/wp-content/uploads/2016/03/houzez-video.webm","id":"1269","height":"720","width":"1280","thumbnail":"","title":"","caption":"","alt":"","description":""},"splash_bg_ogv":{"url":"http://localhost/houzez13/wp-content/uploads/2016/03/houzez-video.ogv","id":"1268","height":"720","width":"1280","thumbnail":"","title":"","caption":"","alt":"","description":""},"splash_video_image":{"url":"","id":"","height":"","width":"","thumbnail":"","title":"","caption":"","alt":"","description":""},"splash_welcome_text":"The Right Place of House Finding","splash_welcome_sub":"Search for a place to stay?","splash_callus_text":"","splash_callus_phone":"(800) 897 6543","social-splash":"1","sp-facebook":"#","sp-twitter":"#","sp-googleplus":"#","sp-linkedin":"#","sp-instagram":"#","splash-logolink-type":"home_page","splash-logolink":"","header_login":"1","header_register":"1","user_as_agent":"no","enable_password":"no","login_redirect":"same_page","login_redirect_link":"","login_terms_condition":"745","facebook_login":"no","facebook_api_key":"","facebook_secret":"","google_login":"no","google_api_key":"","google_client_id":"","google_secret":"","user_show_roles":"0","user_show_roles_profile":"0","show_hide_roles":{"agent":"","agency":"","owner":"","buyer":"","seller":"","manager":""},"agent_role":"Agent","agency_role":"Agency","owner_role":"Owner","buyer_role":"Buyer","seller_role":"Seller","manager_role":"Manager","multi_currency":"0","default_multi_currency":"","short_prices":"0","indian_format":"0","currency_symbol":"$","currency_position":"before","decimals":"0","decimal_point_separator":".","thousands_separator":",","currency_separator":"/","typo-body":{"font-family":"Lato","font-options":"","google":"1","font-weight":"300","font-style":"","subsets":"","text-transform":"none","font-size":"16px","line-height":"24px"},"typo-headers":{"font-family":"Lato","font-options":"","google":"1","font-weight":"400","font-style":"","subsets":"","text-align":"left","text-transform":"uppercase","font-size":"13px"},"typo-headings":{"font-family":"Lato","font-options":"","google":"1","font-weight":"400","font-style":"","subsets":"latin","text-align":"inherit","text-transform":"capitalize"},"body_text_color":"#222222","body_bg_color":"#f8f8f8","houzez_primary_color":"#0c4f84","houzez_primary_color_hover":{"color":"#0c4f84","alpha":"0.75","rgba":"rgba(12,79,132,0.75)"},"houzez_secondary_color":"#cbb492","houzez_secondary_color_hover":{"color":"#cbb492","alpha":"0.75","rgba":"rgba(203,180,146,0.75)"},"header_1_bg":"","header_1_links_color":"","header_1_links_hover_color":"","header_1_links_hover_bg_color":{"color":"#FFFFFF","alpha":".2","rgba":"rgba(255,255,255,0.2)"},"header_2_top_bg":"#0c4f84","header_2_top_text":"#ffffff","header_2_bg":"#0a4a7f","header_2_links_color":"#ffffff","header_2_links_hover_color":"#ffffff","header_2_links_hover_bg_color":{"color":"#FFFFFF","alpha":".2","rgba":"rgba(255,255,255,0.2)"},"header_2_border":{"color":"#ffffff","alpha":"0","rgba":"rgba(255,255,255,0)"},"header_3_bg":"#0c4f84","header_3_callus_color":"#ffffff","header_3_callus_bg_color":"#00aeef","header_3_bg_menu":"#0a4a7f","header_3_links_color":"#ffffff","header_3_links_hover_color":"","header_3_links_hover_bg_color":{"color":"#FFFFFF","alpha":".2","rgba":"rgba(255,255,255,0.2)"},"header_3_border":{"color":"","alpha":"1","rgba":""},"header_3_social_color":"#FFFFFF","header_4_bg":"#0c4f84","header_4_links_color":"#ffffff","header_4_links_hover_color":"","header_4_links_hover_bg_color":{"color":"#00aeff","alpha":".1","rgba":"rgba(0, 174, 255, 0.1)"},"header_6_bg":"#00AEEF","header_6_links_color":"#FFFFFF","header_6_links_hover_color":"","header_6_links_hover_bg_color":{"color":"#FFFFFF","alpha":".2","rgba":"rgba(255,255,255,0.2)"},"header_6_social_color":"#FFFFFF","header_4_transparent_links_color":"#ffffff","header_4_transparent_links_hover_color":"#ffffff","header_4_transparent_border_bottom1":{"border-top":"1px","border-right":"1px","border-bottom":"1px","border-left":"1px","border-style":"none","border-color":""},"header_4_transparent_border_bottom_color":{"color":"#ffffff","alpha":".30","rgba":"rgba(255,255,255,0.3)"},"header_submenu_bg":{"color":"#FFFFFF","alpha":".95","rgba":"rgba(255,255,255,0.95)"},"header_submenu_links_color":"#2e3e49","header_submenu_links_hover_color":"#cbb492","header_submenu_border_color":"#e6e6e6","header_4_btn_color":"#ffffff","header_4_btn_hover_color":{"color":"#ffffff","alpha":"1","rgba":"rgba(255,255,255,1)"},"header_4_btn_bg_color":"transparent","header_4_btn_bg_hover_color":{"color":"#ffffff","alpha":"0.1","rgba":"rgba(255,255,255,0.1)"},"header_4_btn_border":{"border-top":"1px","border-right":"1px","border-bottom":"1px","border-left":"1px","border-style":"solid","border-color":"#ffffff"},"header_4_btn_border_hover_color":{"color":"#ffffff","alpha":"1","rgba":"rgba(255,255,255,1)"},"header_4_transparent_btn_color":"#ffffff","header_4_transparent_btn_hover_color":{"color":"#ffffff","alpha":"1","rgba":"rgba(255,255,255,1)"},"header_4_transparent_btn_bg_color":{"color":"#ffffff","alpha":".2","rgba":"rgba(255,255,255,0.2)"},"header_4_transparent_btn_bg_hover_color":{"color":"#cbb492","alpha":"1","rgba":"rgba(203,180,146,1)"},"header_4_transparent_btn_border":{"border-top":"1px","border-right":"1px","border-bottom":"1px","border-left":"1px","border-style":"solid","border-color":"#ffffff"},"header_4_transparent_btn_border_hover_color":{"color":"#cbb492","alpha":"1","rgba":"rgba(203,180,146,1)"},"mob_menu_bg_color":"#0c4f84","mob_menu_btn_color":"#ffffff","mob_nav_bg_color":"#ffffff","mob_link_color":"#0c4f84","mobile_nav_border":{"border-top":"1px","border-right":"0px","border-bottom":"0px","border-left":"0px","border-style":"solid","border-color":"#ececec"},"adv_background":"#ffffff","adv_textfields_borders":"#d1d1d1","adv_text_color20":"#a1a7a8","adv_other_color":"#222222","adv_search_btn_bg":{"regular":"#0c4f84","hover":"#00b9ce"},"adv_search_btn_text":{"regular":"#ffffff","hover":"#ffffff"},"adv_search_border":{"regular":"#0c4f84","hover":"#00b9ce"},"adv_button_color":{"regular":"#00b9ce","hover":"#00b9ce"},"adv_button_bg_color":{"regular":"#ffffff","hover":"#ffffff"},"adv_button_border_color":{"regular":"#dce0e0","hover":"#dce0e0"},"header_search_padding":{"padding-top":"10px","padding-bottom":"10px","units":"px"},"adv_overlay_open_close_bg_color":"#e4192b","adv_overlay_open_close_color":"#ffffff","ua_menu_bg":"#FFFFFF","ua_menu_links_color":"#2e3e49","ua_menu_links_hover_color":"#2e3e49","ua_menu_links_hover_bg_color":{"color":"#cccccc","alpha":"0.15","rgba":"rgba(204,204,204,0.15)"},"ua_menu_border_color":"#e6e6e6","dm_background":"#000000","dm_color":"#ffffff","dm_hover_color":"#e4192b","dm_submenu_active_color":"#00aeff","houzez_prop_details_bg":{"color":"#e4192b","alpha":"0.1","rgba":"rgba(228,25,43,0.1)"},"prop_details_border_color":"#00aeff","featured_label_bg_color":"#0098a3","featured_label_color":"#ffffff","top_bar_bg":"#000000","top_bar_color":"#ffffff","top_bar_color_hover":{"color":"#e4192b","alpha":"1","rgba":"rgba(228,25,43,1)"},"footer_bg_color":"#ffffff","footer_bottom_bg_color":"#ffffff","footer_color":"#000000","footer_hover_color":{"color":"#cbb492","alpha":"1","rgba":"rgba(203,180,146,1)"},"prop-top-area":"v6","prop_default_active_tab":"image_gallery","prop-content-layout":"v2","is_full_width":"0","prop-detail-nav":"yes","map_in_section":"1","send_agent_message_copy":"1","send_agent_message_email":"hello@favethemes.com","print_property_button":"1","prop_detail_favorite":"1","prop_detail_share":"1","documents_download":"1","features_icons":"0","property_blocks":{"enabled":{"placebo":"placebo","unit":"Multi Unit / Sub Listings","description":"Description","schedule_tour":"Schedule Tour","address":"Address","details":"Details","features":"Features","virtual_tour":"360° Virtual Tour","floor_plans":"Floor Plans","video":"Video","walkscore":"Walkscore","yelp_nearby":"Near by Places","agent_bottom":"Agent bottom"},"disabled":{"placebo":"placebo","energy_class":"Energy Class","adsense_space_1":"Adsense Space 1","adsense_space_2":"Adsense Space 2","adsense_space_3":"Adsense Space 3","booking_calendar":"Availability Calendar","overview":"Overview","mortgage_calculator":"Mortgage Calculator","review":"Reviews","similar_properties":"Similar Listings"}},"property_blocks_tabs":{"enabled":{"placebo":"placebo","description":"Description","address":"Address","details":"Details","features":"Features","floor_plans":"Floor Plans","video":"Video"},"disabled":{"placebo":"placebo","virtual_tour":"360° Virtual Tour"}},"houzez_availability_calendar":"0","houzez_energy_class":"0","houzez_mortgage":"1","houzez_sublisting":"0","houzez_tabs_schedule":"0","property_blocks_luxuryhomes":{"enabled":{"placebo":"placebo","unit":"Multi Unit / Sub Listings","description":"Description & Details","gallery":"Gallery","schedule_tour":"Schedule Tour","features":"Features","address":"Address","mortgage_calculator":"Mortgage Calculator","floor_plans":"Floor Plans","video":"Video","virtual_tour":"360° Virtual Tour","energy_class":"Energy Class","walkscore":"Walkscore","yelp_nearby":"Nearby","agent_form":"Agent Contact","review":"Reviews","similar_properties":"Similar Listings"},"disabled":{"placebo":"placebo","adsense_space_1":"Adsense Space 1","adsense_space_2":"Adsense Space 2","booking_calendar":"Availability Calendar","adsense_space_3":"Adsense Space 3"}},"adsense_space_1":"","adsense_space_2":"","adsense_space_3":"","houzez_walkscore":"1","houzez_walkscore_api":"","houzez_yelp":"1","houzez_yelp_api_key":"","houzez_yelp_term":["education","health","realestate"],"houzez_yelp_limit":"3","houzez_yelp_dist_unit":"miles","hide_detail_prop_fields":{"prop_id":"","prop_type":"","prop_status":"","prop_label":"","sale_rent_price":"","bedrooms":"","bathrooms":"","area_size":"","land_area":"","garages":"","year_built":"","updated_date":"","additional_details":"","address":"","country":"","city":"","state":"","area":"","zip":""},"schedule_time_slots":"10:00 am, 10:15 pm, 10:30 pm, 12:00 pm, 12:15 pm, 12:30 pm, 12:45 pm, 01:00 pm, 01:15 pm, 01:30 pm, 01:45 pm, 02:00 pm, 05:00 pm","icon_prop_id":{"url":"https://demo12.houzez.co/wp-content/uploads/2017/11/Asset-15.png","id":"7538","height":"48","width":"36","thumbnail":"https://demo12.houzez.co/wp-content/uploads/2017/11/Asset-15.png","title":"","caption":"","alt":"","description":""},"icon_bedrooms":{"url":"https://demo12.houzez.co/wp-content/uploads/2017/11/Asset-18.png","id":"7543","height":"30","width":"50","thumbnail":"https://demo12.houzez.co/wp-content/uploads/2017/11/Asset-18.png","title":"","caption":"","alt":"","description":""},"icon_bathrooms":{"url":"https://demo12.houzez.co/wp-content/uploads/2017/11/icon-19.png","id":"7544","height":"34","width":"50","thumbnail":"https://demo12.houzez.co/wp-content/uploads/2017/11/icon-19.png","title":"","caption":"","alt":"","description":""},"icon_prop_size":{"url":"https://demo12.houzez.co/wp-content/uploads/2017/11/icon-Asset-11.png","id":"7535","height":"48","width":"48","thumbnail":"https://demo12.houzez.co/wp-content/uploads/2017/11/icon-Asset-11.png","title":"","caption":"","alt":"","description":""},"icon_prop_land":{"url":"http://demo12.houzez.co/wp-content/uploads/2017/11/Asset-17.png","id":"7539","height":"48","width":"48","thumbnail":"http://demo12.houzez.co/wp-content/uploads/2017/11/Asset-17.png","title":"","caption":"","alt":"","description":""},"icon_garage_size":{"url":"https://demo12.houzez.co/wp-content/uploads/2017/11/icon-Asset-13.png","id":"7537","height":"48","width":"48","thumbnail":"https://demo12.houzez.co/wp-content/uploads/2017/11/icon-Asset-13.png","title":"","caption":"","alt":"","description":""},"icon_garage":{"url":"https://demo12.houzez.co/wp-content/uploads/2017/11/icon-Asset-9.png","id":"7533","height":"32","width":"48","thumbnail":"https://demo12.houzez.co/wp-content/uploads/2017/11/icon-Asset-9.png","title":"","caption":"","alt":"","description":""},"icon_year":{"url":"https://demo12.houzez.co/wp-content/uploads/2017/11/icon-Asset-12.png","id":"7536","height":"48","width":"48","thumbnail":"https://demo12.houzez.co/wp-content/uploads/2017/11/icon-Asset-12.png","title":"","caption":"","alt":"","description":""},"mcal_down_payment":"15","mcal_terms":"12","mcal_interest_rate":"3.5","mcal_prop_tax_enable":"1","mcal_prop_tax":"3000","mcal_hi_enable":"1","mcal_hi":"1000","mcal_pmi_enable":"1","mcal_pmi":"1000","houzez_similer_properties":"1","houzez_similer_properties_type":"property_type","houzez_similer_properties_view":"grid-view-v6","houzez_similer_properties_count":"4","property_reviews":"0","property_reviews_approved_by_admin":"0","update_review_approved":"0","num_of_review":"5","enable_next_prev_prop":"0","print_page_logo":{"url":"http://houzez01.favethemes.com/wp-content/themes/houzez/images/logo/houzez-logo-print.png","id":"","height":"","width":"","thumbnail":"","title":"","caption":"","alt":"","description":""},"print_agent":"1","print_description":"1","print_details":"1","print_features":"1","print_energy_class":"1","print_floorplans":"1","print_gallery":"1","print_gr_code":"1","submit_form_type":"mstep","listings_admin_approved":"yes","edit_listings_admin_approved":"no","enable_multi_agents":"0","ams_type":"0","ams_status":"0","ams_label":"0","location_dropdowns":"no","area_prefix_default":"SqFt","area_prefix_changeable":"1","auto_property_id":"0","property_id_prefix":"","max_prop_images":"10","image_max_file_size":"1000kb","property_form_sections":{"enabled":{"placebo":"placebo","description-price":"Description & Price","media":"Property Media","details":"Property Details","features":"Property Features","location":"Property Location","private_note":"Private Notes","agent_info":"Agent Information"},"disabled":{"placebo":"placebo","floorplans":"Floor Plans","multi-units":"Multi Units / Sub Properties","virtual_tour":"360° Virtual Tour","attachments":"Attachments","energy_class":"Energy Class"}},"adp_details_fields":{"enabled":{"placebo":"placebo","beds":"Bedrooms","baths":"Bathrooms","area-size":"Area Size","area-size-unit":"Area Size Unit","land-area":"Land Area","land-area-unit":"Land Area Unit","garage":"Garage","garage-size":"Garage Size","property-id":"Property ID","year":"Year Built"},"disabled":{"placebo":"placebo"}},"hide_add_prop_fields":{"prop_type":"","prop_status":"","prop_label":"","sale_rent_price":"","second_price":"","price_postfix":"","price_prefix":"","video_url":"","neighborhood":"","city":"","postal_code":"","state":"","country":"","additional_details":""},"required_fields":{"title":"1","prop_type":"","prop_status":"","prop_labels":"","sale_rent_price":"1","prop_second_price":"","price_label":"","prop_id":"","bedrooms":"","bathrooms":"","area_size":"1","land_area":"","garages":"","year_built":"","property_map_address":"1","energy_class":""},"main-search-enable":"0","search_style":"style_1","search_width":"container","search_position":"under_nav","search_pages":"all_pages","single_prop_search":"0","header-search-visible":"0","main-search-sticky":"1","mobile-search-sticky":"0","enable_advanced_search_over_headers":"0","adv_search_which_header_show":{"header_map":"","header_video":"","header_image":"","header_rs":"","header_ps":""},"adv_search_over_header_pages":"specific_pages","keep_adv_search_live":"1","enable_halfmap_search":"1","halfmap_search_layout":"v4","search_top_row_fields_halfmap":"3","search_builder_halfmap":{"enabled":{"placebo":"placebo","keyword":"Keyword","city":"Cities","areas":"Areas","status":"Status","type":"Type","bedrooms":"Bedrooms","bathrooms":"Bathrooms","min-area":"Min. Area","max-area":"Max. Area","min-price":"Min. Price","max-price":"Max. Price","property-id":"Property ID","label":"Label"},"disabled":{"placebo":"placebo","country":"Countries","state":"States","price":"Price (Only Search v.3)","geolocation":"Geolocation"}},"enable_radius_search_halfmap":"0","price_range_halfmap":"1","search_other_features_halfmap":"1","halfmap-search-visible":"0","search_top_row_fields":"5","search_builder":{"enabled":{"placebo":"placebo","keyword":"Keyword","status":"Status","type":"Type","bedrooms":"Bedrooms","bathrooms":"Bathrooms","city":"Cities","min-area":"Min. Area","max-area":"Max. Area","min-price":"Min. Price","max-price":"Max. Price"},"disabled":{"placebo":"placebo","areas":"Areas","country":"Countries","label":"Label","price":"Price (Only Search v.3)","state":"States","geolocation":"Geolocation","property-id":"Property ID"}},"enable_radius_search":"0","price_range":"0","price_range_mobile":"0","search_other_features":"1","search_other_features_mobile":"1","splash_v1_dropdown":"property_city","banner_search_tabs":"0","tabs_limit":"2","keyword_field":"prop_title","keyword_autocomplete":"1","beds_baths_search":"equal","state_city_area_dropdowns":"1","ms_type":"1","ms_status":"0","ms_label":"0","ms_area":"1","houzez_default_radius":"30","radius_unit":"km","features_limit":"-1","enable_disable_save_search":"1","save_search_duration":"weekly","min_price":"1000,5000,10000,50000,100000,200000,300000,400000,500000,600000,700000,800000,900000,1000000,1500000,2000000,2500000,5000000","max_price":"5000,10000,50000,100000,200000,300000,400000,500000,600000,700000,800000,900000,1000000,1500000,2000000,2500000,5000000,10000000","search_rent_status":"8","min_price_rent":"500,1000,2000,3000,4000,5000,7500,10000,15000,20000,25000,30000,40000,50000,75000,100000","max_price_rent":"1000,2000,3000,4000,5000,7500,10000,15000,20000,25000,30000,40000,50000,75000,100000,150000","advanced_search_widget_min_price":"1000","advanced_search_widget_max_price":"4500000","search_rent_status_for_price_range":"8","advanced_search_min_price_range_for_rent":"50","advanced_search_max_price_range_for_rent":"26000","adv_beds_list":"1,2,3,4,5,6,7,8,9,10","adv_baths_list":"1,2,3,4,5,6,7,8,9,10","search_result_page":"normal_page","search_result_layout":"no-sidebar","search_result_posts_layout":"grid-view-v6","search_default_order":"d_date","search_num_posts":"9","houzez_map_system":"google","googlemap_api_key":"","mapbox_api_key":"","houzez_map_type":"roadmap","markerPricePins":"no","short_prices_pins":"0","marker_spiderfier":"0","geo_country_limit":"0","geocomplete_country":"","map_cluster_enable":"1","map_cluster":{"url":"https://demo12.houzez.co/wp-content/uploads/2018/04/cluster.png","id":"7892","height":"48","width":"48","thumbnail":"https://demo12.houzez.co/wp-content/uploads/2018/04/cluster.png","title":"","caption":"","alt":"","description":""},"googlemap_zoom_cluster":"6","detail_map_pin_type":"marker","single_mapzoom":"14","googlemap_stype":"[\r\n    {\r\n        \"featureType\": \"all\",\r\n        \"stylers\": [\r\n            {\r\n                \"saturation\": 0\r\n            },\r\n            {\r\n                \"hue\": \"#e7ecf0\"\r\n            }\r\n        ]\r\n    },\r\n    {\r\n        \"featureType\": \"road\",\r\n        \"stylers\": [\r\n            {\r\n                \"saturation\": -70\r\n            }\r\n        ]\r\n    },\r\n    {\r\n        \"featureType\": \"transit\",\r\n        \"stylers\": [\r\n            {\r\n                \"visibility\": \"off\"\r\n            }\r\n        ]\r\n    },\r\n    {\r\n        \"featureType\": \"poi\",\r\n        \"stylers\": [\r\n            {\r\n                \"visibility\": \"off\"\r\n            }\r\n        ]\r\n    },\r\n    {\r\n        \"featureType\": \"water\",\r\n        \"stylers\": [\r\n            {\r\n                \"visibility\": \"simplified\"\r\n            },\r\n            {\r\n                \"saturation\": -60\r\n            }\r\n        ]\r\n    }\r\n]","halfmap_posts_layout":"list-view-v1","disable_compare":"1","disable_favorite":"1","disable_preview":"1","disable_address":"1","disable_agent":"1","disable_date":"1","disable_detail_btn":"1","disable_type":"1","listing_data_composer":{"enabled":{"placebo":"placebo","bed":"Bedrooms","bath":"Bathrooms","area-size":"Area Size"},"disabled":{"placebo":"placebo","garage":"Garage","land-area":"Land Area"}},"icons_type":"houzez-default","bed":{"url":"","id":"","height":"","width":"","thumbnail":"","title":"","caption":"","alt":"","description":""},"fa_bed":"","bath":{"url":"","id":"","height":"","width":"","thumbnail":"","title":"","caption":"","alt":"","description":""},"fa_bath":"","garage":{"url":"","id":"","height":"","width":"","thumbnail":"","title":"","caption":"","alt":"","description":""},"fa_garage":"","area-size":{"url":"","id":"","height":"","width":"","thumbnail":"","title":"","caption":"","alt":"","description":""},"fa_area-size":"","land-area":{"url":"","id":"","height":"","width":"","thumbnail":"","title":"","caption":"","alt":"","description":""},"fa_land-area":"","year-built":{"url":"","id":"","height":"","width":"","thumbnail":"","title":"","caption":"","alt":"","description":""},"fa_year-built":"","v1_4_meta_type":"icons","v2_meta_type":"icons","preview_meta_type":"icons_text","preview_data_composer":{"enabled":{"placebo":"placebo","bed":"Bedrooms","bath":"Bathrooms","garage":"Garage","area-size":"Area Size","land-area":"Land Area","year-built":"Year Built"},"disabled":{"placebo":"placebo"}},"taxonomy_layout":"right-sidebar","taxonomy_content_position":"above","taxonomy_posts_layout":"","taxonomy_default_order":"d_date","taxonomy_num_posts":"9","form_type":"custom_form","contact_form_agent_above_image":"","contact_form_agent_bottom":"","contact_form_agent_detail":"","contact_form_agency_detail":"","agent_form_above_image":"1","agent_form_sidebar":"1","agent_form_gallery":"1","agent_form_agent_page":"1","agency_form_agency_page":"1","agent_view_listing":"1","agent_phone_num":"1","enable_reCaptcha":"0","recaptha_type":"v2","recaptha_site_key":"","recaptha_secret_key":"","enable_paid_submission":"membership","houzez_auto_recurring":"0","per_listing_expire_unlimited":"0","per_listing_expire":"30","currency_paid_submission":"USD","price_listing_submission":"3","price_featured_listing_submission":"5","paypal_api":"sandbox","payment_terms_condition":"745","thankyou_title":"Thank you for your business with us","thankyou_des":"Lorem ipsum dolor sit amet, consectetur adipiscing elit. Integer in augue rhoncus, congue neque eu, consequat quam. Maecenas in cursus dui, sed tempor est. Duis varius nibh in lorem venenatis, in tincidunt nunc scelerisque.","enable_paypal":"1","paypal_client_id":"Aa3aJkOUK4JOqA_CrsEQdHKB7O0B_NsvqLm3e9RgCAuOskt2C5jR5AHYprfmPidy6bCp8fC0w6BpcOHk","paypal_client_secret_key":"EBWTExbDWhP5yPvD54SLiGkS8pAr-E137xV5p9Io4fO0Zz8RpOG0JAQEo6L3c_0Y8B7deIQB7H3oIVb5","paypal_receiving_email":"waqas_977@hotmail.com","enable_stripe":"1","stripe_secret_key":"sk_test_8BgkGzD54UFinzzL0nEEsxA3","stripe_publishable_key":"pk_test_c09jxI4MmzfKLFY4oqCnwUum","enable_wireTransfer":"1","direct_payment_instruction":"Please send payment to <strong>Houzez Inc</strong>. &lt;br/&gt;\r\n\r\nBank Account - <strong>BWA7849843FAVE007</strong>  &lt;br/&gt;\r\n\r\nPlease include the invoice number in payment details Thank you for your business with us! &lt;br/&gt;","thankyou_wire_title":"Thank you. Your order has been received","thankyou_wire_des":"Make your payment directly into our bank account. Please use your Order ID as payment reference.\r\n\r\nPlease send payment to <strong>Houzez Inc</strong>.\r\n\r\nBank Account - <strong>BWA7849843FAVE007</strong>","num_of_agents":"9","agent_tabs":"0","agent_detail_tab_1":"","agent_detail_tab_2":"","agent_listings_layout":"list-view-v1","num_of_agent_listings":"10","agent_listings_order":"default","num_of_agencies":"9","agency_tabs":"0","agency_detail_tab_1":"","agency_detail_tab_2":"","agency_listings_layout":"list-view-v1","num_of_agency_listings":"10","agency_listings_order":"default","invoice_logo":{"url":"http://houzez01.favethemes.com/wp-content/themes/houzez/images/logo/houzez-logo-print.png","id":"","height":"","width":"","thumbnail":"","title":"","caption":"","alt":"","description":""},"invoice_company_name":"Company Name","invoice_address":"1161 Washingtown Avenue 299<br> Miami Beach 33141 FL","invoice_phone":"(987)654 3210","invoice_additional_info":"The lorem ipsum text is typically a scrambled section of De finibus bonorum et malorum, a 1st-century BC Latin text by Cicero, with words altered, added, and removed to make it nonsensical, improper Latin.[citation needed]","invoice_thankyou":"Thank you for your business with us.","masorny_num_posts":"12","blog_featured_image":"1","blog_date":"1","blog_author":"1","blog_tags":"1","blog_author_box":"1","blog_next_prev":"1","blog_related_posts":"1","enable_html_emails":"0","houzez_subject_purchase_activated_pack":"Your purchase was activated","houzez_purchase_activated_pack":"Hi there,\r\nWelcome to %website_url and thank you for purchasing a plan with us. We are excited you have chosen %website_name . %website_name is a great place to advertise and search properties.\r\n\r\nYou plan on %website_url activated! You can now list your properties according to you plan.","houzez_subject_purchase_activated":"Your purchase was activated","houzez_purchase_activated":"Hi there,\r\nYour purchase on %website_url is activated! You should go and check it out.","houzez_subject_listing_approved":"Your listing approved","houzez_listing_approved":"Hi there,\r\nYour listing on %website_url has been approved.\r\n\r\nListins Title:%listing_title\r\nListing Url: %listing_url","houzez_subject_listing_expired":"Your listing expired","houzez_listing_expired":"Hi there,\r\nYour listing on %website_url has been expired.\r\n\r\nListins Title:%listing_title\r\nListing Url: %listing_url","houzez_subject_new_user_register":"Your username and password on %website_url","houzez_new_user_register":"Hi there,\r\nWelcome to %website_url! You can login now using the below credentials:\r\nUsername:%user_login_register\r\nPassword: %user_pass_register\r\nIf you have any problems, please contact us.\r\nThank you!","houzez_subject_admin_new_user_register":"New User Registration","houzez_admin_new_user_register":"New user registration on %website_url.\r\nUsername: %user_login_register,\r\nE-mail: %user_email_register","houzez_subject_new_wire_transfer":"You ordered a new Wire Transfer","houzez_new_wire_transfer":"We received your Wire Transfer payment request on %website_url !\r\nPlease follow the instructions below in order to start submitting properties as soon as possible.\r\nThe invoice number is: %invoice_no, Amount: %total_price.\r\nInstructions: %payment_details.","houzez_subject_admin_new_wire_transfer":"Somebody ordered a new Wire Transfer","houzez_admin_new_wire_transfer":"We received your Wire Transfer payment request on %website_url !\r\nPlease follow the instructions below in order to start submitting properties as soon as possible.\r\nThe invoice number is: %invoice_no, Amount: %total_price.\r\nInstructions: %payment_details.","houzez_subject_paid_submission_listing":"Your new listing on %website_url","houzez_paid_submission_listing":"Hi there,\r\nYou have submitted new listing on %website_url!\r\nListing Title: %listing_title\r\nListing ID: %listing_id\r\nThe invoice number is: %invoice_no","houzez_subject_admin_paid_submission_listing":"New paid submission on %website_url","houzez_admin_paid_submission_listing":"Hi there,\r\nYou have a new paid submission on %website_url!\r\nListing Title: %listing_title\r\nListing ID: %listing_id\r\nThe invoice number is: %invoice_no","houzez_subject_featured_submission_listing":"New featured upgrade on %website_url","houzez_featured_submission_listing":"Hi there,\r\nYou have a new featured submission on %website_url!\r\nListing Title: %listing_title\r\nListing ID: %listing_id\r\nThe invoice number is: %invoice_no","houzez_subject_admin_featured_submission_listing":"New featured submission on %website_url","houzez_admin_featured_submission_listing":"Hi there,\r\nYou have a new featured submission on %website_url!\r\nListing Title: %listing_title\r\nListing ID: %listing_id\r\nThe invoice number is: %invoice_no","houzez_subject_free_submission_listing":"Your new listing on %website_url","houzez_free_submission_listing":"Hi there,\r\nYou have submitted new listing on %website_url!\r\nListing Title: %listing_title\r\nListing ID: %listing_id","houzez_subject_admin_free_submission_listing":"New submission on %website_url","houzez_admin_free_submission_listing":"Hi there,\r\nYou have a new submission on %website_url!\r\nListing Title: %listing_title\r\nListing ID: %listing_id","houzez_subject_free_listing_expired":"Free Listing expired on %website_url","houzez_free_listing_expired":"Hi there,\r\nOne of your free listings on %website_url has \"expired\". The listing is %expired_listing_url.\r\nThank you!","houzez_subject_admin_expired_listings":"Expired Listing sent for approval on %website_url","houzez_admin_expired_listings":"Hi there,\r\nA user has re-submited a new property on %website_url! You should go and check it out.\r\nThis is the property title: %submission_title.","houzez_subject_matching_submissions":"Matching Submissions on %website_url","houzez_matching_submissions":"Hi there,\r\nA new submission matching your chosen criteria has been published at %website_url.\r\nThese are the new submissions:\r\n%matching_submissions","houzez_subject_recurring_payment":"Recurring Payment on %website_url","houzez_recurring_payment":"Hi there,\r\nWe charged your account on %merchant for a subscription on %website_url ! You should go and check it out.","houzez_subject_membership_cancelled":"Membership Cancelled on %website_url","houzez_membership_cancelled":"Hi there,\r\nYour subscription on %website_url was cancelled because it expired or the recurring payment from the merchant was not processed. All your listings are no longer visible for our visitors but remain in your account.\r\nThank you.","enable_email_header":"1","email_head_logo":{"url":"http://houzez01.favethemes.com/wp-content/themes/houzez/images/logo/logo-houzez-white.png","id":"","height":"","width":"","thumbnail":"","title":"","caption":"","alt":"","description":""},"email_head_bg_color":"#00AEEF","enable_email_footer":"1","email_foot_bg_color":"#FFFFFF","email_footer_content":"<p style=\"text-align: center; color: #777777; margin: 0; line-height: 22px; font-size: 14px;\">The lorem ipsum text is typically a scrambled section of De finibus bonorum et malorum</p>\r\n<p style=\"text-align: center; color: #777777; margin: 0; line-height: 22px; font-size: 14px;\">Houzez.com | 4958 Washington Av, Miami Beach, FL 33139\r\nPrivacy Policy</p>","social_1_icon":{"url":"","id":"","height":"","width":"","thumbnail":"","title":"","caption":"","alt":"","description":""},"social_1_link":"","social_2_icon":{"url":"","id":"","height":"","width":"","thumbnail":"","title":"","caption":"","alt":"","description":""},"social_2_link":"","social_3_icon":{"url":"","id":"","height":"","width":"","thumbnail":"","title":"","caption":"","alt":"","description":""},"social_3_link":"","social_4_icon":{"url":"","id":"","height":"","width":"","thumbnail":"","title":"","caption":"","alt":"","description":""},"social_4_link":"","banner_slider_autoplay":"1","banner_slider_loop":"1","banner_slider_autoplayspeed":"5000","404-title":"Oh oh! Page not found.","404-des":"We're sorry, but the page you are looking for doesn't exist.<br>                You can search your topic using the box below or return to the homepage.","footer_cols":"one_col","ft-bottom":"v3","footer_logo":{"url":"https://demo12.houzez.co/wp-content/uploads/2018/05/logo-houzez-white-1.png","id":"7901","height":"24","width":"127","thumbnail":"https://demo12.houzez.co/wp-content/uploads/2018/05/logo-houzez-white-1.png","title":"logo-houzez-white-1","caption":"","alt":"","description":""},"copy_rights":"Houzez - All rights reserved","social-footer":"1","fs-facebook":"https://facebook.com/Favethemes","fs-twitter":"https://twitter.com/favethemes","fs-googleplus":"http://google.com","fs-linkedin":"http://linkedin.com","fs-instagram":"http://instagram.com","fs-pinterest":"#","fs-yelp":"#","fs-youtube":"#","js_all_in_one":"0","css_all_in_one":"0","minify_js":"0","minify_css":"0","remove_scripts_version":"0","defer_async_enabled":"0","jpeg_100":"0","add-prop-gdpr-enabled":"0","add-prop-gdpr-label":"I consent to having this website to store my submitted infomation, read more infomation below","add-prop-gdpr-agreement-content":"Lorem ipsum dolor sit amet, consectetur adipiscing elit. Sed risus lacus, sollicitudin at finibus at, pretium id dui. Nunc erat felis, pharetra id feugiat et, faucibus a justo. Donec eu condimentum nisi. Integer facilisis luctus massa, sit amet commodo nulla vehicula ac. Fusce vehicula nibh magna, in efficitur elit euismod eget. Quisque egestas consectetur diam, eu facilisis justo vestibulum a. Aenean facilisis volutpat orci. Mauris in pellentesque nulla. Maecenas justo felis, vestibulum non cursus sit amet, blandit et velit.\r\n\r\nVivamus a commodo urna. In hac habitasse platea dictumst. Ut tincidunt est sed accumsan aliquet. Sed fringilla volutpat bibendum. Nunc fermentum massa vitae iaculis pulvinar. Integer hendrerit auctor risus et luctus. Donec convallis luctus ultrices. Maecenas scelerisque sed purus ac hendrerit. Nulla vel facilisis magna.\r\n\r\nSuspendisse hendrerit enim in tellus pharetra cursus. Pellentesque habitant morbi tristique senectus et netus et malesuada fames ac turpis egestas. Integer sed laoreet nisl. Nullam feugiat ut enim id tempor. Nunc euismod nec dui at suscipit. Duis sit amet cursus nibh. Mauris tincidunt ante quis augue accumsan, quis porttitor ipsum bibendum. Vivamus congue arcu sit amet arcu imperdiet, a laoreet ligula auctor. Aliquam ultrices porttitor malesuada.\r\n\r\nMauris erat quam, condimentum quis lacinia sed, suscipit in nisi. Etiam eleifend tristique pellentesque. Duis a odio neque. Quisque mollis velit enim, in mollis arcu blandit vel. Praesent accumsan nisi odio, vitae semper neque faucibus in. Class aptent taciti sociosqu ad litora torquent per conubia nostra, per inceptos himenaeos. Aliquam pellentesque neque sem. Donec vehicula, lacus vitae gravida tempus, lorem felis faucibus est, sed dapibus velit tortor nec velit.\r\n\r\nAliquam convallis id metus eu venenatis. Morbi nec augue turpis. Suspendisse tincidunt massa vitae malesuada mollis. Donec suscipit feugiat porttitor. Sed pharetra auctor enim. Cras faucibus in metus eu ultrices. Mauris vitae vehicula sapien.","custom_css":"section.top-banner-wrap.slider-revolution-wrap {\r\n    height: auto;\r\n}","custom_js_header":"","custom_js_footer":"","houzez_base_currency":"USD","hd1_4_phone_enable":0,"hd1_4_phone":"+1 (800) 987 6543","ssb_color":"#ffffff","ssb_color_hover":"#ffffff","ssb_bg_color":"#28a745","ssb_bg_color_hover":"#28a745","ssb_border_color":"#28a745","ssb_border_color_hover":"#28a745","single_prop_breadcrumb":"property_type","cl_select_all":"Select All","cl_deselect_all":"Deselect All","srh_types":"types selected","srh_statuses":"status selected","srh_labels":"Labels","srh_areass":"areas selected","cl_prop_types":"Types","cl_prop_statuses":"Statuses","cl_prop_labels":"Labels","houzez_templates":"","cl_common_section-start":"","cl_common_section-end":"","srh_labels_section-start":"","srh_labels_section-end":"","cl_glcp_section-start":"","cl_glcp_section-end":"","sp_sections_section-start":"","sp_sections_section-end":"","sp_labels_section-start":"","sp_labels_section-end":"","sp_agent_forms_section-start":"","sp_agent_forms_section-end":"","sp_energy_labels_section-start":"","sp_energy_labels_section-end":"","sp_mortgage_cal_labels_section-start":"","sp_mortgage_cal_labels_section-end":"","cl_sections_section-start":"","cl_sections_section-end":"","cl_location_section-start":"","cl_location_section-end":"","dsh_labels_section-start":"","dsh_labels_section-end":"","hd3_callus_section-start":"","hd3_callus_section_end":"","hd2_contact-start":"","hd2_contact_section_end":"","hd2_address-start":"","hd2_address_section_end":"","hd2_timing-start":"","hd2_timing_section_end":"","currency_switcher_info":"","splash_image_section-start":"","splash_image_section_end":"","splash_slider_section-start":"","splash_slider_section_end":"","splash_video_section-start":"","splash_video_section_end":"","info_normal":"","header_2_section-start":"","header_2_section-end":"","info-header-4-transparent":"","info-create-listingtransparent":"","add_ms_section-start":"","add_ms_section_end":"","header_search_selected_pages":"","adv_search_selected_pages":"","ms_section-start":"","ms_section_end":"","rentPrice-info":"","advanced-search-widget-priceRang-info":"","beds-baths-info":"","google_recaptcha_info":"","direct-pay-info":"","email-purchase-activated-package-info":"","email-purchase-activated-info":"","email-approved-info":"","email-expired-info":"","email-new-user-info":"","email-wire-transfer-info":"","email-paid-perlisting-info":"","email-featured-perlisting-info":"","email-free-package-perlisting-info":"","email-free-listing-expired-info":"","email-expired-listing-info":"","email-matching-submissions-info":"","email-recurring-payment-info":"","email-membership-cancelled-info":"","email-ft-social-link1":"","email-ft-social-link2":"","email-ft-social-link3":"","email-ft-social-link4":"","ftb_section-start":"","ftb_section_end":"","gdpr-info-for-add-property":"","redux_import_export":"","redux-backup":1}