{"version":"0.4","title":"Demo 15 &#8211; Homepage 3","type":"page","content":[{"id":"4e62f5d","settings":{"stretch_section":"section-stretched","height":"min-height","content_position":"middle","background_background":"classic","background_image":{"url":"http:\/\/wordpress-248995-783129.cloudwaysapps.com\/wp-content\/uploads\/2018\/07\/header-form.jpg","id":7889},"background_size":"cover","custom_height":{"unit":"px","size":800,"sizes":[]},"structure":"20"},"elements":[{"id":"2de55e94","settings":{"_column_size":50,"_inline_size":65.778,"margin_mobile":{"unit":"px","top":"20","right":"20","bottom":"0","left":"20","isLinked":false},"padding_tablet":{"unit":"px","top":"0","right":"0","bottom":"0","left":"30","isLinked":false},"animation":"fadeIn"},"elements":[{"id":"24d0835","settings":{"hz_section_title":"How Much Is My House Worth?\u200b","hz_section_subtitle":"Houzez was built to get more real estate leads, increase your conversions rate, schedule more viewings for your properties and ultimately earn more commissions","section_title_typography_typography":"custom","section_title_typography_font_family":"Quicksand","section_title_typography_font_size":{"unit":"px","size":50,"sizes":[]},"section_title_typography_line_height":{"unit":"em","size":1.3,"sizes":[]},"section_title_typography_letter_spacing":{"unit":"px","size":-0.5,"sizes":[]},"section_subtitle_typography_typography":"custom","section_subtitle_typography_font_family":"Quicksand","section_subtitle_typography_font_size":{"unit":"px","size":20,"sizes":[]},"section_subtitle_typography_line_height":{"unit":"em","size":1.5,"sizes":[]},"houzez_section_title_align":"left","houzez_section_title_color":"#FFFFFF","houzez_section_subtitle_color":"#FFFFFF","homey_main_title_spacing":{"unit":"px","size":15,"sizes":[]}},"elements":[],"isInner":false,"widgetType":"houzez_elementor_section_title","elType":"widget"},{"id":"4800f15c","settings":{"form_name":"New Form","form_fields":[{"field_type":"email","field_label":"Email","placeholder":"Email","required":"true","field_options":"","width":"50","width_tablet":"","width_mobile":"","rows":4,"_id":"332f916"},{"field_type":"e_meta[zipcode]","field_label":"Zip Code","placeholder":"Zip Code","required":"true","field_options":"","width":"25","width_tablet":"","width_mobile":"","rows":4,"_id":"f1268f5"}],"show_labels":"","button_text":"Submit","email_to":"hello@favethemes.com","email_subject":"New message from &quot;Houzez&quot;","button_background_color":"#1D70D3","button_background_hover_color":"rgba(29, 112, 211, 0.79)","input_size":"lg","gdpr_agreement":"","gdpr_label":"GDPR Agreement","button_size":"lg","button_width":"25","_background_color":"#FFFFFF"},"elements":[],"isInner":false,"widgetType":"houzez_elementor_inquiry_form","elType":"widget"}],"isInner":false,"elType":"column"},{"id":"63779e9a","settings":{"_column_size":50,"_inline_size":34.157},"elements":[],"isInner":false,"elType":"column"}],"isInner":false,"elType":"section"},{"id":"66ba44ff","settings":{"animation":"fadeIn","background_background":"classic","background_color":"#FFFFFF"},"elements":[{"id":"56137d58","settings":{"_column_size":100},"elements":[{"id":"1f544e","settings":[],"elements":[],"isInner":false,"widgetType":"houzez_elementor_space","elType":"widget"},{"id":"34d85fd8","settings":{"content_width":{"unit":"px","size":810,"sizes":[]}},"elements":[{"id":"6bef955","settings":{"_column_size":100,"_inline_size":null},"elements":[{"id":"57aed7a9","settings":{"hz_section_title":"Which Are Your Benefits?","hz_section_subtitle":"This real estate website builder is equipped with every tool you\u2019d need to deliver a product that any realtor or real estate agency would be delighted to have","section_title_typography_typography":"custom","section_title_typography_font_family":"Quicksand","section_title_typography_font_size":{"unit":"px","size":40,"sizes":[]},"section_title_typography_font_weight":"600","section_title_typography_line_height":{"unit":"em","size":1.5,"sizes":[]},"section_title_typography_letter_spacing":{"unit":"px","size":-0.5,"sizes":[]},"section_subtitle_typography_typography":"custom","section_subtitle_typography_font_family":"Quicksand","section_subtitle_typography_font_size":{"unit":"px","size":18,"sizes":[]},"section_subtitle_typography_line_height":{"unit":"em","size":1.5,"sizes":[]},"houzez_section_title_color":"#000000","houzez_section_subtitle_color":"#000000","homey_main_title_spacing":{"unit":"px","size":15,"sizes":[]}},"elements":[],"isInner":false,"widgetType":"houzez_elementor_section_title","elType":"widget"}],"isInner":true,"elType":"column"}],"isInner":true,"elType":"section"},{"id":"489ce29a","settings":{"structure":"40"},"elements":[{"id":"5e1aed54","settings":{"_column_size":25,"_inline_size":null},"elements":[{"id":"71cf74c7","settings":{"image":{"url":"http:\/\/wordpress-248995-783129.cloudwaysapps.com\/wp-content\/uploads\/2018\/07\/Asset-2.png","id":7986},"title_text":"Get More<br> Real Estate Leads","description_text":"Lorem ipsum dolor sit amet, consectetur adipiscing elit. Cras eu vulputate urna.","image_space":{"unit":"px","size":25,"sizes":[]},"image_size":{"unit":"%","size":35,"sizes":[]},"title_color":"#000000","title_typography_typography":"custom","title_typography_font_family":"Quicksand","title_typography_font_weight":"700","description_color":"#000000","description_typography_typography":"custom","description_typography_font_family":"Quicksand","description_typography_font_weight":"300","title_bottom_space":{"unit":"px","size":20,"sizes":[]},"title_typography_font_size":{"unit":"px","size":20,"sizes":[]},"title_typography_line_height":{"unit":"em","size":1.5,"sizes":[]},"title_typography_letter_spacing":{"unit":"px","size":-0.5,"sizes":[]},"description_typography_font_size":{"unit":"px","size":17,"sizes":[]},"description_typography_line_height":{"unit":"em","size":1.5,"sizes":[]},"description_typography_letter_spacing":{"unit":"px","size":-0.5,"sizes":[]}},"elements":[],"isInner":false,"widgetType":"image-box","elType":"widget"}],"isInner":true,"elType":"column"},{"id":"58b0a572","settings":{"_column_size":25,"_inline_size":null},"elements":[{"id":"41cd8389","settings":{"image":{"url":"http:\/\/wordpress-248995-783129.cloudwaysapps.com\/wp-content\/uploads\/2018\/07\/Asset-3.png","id":7985},"title_text":"Increase<br> Your Conversion Rate","description_text":"Lorem ipsum dolor sit amet, consectetur adipiscing elit. Cras eu vulputate urna.","image_space":{"unit":"px","size":25,"sizes":[]},"image_size":{"unit":"%","size":35,"sizes":[]},"title_bottom_space":{"unit":"px","size":20,"sizes":[]},"title_color":"#000000","title_typography_typography":"custom","title_typography_font_family":"Quicksand","title_typography_font_size":{"unit":"px","size":20,"sizes":[]},"title_typography_font_weight":"700","description_color":"#000000","description_typography_typography":"custom","description_typography_font_family":"Quicksand","description_typography_font_size":{"unit":"px","size":17,"sizes":[]},"description_typography_font_weight":"300","description_typography_line_height":{"unit":"em","size":1.5,"sizes":[]},"description_typography_letter_spacing":{"unit":"px","size":-0.5,"sizes":[]}},"elements":[],"isInner":false,"widgetType":"image-box","elType":"widget"}],"isInner":true,"elType":"column"},{"id":"2282cb66","settings":{"_column_size":25,"_inline_size":null},"elements":[{"id":"280ae2e6","settings":{"image":{"url":"http:\/\/wordpress-248995-783129.cloudwaysapps.com\/wp-content\/uploads\/2018\/07\/Asset-4.png","id":7984},"title_text":"Improve<br> Your Brand Awareness","description_text":"Lorem ipsum dolor sit amet, consectetur adipiscing elit. Cras eu vulputate urna.","image_space":{"unit":"px","size":25,"sizes":[]},"image_size":{"unit":"%","size":35,"sizes":[]},"title_bottom_space":{"unit":"px","size":20,"sizes":[]},"title_color":"#000000","title_typography_typography":"custom","title_typography_font_family":"Quicksand","title_typography_font_size":{"unit":"px","size":20,"sizes":[]},"title_typography_font_weight":"700","description_color":"#000000","description_typography_typography":"custom","description_typography_font_family":"Quicksand","description_typography_font_size":{"unit":"px","size":17,"sizes":[]},"description_typography_font_weight":"300","description_typography_line_height":{"unit":"em","size":1.5,"sizes":[]},"description_typography_letter_spacing":{"unit":"px","size":-0.5,"sizes":[]}},"elements":[],"isInner":false,"widgetType":"image-box","elType":"widget"}],"isInner":true,"elType":"column"},{"id":"2fb7fdd2","settings":{"_column_size":25,"_inline_size":null},"elements":[{"id":"48c128c4","settings":{"image":{"url":"http:\/\/wordpress-248995-783129.cloudwaysapps.com\/wp-content\/uploads\/2018\/07\/Asset-1-1.png","id":7987},"title_text":"Support <br>Your Business Goals","description_text":"Lorem ipsum dolor sit amet, consectetur adipiscing elit. Cras eu vulputate urna.","image_space":{"unit":"px","size":25,"sizes":[]},"image_size":{"unit":"%","size":35,"sizes":[]},"title_bottom_space":{"unit":"px","size":20,"sizes":[]},"title_color":"#000000","title_typography_typography":"custom","title_typography_font_family":"Quicksand","title_typography_font_size":{"unit":"px","size":20,"sizes":[]},"title_typography_font_weight":"700","description_color":"#000000","description_typography_typography":"custom","description_typography_font_family":"Quicksand","description_typography_font_size":{"unit":"px","size":17,"sizes":[]},"description_typography_font_weight":"300","description_typography_line_height":{"unit":"em","size":1.5,"sizes":[]},"description_typography_letter_spacing":{"unit":"px","size":-0.5,"sizes":[]}},"elements":[],"isInner":false,"widgetType":"image-box","elType":"widget"}],"isInner":true,"elType":"column"}],"isInner":true,"elType":"section"},{"id":"78c8bac","settings":[],"elements":[],"isInner":false,"widgetType":"houzez_elementor_space","elType":"widget"}],"isInner":false,"elType":"column"}],"isInner":false,"elType":"section"},{"id":"489d64b7","settings":{"stretch_section":"section-stretched","background_color":"#ffffff","animation":"fadeIn"},"elements":[{"id":"6e6e9387","settings":{"_column_size":100},"elements":[{"id":"678fead1","settings":[],"elements":[],"isInner":false,"widgetType":"houzez_elementor_space","elType":"widget"},{"id":"370492cd","settings":{"content_width":{"unit":"px","size":810,"sizes":[]}},"elements":[{"id":"11f1f659","settings":{"_column_size":100,"_inline_size":null},"elements":[{"id":"7a2ec788","settings":{"hz_section_title":"We Help You To Sell Your Home","hz_section_subtitle":"After years of business, our responsibility and attention to the customer have never been so effective. Find out what people say about us.","section_title_typography_typography":"custom","section_title_typography_font_family":"Quicksand","section_title_typography_font_size":{"unit":"px","size":40,"sizes":[]},"section_title_typography_font_weight":"600","section_title_typography_line_height":{"unit":"em","size":1.5,"sizes":[]},"section_title_typography_letter_spacing":{"unit":"px","size":-0.5,"sizes":[]},"section_subtitle_typography_typography":"custom","section_subtitle_typography_font_family":"Quicksand","section_subtitle_typography_font_size":{"unit":"px","size":18,"sizes":[]},"section_subtitle_typography_line_height":{"unit":"em","size":1.5,"sizes":[]},"houzez_section_title_color":"#000000","houzez_section_subtitle_color":"#000000","homey_main_title_spacing":{"unit":"px","size":15,"sizes":[]}},"elements":[],"isInner":false,"widgetType":"houzez_elementor_section_title","elType":"widget"},{"id":"34466f64","settings":{"height":{"unit":"px","size":20,"sizes":[]}},"elements":[],"isInner":false,"widgetType":"houzez_elementor_space","elType":"widget"}],"isInner":true,"elType":"column"}],"isInner":true,"elType":"section"},{"id":"46505c82","settings":[],"elements":[{"id":"16ba8f35","settings":{"_column_size":100,"_inline_size":null},"elements":[{"id":"1d76de0","settings":{"testimonials_type":"grid_2cols","posts_limit":"2","houzez_testi_v2_text_color":"#000000","houzez_testi_v2_bg_color":"#FFFFFF"},"elements":[],"isInner":false,"widgetType":"houzez_elementor_testimonials_v2","elType":"widget"}],"isInner":true,"elType":"column"}],"isInner":true,"elType":"section"},{"id":"e1f998d","settings":{"height":{"unit":"px","size":70,"sizes":[]}},"elements":[],"isInner":false,"widgetType":"houzez_elementor_space","elType":"widget"}],"isInner":false,"elType":"column"}],"isInner":false,"elType":"section"},{"id":"1c734669","settings":{"stretch_section":"section-stretched","height":"min-height","custom_height":{"unit":"px","size":800,"sizes":[]},"background_background":"classic","background_image":{"url":"http:\/\/wordpress-248995-783129.cloudwaysapps.com\/wp-content\/uploads\/2018\/07\/agent-bg.jpg","id":7995},"background_attachment":"fixed","background_size":"cover","animation":"fadeIn","structure":"20"},"elements":[{"id":"2c150351","settings":{"_column_size":50,"_inline_size":38.509},"elements":[{"id":"56208ae9","settings":{"hz_section_title":"Would You Like To Speak To An Expert?","hz_section_subtitle":"Houzez as features that your client might not even have dreamt about","section_title_typography_typography":"custom","section_title_typography_font_family":"Quicksand","section_title_typography_font_size":{"unit":"px","size":40,"sizes":[]},"section_title_typography_font_weight":"600","section_title_typography_line_height":{"unit":"em","size":1.3,"sizes":[]},"section_title_typography_letter_spacing":{"unit":"px","size":-0.5,"sizes":[]},"section_subtitle_typography_typography":"custom","section_subtitle_typography_font_family":"Quicksand","section_subtitle_typography_font_size":{"unit":"px","size":18,"sizes":[]},"section_subtitle_typography_line_height":{"unit":"em","size":1.5,"sizes":[]},"houzez_section_title_align":"left","houzez_section_title_color":"#FFFFFF","houzez_section_subtitle_color":"#FFFFFF","homey_main_title_spacing":{"unit":"px","size":15,"sizes":[]}},"elements":[],"isInner":false,"widgetType":"houzez_elementor_section_title","elType":"widget"},{"id":"1c53f21b","settings":{"text":"Speak to an expert","link":{"url":"https:\/\/demo15.houzez.co\/speak-to-an-expert\/","is_external":"","nofollow":""},"size":"md","typography_typography":"custom","typography_font_family":"Quicksand","typography_font_weight":"600","button_text_color":"#ffffff","background_color":"#1d70d3","hover_color":"#ffffff","button_background_hover_color":"rgba(29,112,211,0.86)","align":"left"},"elements":[],"isInner":false,"widgetType":"button","elType":"widget"}],"isInner":false,"elType":"column"},{"id":"5b06ba47","settings":{"_column_size":50,"_inline_size":61.491},"elements":[],"isInner":false,"elType":"column"}],"isInner":false,"elType":"section"},{"id":"7e38d7cb","settings":{"stretch_section":"section-stretched","background_background":"classic","background_color":"#ffffff","animation":"fadeIn"},"elements":[{"id":"17a381a9","settings":{"_column_size":100},"elements":[{"id":"3c3dafb","settings":[],"elements":[],"isInner":false,"widgetType":"houzez_elementor_space","elType":"widget"},{"id":"75934fc2","settings":{"content_width":{"unit":"px","size":810,"sizes":[]}},"elements":[{"id":"514ba641","settings":{"_column_size":100,"_inline_size":null},"elements":[{"id":"61c5b39c","settings":{"hz_section_title":"Discover Our Properties\u200b","hz_section_subtitle":"Find out the finest selection of carefully selected first-class and exclusive properties available on the market.","section_title_typography_typography":"custom","section_title_typography_font_family":"Quicksand","section_title_typography_font_size":{"unit":"px","size":40,"sizes":[]},"section_title_typography_font_weight":"600","section_title_typography_line_height":{"unit":"em","size":1.5,"sizes":[]},"section_title_typography_letter_spacing":{"unit":"px","size":-0.5,"sizes":[]},"section_subtitle_typography_typography":"custom","section_subtitle_typography_font_family":"Quicksand","section_subtitle_typography_font_size":{"unit":"px","size":18,"sizes":[]},"section_subtitle_typography_line_height":{"unit":"em","size":1.5,"sizes":[]},"houzez_section_title_color":"#000000","houzez_section_subtitle_color":"#000000","homey_main_title_spacing":{"unit":"px","size":15,"sizes":[]}},"elements":[],"isInner":false,"widgetType":"houzez_elementor_section_title","elType":"widget"}],"isInner":true,"elType":"column"}],"isInner":true,"elType":"section"},{"id":"4e43f534","settings":[],"elements":[{"id":"131929cb","settings":{"_column_size":100,"_inline_size":null},"elements":[{"id":"3fe0a0f1","settings":{"auto_speed":"3000","featured_prop":"yes","hide_compare":"none","hide_favorite":"none","hide_preview":"none","hide_status":"none","hide_label":"none","hz_property_title_typography":"custom","hz_property_title_font_family":"Quicksand","hz_property_title_font_weight":"600","hz_item_price_typography":"custom","hz_item_price_font_family":"Quicksand","hz_item_price_font_size":{"unit":"px","size":18,"sizes":[]},"hz_title_margin_bottom":{"unit":"px","size":6,"sizes":[]},"hz_labels_margin_bottom":{"unit":"px","size":0,"sizes":[]},"np_bg_color":"#1D70D3","np_color":"#FFFFFF","np_bg_color_hover":"rgba(29, 112, 211, 0.82)"},"elements":[],"isInner":false,"widgetType":"houzez_elementor_properties_carousel_v1","elType":"widget"}],"isInner":true,"elType":"column"}],"isInner":true,"elType":"section"},{"id":"67eb83d7","settings":{"height":{"unit":"px","size":20,"sizes":[]}},"elements":[],"isInner":false,"widgetType":"houzez_elementor_space","elType":"widget"},{"id":"359bf531","settings":{"text":"Check Our Properties","link":{"url":"https:\/\/demo15.houzez.co\/properties\/","is_external":"","nofollow":""},"size":"md","typography_typography":"custom","typography_font_family":"Quicksand","typography_font_weight":"600","button_text_color":"#ffffff","background_color":"#1d70d3","hover_color":"#ffffff","button_background_hover_color":"rgba(29,112,211,0.86)","align":"center"},"elements":[],"isInner":false,"widgetType":"button","elType":"widget"},{"id":"17051df9","settings":[],"elements":[],"isInner":false,"widgetType":"houzez_elementor_space","elType":"widget"}],"isInner":false,"elType":"column"}],"isInner":false,"elType":"section"},{"id":"1d3cad8c","settings":{"stretch_section":"section-stretched","content_width":{"unit":"px","size":996,"sizes":[]},"background_background":"classic","animation":"fadeIn"},"elements":[{"id":"2930939c","settings":{"_column_size":100},"elements":[{"id":"1e91a9a5","settings":[],"elements":[],"isInner":false,"widgetType":"houzez_elementor_space","elType":"widget"},{"id":"6db6ff01","settings":{"hz_section_title":"Real Estate Success Stories","hz_section_subtitle":"Read some of our selling stories to see how our expert agents help you prepare your home for sale, set a price, determine a selling strategy and negotiate with buyers","section_title_typography_typography":"custom","section_title_typography_font_family":"Quicksand","section_title_typography_font_size":{"unit":"px","size":40,"sizes":[]},"section_title_typography_font_weight":"600","section_title_typography_line_height":{"unit":"em","size":1.5,"sizes":[]},"section_title_typography_letter_spacing":{"unit":"px","size":-0.5,"sizes":[]},"section_subtitle_typography_typography":"custom","section_subtitle_typography_font_family":"Quicksand","section_subtitle_typography_font_size":{"unit":"px","size":18,"sizes":[]},"section_subtitle_typography_line_height":{"unit":"em","size":1.5,"sizes":[]},"houzez_section_title_color":"#000000","houzez_section_subtitle_color":"#000000","homey_main_title_spacing":{"unit":"px","size":15,"sizes":[]}},"elements":[],"isInner":false,"widgetType":"houzez_elementor_section_title","elType":"widget"},{"id":"64f31cca","settings":{"height":{"unit":"px","size":20,"sizes":[]}},"elements":[],"isInner":false,"widgetType":"houzez_elementor_space","elType":"widget"},{"id":"1eea5957","settings":{"structure":"20"},"elements":[{"id":"67e5c68a","settings":{"_column_size":50,"_inline_size":null},"elements":[{"id":"6219477","settings":{"image":{"url":"http:\/\/wordpress-248995-783129.cloudwaysapps.com\/wp-content\/uploads\/2017\/11\/12-1.jpg","id":7420},"title_text":"Learn The Truth About Real Estate Industry","description_text":"Lorem ipsum dolor sit amet elit, conse tetur adipiscing elit. Ut elit tellus, luctus nec ullamcorper mattis, pulvinar dapibus leo.","image_space":{"unit":"px","size":33,"sizes":[]},"image_size":{"unit":"%","size":100,"sizes":[]},"title_bottom_space":{"unit":"px","size":20,"sizes":[]},"title_color":"#000000","title_typography_typography":"custom","title_typography_font_family":"Quicksand","title_typography_font_size":{"unit":"px","size":25,"sizes":[]},"title_typography_font_weight":"700","title_typography_line_height":{"unit":"em","size":1.5,"sizes":[]},"description_color":"#000000","description_typography_typography":"custom","description_typography_font_family":"Quicksand","description_typography_font_weight":"300","_padding":{"unit":"px","top":"30","right":"30","bottom":"30","left":"30","isLinked":true},"_background_background":"classic","_background_color":"#ffffff","description_typography_font_size":{"unit":"px","size":17,"sizes":[]}},"elements":[],"isInner":false,"widgetType":"image-box","elType":"widget"}],"isInner":true,"elType":"column"},{"id":"18138ad0","settings":{"_column_size":50,"_inline_size":null},"elements":[{"id":"19398c2e","settings":{"image":{"url":"http:\/\/wordpress-248995-783129.cloudwaysapps.com\/wp-content\/uploads\/2017\/11\/12-1.jpg","id":7420},"title_text":"Quick Tips About Business Development","description_text":"Lorem ipsum dolor sit amet elit, conse tetur adipiscing elit. Ut elit tellus, luctus nec ullamcorper mattis, pulvinar dapibus leo.","image_space":{"unit":"px","size":33,"sizes":[]},"image_size":{"unit":"%","size":100,"sizes":[]},"title_bottom_space":{"unit":"px","size":20,"sizes":[]},"title_color":"#000000","title_typography_typography":"custom","title_typography_font_family":"Quicksand","title_typography_font_size":{"unit":"px","size":25,"sizes":[]},"title_typography_font_weight":"700","title_typography_line_height":{"unit":"em","size":1.5,"sizes":[]},"description_color":"#000000","description_typography_typography":"custom","description_typography_font_family":"Quicksand","description_typography_font_size":{"unit":"px","size":17,"sizes":[]},"description_typography_font_weight":"300","_padding":{"unit":"px","top":"30","right":"30","bottom":"30","left":"30","isLinked":true},"_background_background":"classic","_background_color":"#ffffff"},"elements":[],"isInner":false,"widgetType":"image-box","elType":"widget"}],"isInner":true,"elType":"column"}],"isInner":true,"elType":"section"},{"id":"1b10fa0f","settings":[],"elements":[],"isInner":false,"widgetType":"houzez_elementor_space","elType":"widget"},{"id":"2ece1a05","settings":{"text":"Find More Stories","link":{"url":"https:\/\/demo15.houzez.co\/blog\/","is_external":"","nofollow":""},"size":"md","typography_typography":"custom","typography_font_family":"Quicksand","typography_font_weight":"600","button_text_color":"#ffffff","background_color":"#1d70d3","hover_color":"#ffffff","button_background_hover_color":"rgba(29,112,211,0.86)","align":"center"},"elements":[],"isInner":false,"widgetType":"button","elType":"widget"},{"id":"653ab5d9","settings":[],"elements":[],"isInner":false,"widgetType":"houzez_elementor_space","elType":"widget"}],"isInner":false,"elType":"column"}],"isInner":false,"elType":"section"}]}