{"version":"0.4","title":"Demo 15 &#8211; Properties","type":"page","content":[{"id":"28c2843f","settings":{"layout":"full_width","gap":"wider","background_color":"#FFFFFF","background_attachment":"fixed","padding":{"unit":"px","top":"0","right":"0","bottom":"30","left":"0","isLinked":false},"background_background":"classic","border_border":"solid","border_width":{"unit":"px","top":"1","right":"0","bottom":"0","left":"0","isLinked":false},"border_color":"#EDEDED"},"elements":[{"id":"6d75e054","settings":{"_column_size":100,"_inline_size":null},"elements":[{"id":"7733c829","settings":{"hz_section_title":"Featured Properties","section_title_typography_typography":"custom","section_title_typography_font_family":"Quicksand","section_title_typography_font_size":{"unit":"px","size":40,"sizes":[]},"section_title_typography_font_weight":"600","section_title_typography_line_height":{"unit":"em","size":1.5,"sizes":[]},"section_title_typography_letter_spacing":{"unit":"px","size":-0.5,"sizes":[]},"section_subtitle_typography_typography":"custom","section_subtitle_typography_font_family":"Quicksand","section_subtitle_typography_font_size":{"unit":"px","size":18,"sizes":[]},"section_subtitle_typography_line_height":{"unit":"em","size":1.5,"sizes":[]},"houzez_section_title_color":"#000000","houzez_section_subtitle_color":"#000000","homey_main_title_spacing":{"unit":"px","size":0,"sizes":[]},"houzez_section_title_align":"left","homey_subtitle_spacing":{"unit":"px","size":0,"sizes":[]},"houzez_section_title_margin_bottom":{"unit":"px","size":0,"sizes":[]},"_margin":{"unit":"px","top":"30","right":"0","bottom":"0","left":"0","isLinked":false}},"elements":[],"isInner":false,"widgetType":"houzez_elementor_section_title","elType":"widget"},{"id":"631a30b","settings":{"slides_to_show":"5","auto_speed":"3000","featured_prop":"yes"},"elements":[],"isInner":false,"widgetType":"houzez_elementor_properties_carousel_v1","elType":"widget"}],"isInner":false,"elType":"column"}],"isInner":false,"elType":"section"},{"id":"6101f801","settings":{"layout":"full_width","gap":"wider","structure":"21","background_color":"#FFFFFF","padding":{"unit":"px","top":"50","right":"0","bottom":"50","left":"0","isLinked":false}},"elements":[{"id":"3f4d16a5","settings":{"_column_size":33,"_inline_size":25},"elements":[{"id":"75911f67","settings":{"grid_data":"dynamic","more_text":"More Details","tax_type":"family-home","more_text_d":"More Details","tax_image_type":"","tax_custom_image":{"url":"https:\/\/demo15.houzez.co\/wp-content\/uploads\/2017\/11\/114.jpg","id":7570},"grid_type":"grid-item-v2"},"elements":[],"isInner":false,"widgetType":"Houzez_elementor_grid_builder","elType":"widget"},{"id":"54245b4b","settings":{"hz_section_title":"Single Family Homes ","section_title_typography_typography":"custom","section_title_typography_font_family":"Quicksand","section_title_typography_font_size":{"unit":"px","size":25,"sizes":[]},"section_title_typography_font_weight":"600","section_title_typography_line_height":{"unit":"em","size":1.5,"sizes":[]},"section_title_typography_letter_spacing":{"unit":"px","size":-0.5,"sizes":[]},"section_subtitle_typography_typography":"custom","section_subtitle_typography_font_family":"Quicksand","section_subtitle_typography_font_size":{"unit":"px","size":18,"sizes":[]},"section_subtitle_typography_line_height":{"unit":"em","size":1.5,"sizes":[]},"houzez_section_title_color":"#000000","houzez_section_subtitle_color":"#7A7A7A","homey_main_title_spacing":{"unit":"px","size":15,"sizes":[]},"houzez_section_title_align":"left"},"elements":[],"isInner":false,"widgetType":"houzez_elementor_section_title","elType":"widget"}],"isInner":false,"elType":"column"},{"id":"4c8dddac","settings":{"_column_size":66,"_inline_size":74.665},"elements":[{"id":"71ab8030","settings":{"sort_by":"featured_top","posts_limit":6,"pagination_type":"none","property_type":["family-home"],"hide_compare":"none","hide_favorite":"none","hide_label":"none"},"elements":[],"isInner":false,"widgetType":"houzez_elementor_property-card-v6","elType":"widget"}],"isInner":false,"elType":"column"}],"isInner":false,"elType":"section"},{"id":"4bc1b371","settings":{"layout":"full_width","gap":"wider","structure":"21","background_color":"#FFFFFF","padding":{"unit":"px","top":"50","right":"0","bottom":"50","left":"0","isLinked":false},"background_background":"classic"},"elements":[{"id":"99d301","settings":{"_column_size":33,"_inline_size":25},"elements":[{"id":"a27fec2","settings":{"grid_data":"dynamic","more_text":"More Details","tax_type":"apartment","more_text_d":"More","tax_image_type":"","tax_custom_image":{"url":"https:\/\/demo15.houzez.co\/wp-content\/uploads\/2020\/03\/205-1.jpg","id":8499},"grid_type":"grid-item-v2"},"elements":[],"isInner":false,"widgetType":"Houzez_elementor_grid_builder","elType":"widget"},{"id":"4ef3a6be","settings":{"hz_section_title":"Apartments","section_title_typography_typography":"custom","section_title_typography_font_family":"Quicksand","section_title_typography_font_size":{"unit":"px","size":25,"sizes":[]},"section_title_typography_font_weight":"600","section_title_typography_line_height":{"unit":"em","size":1.5,"sizes":[]},"section_title_typography_letter_spacing":{"unit":"px","size":-0.5,"sizes":[]},"section_subtitle_typography_typography":"custom","section_subtitle_typography_font_family":"Quicksand","section_subtitle_typography_font_size":{"unit":"px","size":18,"sizes":[]},"section_subtitle_typography_line_height":{"unit":"em","size":1.5,"sizes":[]},"houzez_section_title_color":"#000000","houzez_section_subtitle_color":"#7A7A7A","homey_main_title_spacing":{"unit":"px","size":15,"sizes":[]},"houzez_section_title_align":"left"},"elements":[],"isInner":false,"widgetType":"houzez_elementor_section_title","elType":"widget"}],"isInner":false,"elType":"column"},{"id":"7f12ef40","settings":{"_column_size":66,"_inline_size":74.665},"elements":[{"id":"23bb87f0","settings":{"sort_by":"featured_top","posts_limit":6,"pagination_type":"none","property_type":["apartment"],"hide_compare":"none","hide_favorite":"none","hide_label":"none"},"elements":[],"isInner":false,"widgetType":"houzez_elementor_property-card-v6","elType":"widget"}],"isInner":false,"elType":"column"}],"isInner":false,"elType":"section"},{"id":"502eee89","settings":{"layout":"full_width","gap":"wider","structure":"21","background_color":"#FFFFFF","padding":{"unit":"px","top":"50","right":"0","bottom":"50","left":"0","isLinked":false}},"elements":[{"id":"511983ab","settings":{"_column_size":33,"_inline_size":25},"elements":[{"id":"162eba8a","settings":{"grid_data":"dynamic","more_text":"More Details","tax_type":"villa","more_text_d":"More Details","tax_image_type":"","tax_custom_image":{"url":"https:\/\/demo15.houzez.co\/wp-content\/uploads\/2017\/11\/114.jpg","id":7570},"grid_type":"grid-item-v2"},"elements":[],"isInner":false,"widgetType":"Houzez_elementor_grid_builder","elType":"widget"},{"id":"19f43670","settings":{"hz_section_title":"Villas","section_title_typography_typography":"custom","section_title_typography_font_family":"Quicksand","section_title_typography_font_size":{"unit":"px","size":25,"sizes":[]},"section_title_typography_font_weight":"600","section_title_typography_line_height":{"unit":"em","size":1.5,"sizes":[]},"section_title_typography_letter_spacing":{"unit":"px","size":-0.5,"sizes":[]},"section_subtitle_typography_typography":"custom","section_subtitle_typography_font_family":"Quicksand","section_subtitle_typography_font_size":{"unit":"px","size":18,"sizes":[]},"section_subtitle_typography_line_height":{"unit":"em","size":1.5,"sizes":[]},"houzez_section_title_color":"#000000","houzez_section_subtitle_color":"#7A7A7A","homey_main_title_spacing":{"unit":"px","size":15,"sizes":[]},"houzez_section_title_align":"left"},"elements":[],"isInner":false,"widgetType":"houzez_elementor_section_title","elType":"widget"}],"isInner":false,"elType":"column"},{"id":"4719063c","settings":{"_column_size":66,"_inline_size":74.665},"elements":[{"id":"54be3eea","settings":{"sort_by":"featured_top","posts_limit":6,"pagination_type":"none","property_type":["villa"],"hide_compare":"none","hide_favorite":"none","hide_label":"none"},"elements":[],"isInner":false,"widgetType":"houzez_elementor_property-card-v6","elType":"widget"}],"isInner":false,"elType":"column"}],"isInner":false,"elType":"section"},{"id":"5b3d224c","settings":{"layout":"full_width","gap":"wider","structure":"21","background_color":"#FFFFFF","padding":{"unit":"px","top":"50","right":"0","bottom":"50","left":"0","isLinked":false},"background_background":"classic","border_border":"solid","border_width":{"unit":"px","top":"0","right":"0","bottom":"1","left":"0","isLinked":false},"border_color":"#EAEAEA"},"elements":[{"id":"2ff156e7","settings":{"_column_size":33,"_inline_size":25},"elements":[{"id":"6a905cfd","settings":{"grid_data":"dynamic","more_text":"More Details","tax_type":"loft","more_text_d":"More","tax_image_type":"","tax_custom_image":{"url":"https:\/\/demo15.houzez.co\/wp-content\/uploads\/2020\/03\/205-1.jpg","id":8499},"grid_type":"grid-item-v2"},"elements":[],"isInner":false,"widgetType":"Houzez_elementor_grid_builder","elType":"widget"},{"id":"26e723c5","settings":{"hz_section_title":"Lofts","section_title_typography_typography":"custom","section_title_typography_font_family":"Quicksand","section_title_typography_font_size":{"unit":"px","size":25,"sizes":[]},"section_title_typography_font_weight":"600","section_title_typography_line_height":{"unit":"em","size":1.5,"sizes":[]},"section_title_typography_letter_spacing":{"unit":"px","size":-0.5,"sizes":[]},"section_subtitle_typography_typography":"custom","section_subtitle_typography_font_family":"Quicksand","section_subtitle_typography_font_size":{"unit":"px","size":18,"sizes":[]},"section_subtitle_typography_line_height":{"unit":"em","size":1.5,"sizes":[]},"houzez_section_title_color":"#000000","houzez_section_subtitle_color":"#7A7A7A","homey_main_title_spacing":{"unit":"px","size":15,"sizes":[]},"houzez_section_title_align":"left"},"elements":[],"isInner":false,"widgetType":"houzez_elementor_section_title","elType":"widget"}],"isInner":false,"elType":"column"},{"id":"7058207b","settings":{"_column_size":66,"_inline_size":74.665},"elements":[{"id":"62d41d4d","settings":{"sort_by":"featured_top","posts_limit":6,"pagination_type":"none","property_type":["loft"],"hide_compare":"none","hide_favorite":"none","hide_label":"none"},"elements":[],"isInner":false,"widgetType":"houzez_elementor_property-card-v6","elType":"widget"}],"isInner":false,"elType":"column"}],"isInner":false,"elType":"section"}]}