{"version":"0.4","title":"Demo 15 &#8211; Get Started","type":"page","content":[{"id":"779b3df8","settings":{"stretch_section":"section-stretched","content_position":"middle","background_background":"classic","background_image":{"url":"https:\/\/demo15.houzez.co\/wp-content\/uploads\/2018\/07\/header-form.jpg","id":7889},"background_size":"cover","content_width":{"unit":"px","size":870,"sizes":[]},"background_overlay_background":"classic","background_overlay_opacity":{"unit":"px","size":0.25,"sizes":[]},"background_attachment":"fixed","background_repeat":"no-repeat","background_overlay_color":"#1D70D3"},"elements":[{"id":"45a25bcc","settings":{"_column_size":100,"_inline_size":null,"margin_mobile":{"unit":"px","top":"20","right":"20","bottom":"0","left":"20","isLinked":false},"padding_tablet":{"unit":"px","top":"0","right":"0","bottom":"0","left":"30","isLinked":false},"animation":"fadeIn"},"elements":[{"id":"1d56b3a1","settings":[],"elements":[],"isInner":false,"widgetType":"spacer","elType":"widget"},{"id":"5bf8483","settings":[],"elements":[],"isInner":false,"widgetType":"spacer","elType":"widget"},{"id":"51f24aed","settings":{"hz_section_title":"How Much Is My House Worth?\u200b","hz_section_subtitle":"The Inquiry Form widget allows you to design unique forms to capture your leads. This form automatically connects with the integrated Houzez CRM and your email inbox to keep everything on track.","section_title_typography_typography":"custom","section_title_typography_font_family":"Quicksand","section_title_typography_font_size":{"unit":"px","size":50,"sizes":[]},"section_title_typography_line_height":{"unit":"em","size":1.3,"sizes":[]},"section_title_typography_letter_spacing":{"unit":"px","size":-0.5,"sizes":[]},"section_subtitle_typography_typography":"custom","section_subtitle_typography_font_family":"Quicksand","section_subtitle_typography_font_size":{"unit":"px","size":20,"sizes":[]},"section_subtitle_typography_line_height":{"unit":"em","size":1.5,"sizes":[]},"houzez_section_title_color":"#FFFFFF","houzez_section_subtitle_color":"#FFFFFF","homey_main_title_spacing":{"unit":"px","size":15,"sizes":[]}},"elements":[],"isInner":false,"widgetType":"houzez_elementor_section_title","elType":"widget"},{"id":"7d237dc6","settings":{"space":{"unit":"px","size":20,"sizes":[]}},"elements":[],"isInner":false,"widgetType":"spacer","elType":"widget"},{"id":"9fd22e5","settings":{"form_name":"New Form","form_fields":[{"field_type":"enquiry_type","field_label":"Inquiry Type","placeholder":"Select","required":"true","field_options":"","width":"100","width_tablet":"","width_mobile":"","rows":4,"_id":"ba6c34c"},{"field_type":"user_type","field_label":"Information","placeholder":"I'm a ","required":"true","field_options":"Select\nI'm a real estate agent|I am a real estate agent\nI'm a property owner|I am a property owner","width":"100","width_tablet":"","width_mobile":"","rows":4,"_id":"b7fe77d"},{"field_type":"first_name","field_label":"","placeholder":"First Name","required":"true","field_options":"","width":"50","width_tablet":"","width_mobile":"","rows":4,"_id":"cc6b92f"},{"field_type":"last_name","field_label":"","placeholder":"Last Name","required":"","field_options":"","width":"50","width_tablet":"","width_mobile":"","rows":4,"_id":"3cc124e"},{"field_type":"email","field_label":"","placeholder":"Email Address","required":"true","field_options":"","width":"50","width_tablet":"","width_mobile":"","rows":4,"_id":"932d82c"},{"field_type":"mobile","field_label":"","placeholder":"Mobile","required":"true","field_options":"","width":"50","width_tablet":"","width_mobile":"","rows":4,"_id":"304b68f"},{"field_type":"e_meta[city]","field_label":"Location","placeholder":"Select City","required":"true","field_options":"","width":"33","width_tablet":"","width_mobile":"","rows":4,"_id":"bf1d035"},{"field_type":"e_meta[area]","field_label":"&nbsp;","placeholder":"Select Area","required":"true","field_options":"","width":"33","width_tablet":"","width_mobile":"","rows":4,"_id":"d2cd125"},{"field_type":"e_meta[state]","field_label":"&nbsp;","placeholder":"Select State","required":"true","field_options":"","width":"33","width_tablet":"","width_mobile":"","rows":4,"_id":"9ed83fe"},{"field_type":"e_meta[country]","field_label":"","placeholder":"Select Country","required":"true","field_options":"","width":"50","width_tablet":"","width_mobile":"","rows":4,"_id":"28a8adb"},{"field_type":"e_meta[zipcode]","field_label":"","placeholder":"Zip Code","required":"true","field_options":"","width":"50","width_tablet":"","width_mobile":"","rows":4,"_id":"f0ee6fc"},{"field_type":"e_meta[property_type]","field_label":"Property","placeholder":"Select type","required":"true","field_options":"","width":"100","width_tablet":"","width_mobile":"","rows":4,"_id":"3180222"},{"field_type":"e_meta[price]","field_label":"","placeholder":"Max price","required":"true","field_options":"","width":"50","width_tablet":"","width_mobile":"","rows":4,"_id":"c549d17"},{"field_type":"e_meta[area-size]","field_label":"","placeholder":"Minimum size (Sq Ft)","required":"true","field_options":"","width":"50","width_tablet":"","width_mobile":"","rows":4,"_id":"e08cbcb"},{"field_type":"e_meta[beds]","field_label":"","placeholder":"Number of beds","required":"true","field_options":"","width":"50","width_tablet":"","width_mobile":"","rows":4,"_id":"66cc0de"},{"field_type":"e_meta[baths]","field_label":"","placeholder":"Number of baths","required":"true","field_options":"","width":"50","width_tablet":"","width_mobile":"","rows":4,"_id":"dea086f"},{"field_type":"message","field_label":"Message","placeholder":"","required":"","field_options":"","width":"100","width_tablet":"","width_mobile":"","rows":4,"_id":"95c61a9"}],"input_size":"md","button_text":"Submit","button_size":"md","email_to":"hello@favethemes.com","email_subject":"New message from &quot;Houzez 01&quot;","field_border_width":{"unit":"px","top":"2","right":"2","bottom":"2","left":"2","isLinked":true},"_background_color":"#FFFFFF","_padding":{"unit":"px","top":"50","right":"50","bottom":"50","left":"50","isLinked":true},"_background_background":"classic","gdpr_agreement":"yes","gdpr_label":"GDPR Agreement","gdpr_text":"I consent to having this website store my submitted information","button_background_color":"#1D70D3","button_background_hover_color":"rgba(29, 112, 211, 0.73)"},"elements":[],"isInner":false,"widgetType":"houzez_elementor_inquiry_form","elType":"widget"},{"id":"4e3afaf3","settings":{"space":{"unit":"px","size":70,"sizes":[]}},"elements":[],"isInner":false,"widgetType":"spacer","elType":"widget"}],"isInner":false,"elType":"column"}],"isInner":false,"elType":"section"}]}