{"version":"0.4","title":"Demo 15 &#8211; Homepage 1","type":"page","content":[{"id":"38f32bb6","settings":{"stretch_section":"section-stretched","height":"min-height","content_position":"middle","background_background":"classic","background_image":{"url":"http:\/\/wordpress-248995-783129.cloudwaysapps.com\/wp-content\/uploads\/2018\/07\/header-form.jpg","id":7889},"background_size":"cover","content_width":{"unit":"px","size":880,"sizes":[]},"custom_height":{"unit":"px","size":800,"sizes":[]}},"elements":[{"id":"2bd81fd","settings":{"_column_size":100,"_inline_size":null,"margin_mobile":{"unit":"px","top":"20","right":"20","bottom":"0","left":"20","isLinked":false},"padding_tablet":{"unit":"px","top":"0","right":"0","bottom":"0","left":"30","isLinked":false},"animation":"fadeIn"},"elements":[{"id":"35bd1ffb","settings":{"hz_section_title":"How Much Is My House Worth?\u200b","hz_section_subtitle":"Houzez was built to get more real estate leads, increase your conversions rate, schedule more viewings for your properties and ultimately earn more commissions","section_title_typography_typography":"custom","section_title_typography_font_family":"Quicksand","section_title_typography_font_size":{"unit":"px","size":50,"sizes":[]},"section_title_typography_line_height":{"unit":"em","size":1.3,"sizes":[]},"section_title_typography_letter_spacing":{"unit":"px","size":-0.5,"sizes":[]},"section_subtitle_typography_typography":"custom","section_subtitle_typography_font_family":"Quicksand","section_subtitle_typography_font_size":{"unit":"px","size":18,"sizes":[]},"section_subtitle_typography_line_height":{"unit":"em","size":1.5,"sizes":[]},"houzez_section_title_color":"#FFFFFF","houzez_section_subtitle_color":"#FFFFFF","homey_main_title_spacing":{"unit":"px","size":15,"sizes":[]}},"elements":[],"isInner":false,"widgetType":"houzez_elementor_section_title","elType":"widget"},{"id":"705e21a9","settings":{"text":"Get Started","link":{"url":"https:\/\/demo15.houzez.co\/get-started\/","is_external":"","nofollow":""},"size":"md","typography_typography":"custom","typography_font_family":"Quicksand","typography_font_weight":"600","button_text_color":"#ffffff","background_color":"#1d70d3","hover_color":"#ffffff","button_background_hover_color":"rgba(29,112,211,0.86)","align":"center"},"elements":[],"isInner":false,"widgetType":"button","elType":"widget"}],"isInner":false,"elType":"column"}],"isInner":false,"elType":"section"},{"id":"691d280e","settings":{"animation":"fadeIn","background_background":"classic","background_color":"#FFFFFF"},"elements":[{"id":"14324ee3","settings":{"_column_size":100},"elements":[{"id":"3231d70d","settings":[],"elements":[],"isInner":false,"widgetType":"houzez_elementor_space","elType":"widget"},{"id":"63af1276","settings":{"content_width":{"unit":"px","size":810,"sizes":[]}},"elements":[{"id":"57109540","settings":{"_column_size":100,"_inline_size":null},"elements":[{"id":"658475de","settings":{"hz_section_title":"Which Are Your Benefits?","hz_section_subtitle":"This real estate website builder is equipped with every tool you\u2019d need to deliver a product that any realtor or real estate agency would be delighted to have","section_title_typography_typography":"custom","section_title_typography_font_family":"Quicksand","section_title_typography_font_size":{"unit":"px","size":40,"sizes":[]},"section_title_typography_font_weight":"600","section_title_typography_line_height":{"unit":"em","size":1.5,"sizes":[]},"section_title_typography_letter_spacing":{"unit":"px","size":-0.5,"sizes":[]},"section_subtitle_typography_typography":"custom","section_subtitle_typography_font_family":"Quicksand","section_subtitle_typography_font_size":{"unit":"px","size":18,"sizes":[]},"section_subtitle_typography_line_height":{"unit":"em","size":1.5,"sizes":[]},"houzez_section_title_color":"#000000","houzez_section_subtitle_color":"#000000","homey_main_title_spacing":{"unit":"px","size":15,"sizes":[]}},"elements":[],"isInner":false,"widgetType":"houzez_elementor_section_title","elType":"widget"}],"isInner":true,"elType":"column"}],"isInner":true,"elType":"section"},{"id":"29aa7b3c","settings":{"structure":"40"},"elements":[{"id":"76726dfd","settings":{"_column_size":25,"_inline_size":null},"elements":[{"id":"3f50a42f","settings":{"image":{"url":"http:\/\/wordpress-248995-783129.cloudwaysapps.com\/wp-content\/uploads\/2018\/07\/Asset-2.png","id":7986},"title_text":"Get More<br> Real Estate Leads","description_text":"Lorem ipsum dolor sit amet, consectetur adipiscing elit. Cras eu vulputate urna.","image_space":{"unit":"px","size":25,"sizes":[]},"image_size":{"unit":"%","size":35,"sizes":[]},"title_color":"#000000","title_typography_typography":"custom","title_typography_font_family":"Quicksand","title_typography_font_weight":"700","description_color":"#000000","description_typography_typography":"custom","description_typography_font_family":"Quicksand","description_typography_font_weight":"300","title_bottom_space":{"unit":"px","size":20,"sizes":[]},"title_typography_font_size":{"unit":"px","size":20,"sizes":[]},"title_typography_line_height":{"unit":"em","size":1.5,"sizes":[]},"title_typography_letter_spacing":{"unit":"px","size":-0.5,"sizes":[]},"description_typography_font_size":{"unit":"px","size":17,"sizes":[]},"description_typography_line_height":{"unit":"em","size":1.5,"sizes":[]},"description_typography_letter_spacing":{"unit":"px","size":-0.5,"sizes":[]}},"elements":[],"isInner":false,"widgetType":"image-box","elType":"widget"}],"isInner":true,"elType":"column"},{"id":"1e9ebf4f","settings":{"_column_size":25,"_inline_size":null},"elements":[{"id":"31bcd71c","settings":{"image":{"url":"http:\/\/wordpress-248995-783129.cloudwaysapps.com\/wp-content\/uploads\/2018\/07\/Asset-3.png","id":7985},"title_text":"Increase<br> Your Conversion Rate","description_text":"Lorem ipsum dolor sit amet, consectetur adipiscing elit. Cras eu vulputate urna.","image_space":{"unit":"px","size":25,"sizes":[]},"image_size":{"unit":"%","size":35,"sizes":[]},"title_bottom_space":{"unit":"px","size":20,"sizes":[]},"title_color":"#000000","title_typography_typography":"custom","title_typography_font_family":"Quicksand","title_typography_font_size":{"unit":"px","size":20,"sizes":[]},"title_typography_font_weight":"700","description_color":"#000000","description_typography_typography":"custom","description_typography_font_family":"Quicksand","description_typography_font_size":{"unit":"px","size":17,"sizes":[]},"description_typography_font_weight":"300","description_typography_line_height":{"unit":"em","size":1.5,"sizes":[]},"description_typography_letter_spacing":{"unit":"px","size":-0.5,"sizes":[]}},"elements":[],"isInner":false,"widgetType":"image-box","elType":"widget"}],"isInner":true,"elType":"column"},{"id":"537888e2","settings":{"_column_size":25,"_inline_size":null},"elements":[{"id":"7a44d97e","settings":{"image":{"url":"http:\/\/wordpress-248995-783129.cloudwaysapps.com\/wp-content\/uploads\/2018\/07\/Asset-4.png","id":7984},"title_text":"Improve<br> Your Brand Awareness","description_text":"Lorem ipsum dolor sit amet, consectetur adipiscing elit. Cras eu vulputate urna.","image_space":{"unit":"px","size":25,"sizes":[]},"image_size":{"unit":"%","size":35,"sizes":[]},"title_bottom_space":{"unit":"px","size":20,"sizes":[]},"title_color":"#000000","title_typography_typography":"custom","title_typography_font_family":"Quicksand","title_typography_font_size":{"unit":"px","size":20,"sizes":[]},"title_typography_font_weight":"700","description_color":"#000000","description_typography_typography":"custom","description_typography_font_family":"Quicksand","description_typography_font_size":{"unit":"px","size":17,"sizes":[]},"description_typography_font_weight":"300","description_typography_line_height":{"unit":"em","size":1.5,"sizes":[]},"description_typography_letter_spacing":{"unit":"px","size":-0.5,"sizes":[]}},"elements":[],"isInner":false,"widgetType":"image-box","elType":"widget"}],"isInner":true,"elType":"column"},{"id":"1e5e247f","settings":{"_column_size":25,"_inline_size":null},"elements":[{"id":"544cd9f4","settings":{"image":{"url":"http:\/\/wordpress-248995-783129.cloudwaysapps.com\/wp-content\/uploads\/2018\/07\/Asset-1-1.png","id":7987},"title_text":"Support <br>Your Business Goals","description_text":"Lorem ipsum dolor sit amet, consectetur adipiscing elit. Cras eu vulputate urna.","image_space":{"unit":"px","size":25,"sizes":[]},"image_size":{"unit":"%","size":35,"sizes":[]},"title_bottom_space":{"unit":"px","size":20,"sizes":[]},"title_color":"#000000","title_typography_typography":"custom","title_typography_font_family":"Quicksand","title_typography_font_size":{"unit":"px","size":20,"sizes":[]},"title_typography_font_weight":"700","description_color":"#000000","description_typography_typography":"custom","description_typography_font_family":"Quicksand","description_typography_font_size":{"unit":"px","size":17,"sizes":[]},"description_typography_font_weight":"300","description_typography_line_height":{"unit":"em","size":1.5,"sizes":[]},"description_typography_letter_spacing":{"unit":"px","size":-0.5,"sizes":[]}},"elements":[],"isInner":false,"widgetType":"image-box","elType":"widget"}],"isInner":true,"elType":"column"}],"isInner":true,"elType":"section"},{"id":"6f1fc1f5","settings":[],"elements":[],"isInner":false,"widgetType":"houzez_elementor_space","elType":"widget"}],"isInner":false,"elType":"column"}],"isInner":false,"elType":"section"},{"id":"2e968940","settings":{"stretch_section":"section-stretched","background_color":"#ffffff","animation":"fadeIn"},"elements":[{"id":"65842094","settings":{"_column_size":100},"elements":[{"id":"7b9859b9","settings":[],"elements":[],"isInner":false,"widgetType":"houzez_elementor_space","elType":"widget"},{"id":"f8b4599","settings":{"content_width":{"unit":"px","size":810,"sizes":[]}},"elements":[{"id":"605d8ca0","settings":{"_column_size":100,"_inline_size":null},"elements":[{"id":"1fb2b74","settings":{"hz_section_title":"We Help You To Sell Your Home","hz_section_subtitle":"After years of business, our responsibility and attention to the customer have never been so effective. Find out what people say about us.","section_title_typography_typography":"custom","section_title_typography_font_family":"Quicksand","section_title_typography_font_size":{"unit":"px","size":40,"sizes":[]},"section_title_typography_font_weight":"600","section_title_typography_line_height":{"unit":"em","size":1.5,"sizes":[]},"section_title_typography_letter_spacing":{"unit":"px","size":-0.5,"sizes":[]},"section_subtitle_typography_typography":"custom","section_subtitle_typography_font_family":"Quicksand","section_subtitle_typography_font_size":{"unit":"px","size":18,"sizes":[]},"section_subtitle_typography_line_height":{"unit":"em","size":1.5,"sizes":[]},"houzez_section_title_color":"#000000","houzez_section_subtitle_color":"#000000","homey_main_title_spacing":{"unit":"px","size":15,"sizes":[]}},"elements":[],"isInner":false,"widgetType":"houzez_elementor_section_title","elType":"widget"},{"id":"4bbf7c14","settings":{"height":{"unit":"px","size":20,"sizes":[]}},"elements":[],"isInner":false,"widgetType":"houzez_elementor_space","elType":"widget"}],"isInner":true,"elType":"column"}],"isInner":true,"elType":"section"},{"id":"1a7df2bb","settings":[],"elements":[{"id":"46cdc113","settings":{"_column_size":100,"_inline_size":null},"elements":[{"id":"391d2f97","settings":{"testimonials_type":"grid_2cols","posts_limit":"2","houzez_testi_v2_text_color":"#000000","houzez_testi_v2_bg_color":"#FFFFFF"},"elements":[],"isInner":false,"widgetType":"houzez_elementor_testimonials_v2","elType":"widget"}],"isInner":true,"elType":"column"}],"isInner":true,"elType":"section"},{"id":"29ec012f","settings":{"height":{"unit":"px","size":70,"sizes":[]}},"elements":[],"isInner":false,"widgetType":"houzez_elementor_space","elType":"widget"}],"isInner":false,"elType":"column"}],"isInner":false,"elType":"section"},{"id":"814194b","settings":{"stretch_section":"section-stretched","height":"min-height","custom_height":{"unit":"px","size":800,"sizes":[]},"background_background":"classic","background_image":{"url":"http:\/\/wordpress-248995-783129.cloudwaysapps.com\/wp-content\/uploads\/2018\/07\/agent-bg.jpg","id":7995},"background_attachment":"fixed","background_size":"cover","animation":"fadeIn","structure":"20"},"elements":[{"id":"31540b3e","settings":{"_column_size":50,"_inline_size":38.509},"elements":[{"id":"5fa9212a","settings":{"hz_section_title":"Would You Like To Speak To An Expert?","hz_section_subtitle":"Houzez as features that your client might not even have dreamt about","section_title_typography_typography":"custom","section_title_typography_font_family":"Quicksand","section_title_typography_font_size":{"unit":"px","size":40,"sizes":[]},"section_title_typography_font_weight":"600","section_title_typography_line_height":{"unit":"em","size":1.3,"sizes":[]},"section_title_typography_letter_spacing":{"unit":"px","size":-0.5,"sizes":[]},"section_subtitle_typography_typography":"custom","section_subtitle_typography_font_family":"Quicksand","section_subtitle_typography_font_size":{"unit":"px","size":18,"sizes":[]},"section_subtitle_typography_line_height":{"unit":"em","size":1.5,"sizes":[]},"houzez_section_title_align":"left","houzez_section_title_color":"#FFFFFF","houzez_section_subtitle_color":"#FFFFFF","homey_main_title_spacing":{"unit":"px","size":15,"sizes":[]}},"elements":[],"isInner":false,"widgetType":"houzez_elementor_section_title","elType":"widget"},{"id":"55e2423e","settings":{"text":"Speak to an expert","link":{"url":"https:\/\/demo15.houzez.co\/speak-to-an-expert\/","is_external":"","nofollow":""},"size":"md","typography_typography":"custom","typography_font_family":"Quicksand","typography_font_weight":"600","button_text_color":"#ffffff","background_color":"#1d70d3","hover_color":"#ffffff","button_background_hover_color":"rgba(29,112,211,0.86)","align":"left"},"elements":[],"isInner":false,"widgetType":"button","elType":"widget"}],"isInner":false,"elType":"column"},{"id":"189c4ce0","settings":{"_column_size":50,"_inline_size":61.491},"elements":[],"isInner":false,"elType":"column"}],"isInner":false,"elType":"section"},{"id":"1aa306fd","settings":{"stretch_section":"section-stretched","background_background":"classic","background_color":"#ffffff","animation":"fadeIn"},"elements":[{"id":"7ec24e1c","settings":{"_column_size":100},"elements":[{"id":"16d8811c","settings":[],"elements":[],"isInner":false,"widgetType":"houzez_elementor_space","elType":"widget"},{"id":"5629254b","settings":{"content_width":{"unit":"px","size":810,"sizes":[]}},"elements":[{"id":"6bc32bc2","settings":{"_column_size":100,"_inline_size":null},"elements":[{"id":"6face221","settings":{"hz_section_title":"Discover Our Properties\u200b","hz_section_subtitle":"Find out the finest selection of carefully selected first-class and exclusive properties available on the market.","section_title_typography_typography":"custom","section_title_typography_font_family":"Quicksand","section_title_typography_font_size":{"unit":"px","size":40,"sizes":[]},"section_title_typography_font_weight":"600","section_title_typography_line_height":{"unit":"em","size":1.5,"sizes":[]},"section_title_typography_letter_spacing":{"unit":"px","size":-0.5,"sizes":[]},"section_subtitle_typography_typography":"custom","section_subtitle_typography_font_family":"Quicksand","section_subtitle_typography_font_size":{"unit":"px","size":18,"sizes":[]},"section_subtitle_typography_line_height":{"unit":"em","size":1.5,"sizes":[]},"houzez_section_title_color":"#000000","houzez_section_subtitle_color":"#000000","homey_main_title_spacing":{"unit":"px","size":15,"sizes":[]}},"elements":[],"isInner":false,"widgetType":"houzez_elementor_section_title","elType":"widget"}],"isInner":true,"elType":"column"}],"isInner":true,"elType":"section"},{"id":"74c7e49a","settings":[],"elements":[{"id":"1d8002de","settings":{"_column_size":100,"_inline_size":null},"elements":[{"id":"661f501e","settings":{"auto_speed":"3000","featured_prop":"yes","hide_compare":"none","hide_favorite":"none","hide_preview":"none","hide_status":"none","hide_label":"none","hz_property_title_typography":"custom","hz_property_title_font_family":"Quicksand","hz_property_title_font_weight":"600","hz_item_price_typography":"custom","hz_item_price_font_family":"Quicksand","hz_item_price_font_size":{"unit":"px","size":18,"sizes":[]},"hz_title_margin_bottom":{"unit":"px","size":6,"sizes":[]},"hz_labels_margin_bottom":{"unit":"px","size":0,"sizes":[]},"np_bg_color":"#1D70D3","np_color":"#FFFFFF","np_bg_color_hover":"rgba(29, 112, 211, 0.82)"},"elements":[],"isInner":false,"widgetType":"houzez_elementor_properties_carousel_v1","elType":"widget"}],"isInner":true,"elType":"column"}],"isInner":true,"elType":"section"},{"id":"6064299c","settings":{"height":{"unit":"px","size":20,"sizes":[]}},"elements":[],"isInner":false,"widgetType":"houzez_elementor_space","elType":"widget"},{"id":"70f88bc1","settings":{"text":"Check Our Properties","link":{"url":"https:\/\/demo15.houzez.co\/properties\/","is_external":"","nofollow":""},"size":"md","typography_typography":"custom","typography_font_family":"Quicksand","typography_font_weight":"600","button_text_color":"#ffffff","background_color":"#1d70d3","hover_color":"#ffffff","button_background_hover_color":"rgba(29,112,211,0.86)","align":"center"},"elements":[],"isInner":false,"widgetType":"button","elType":"widget"},{"id":"4914be8f","settings":[],"elements":[],"isInner":false,"widgetType":"houzez_elementor_space","elType":"widget"}],"isInner":false,"elType":"column"}],"isInner":false,"elType":"section"},{"id":"407c4886","settings":{"stretch_section":"section-stretched","content_width":{"unit":"px","size":996,"sizes":[]},"background_background":"classic","animation":"fadeIn"},"elements":[{"id":"3288dbe7","settings":{"_column_size":100},"elements":[{"id":"38348084","settings":[],"elements":[],"isInner":false,"widgetType":"houzez_elementor_space","elType":"widget"},{"id":"12f49cff","settings":{"hz_section_title":"Real Estate Success Stories","hz_section_subtitle":"Read some of our selling stories to see how our expert agents help you prepare your home for sale, set a price, determine a selling strategy and negotiate with buyers","section_title_typography_typography":"custom","section_title_typography_font_family":"Quicksand","section_title_typography_font_size":{"unit":"px","size":40,"sizes":[]},"section_title_typography_font_weight":"600","section_title_typography_line_height":{"unit":"em","size":1.5,"sizes":[]},"section_title_typography_letter_spacing":{"unit":"px","size":-0.5,"sizes":[]},"section_subtitle_typography_typography":"custom","section_subtitle_typography_font_family":"Quicksand","section_subtitle_typography_font_size":{"unit":"px","size":18,"sizes":[]},"section_subtitle_typography_line_height":{"unit":"em","size":1.5,"sizes":[]},"houzez_section_title_color":"#000000","houzez_section_subtitle_color":"#000000","homey_main_title_spacing":{"unit":"px","size":15,"sizes":[]}},"elements":[],"isInner":false,"widgetType":"houzez_elementor_section_title","elType":"widget"},{"id":"3c02f0c","settings":{"height":{"unit":"px","size":20,"sizes":[]}},"elements":[],"isInner":false,"widgetType":"houzez_elementor_space","elType":"widget"},{"id":"247b0e0c","settings":{"structure":"20"},"elements":[{"id":"14efc873","settings":{"_column_size":50,"_inline_size":null},"elements":[{"id":"33ccda3e","settings":{"image":{"url":"http:\/\/wordpress-248995-783129.cloudwaysapps.com\/wp-content\/uploads\/2017\/11\/12-1.jpg","id":7420},"title_text":"Learn The Truth About Real Estate Industry","description_text":"Lorem ipsum dolor sit amet elit, conse tetur adipiscing elit. Ut elit tellus, luctus nec ullamcorper mattis, pulvinar dapibus leo.","image_space":{"unit":"px","size":33,"sizes":[]},"image_size":{"unit":"%","size":100,"sizes":[]},"title_bottom_space":{"unit":"px","size":20,"sizes":[]},"title_color":"#000000","title_typography_typography":"custom","title_typography_font_family":"Quicksand","title_typography_font_size":{"unit":"px","size":25,"sizes":[]},"title_typography_font_weight":"700","title_typography_line_height":{"unit":"em","size":1.5,"sizes":[]},"description_color":"#000000","description_typography_typography":"custom","description_typography_font_family":"Quicksand","description_typography_font_weight":"300","_padding":{"unit":"px","top":"30","right":"30","bottom":"30","left":"30","isLinked":true},"_background_background":"classic","_background_color":"#ffffff","description_typography_font_size":{"unit":"px","size":17,"sizes":[]}},"elements":[],"isInner":false,"widgetType":"image-box","elType":"widget"}],"isInner":true,"elType":"column"},{"id":"142a66de","settings":{"_column_size":50,"_inline_size":null},"elements":[{"id":"4f7fab20","settings":{"image":{"url":"http:\/\/wordpress-248995-783129.cloudwaysapps.com\/wp-content\/uploads\/2017\/11\/12-1.jpg","id":7420},"title_text":"Quick Tips About Business Development","description_text":"Lorem ipsum dolor sit amet elit, conse tetur adipiscing elit. Ut elit tellus, luctus nec ullamcorper mattis, pulvinar dapibus leo.","image_space":{"unit":"px","size":33,"sizes":[]},"image_size":{"unit":"%","size":100,"sizes":[]},"title_bottom_space":{"unit":"px","size":20,"sizes":[]},"title_color":"#000000","title_typography_typography":"custom","title_typography_font_family":"Quicksand","title_typography_font_size":{"unit":"px","size":25,"sizes":[]},"title_typography_font_weight":"700","title_typography_line_height":{"unit":"em","size":1.5,"sizes":[]},"description_color":"#000000","description_typography_typography":"custom","description_typography_font_family":"Quicksand","description_typography_font_size":{"unit":"px","size":17,"sizes":[]},"description_typography_font_weight":"300","_padding":{"unit":"px","top":"30","right":"30","bottom":"30","left":"30","isLinked":true},"_background_background":"classic","_background_color":"#ffffff"},"elements":[],"isInner":false,"widgetType":"image-box","elType":"widget"}],"isInner":true,"elType":"column"}],"isInner":true,"elType":"section"},{"id":"89cdab7","settings":[],"elements":[],"isInner":false,"widgetType":"houzez_elementor_space","elType":"widget"},{"id":"5af827f2","settings":{"text":"Find More Stories","link":{"url":"https:\/\/demo15.houzez.co\/blog\/","is_external":"","nofollow":""},"size":"md","typography_typography":"custom","typography_font_family":"Quicksand","typography_font_weight":"600","button_text_color":"#ffffff","background_color":"#1d70d3","hover_color":"#ffffff","button_background_hover_color":"rgba(29,112,211,0.86)","align":"center"},"elements":[],"isInner":false,"widgetType":"button","elType":"widget"},{"id":"3ef900c8","settings":[],"elements":[],"isInner":false,"widgetType":"houzez_elementor_space","elType":"widget"}],"isInner":false,"elType":"column"}],"isInner":false,"elType":"section"}]}