{"default-sidebar":{"search-7":{"title":"Blog Search"},"categories-2":{"title":"Topics","count":1,"hierarchical":0,"dropdown":0},"calendar-2":{"title":"Calendar"},"archives-2":{"title":"Archives","count":1,"dropdown":0},"recent-comments-2":{"title":"Recent Comments","number":5},"tag_cloud-2":{"title":"Tags","taxonomy":"post_tag"}},"property-listing":{"houzez_property_taxonomies-6":{"title":"Property Type","taxonomy":"property_type","tax_count":"yes","tax_child":"no"},"houzez_featured_properties-8":{"title":"Featured","items_num":"5","widget_type":"slider"},"houzez_property_taxonomies-7":{"title":"Property Status","taxonomy":"property_status","tax_count":"yes","tax_child":"no"}},"search-sidebar":{"nav_menu-2":{"title":"Pages Menu","nav_menu":45}}}