{"version":"0.4","title":"Demo 03 &#8211; Homepage with side search","type":"page","content":[{"id":"598aaaa6","settings":{"gap":"no","background_background":"slideshow","background_slideshow_gallery":[{"id":17291,"url":"https:\/\/demo03.houzez.co\/wp-content\/uploads\/2020\/03\/206-1.jpg"},{"id":17292,"url":"https:\/\/demo03.houzez.co\/wp-content\/uploads\/2020\/03\/205-1.jpg"},{"id":17293,"url":"https:\/\/demo03.houzez.co\/wp-content\/uploads\/2020\/03\/204-1.jpg"}],"background_overlay_background":"classic","background_overlay_color":"#004274","background_slideshow_ken_burns":"yes","background_overlay_opacity":{"unit":"px","size":0.65,"sizes":[]}},"elements":[{"id":"11f7f5fa","settings":{"_column_size":100,"_inline_size":null},"elements":[{"id":"476c916b","settings":[],"elements":[],"isInner":false,"widgetType":"houzez_elementor_space","elType":"widget"},{"id":"6bf028e8","settings":{"gap":"no","structure":"30","content_position":"middle"},"elements":[{"id":"25d9cc19","settings":{"_column_size":33,"_inline_size":49.298},"elements":[{"id":"6c1acb71","settings":{"hz_section_title":"Welcome to houzez version 2.0 elementor search builder","hz_section_subtitle":"No matter how complex (or how simple) your search bar needs to be, there is a user-friendly drag and drop interface that will help you ensure that you achieve the exact look you need","section_title_typography_typography":"custom","section_title_typography_font_size":{"unit":"px","size":35,"sizes":[]},"section_title_typography_font_size_mobile":{"unit":"px","size":25,"sizes":[]},"section_title_typography_font_weight":"400","section_title_typography_line_height":{"unit":"em","size":1.4,"sizes":[]},"section_subtitle_typography_typography":"custom","section_subtitle_typography_font_size":{"unit":"px","size":20,"sizes":[]},"section_subtitle_typography_font_size_mobile":{"unit":"px","size":16,"sizes":[]},"section_subtitle_typography_line_height":{"unit":"em","size":1.5,"sizes":[]},"houzez_section_title_align":"left","houzez_section_title_color":"#FFFFFF","houzez_section_subtitle_color":"#FFFFFF","houzez_section_title_margin_bottom":{"unit":"px","size":20,"sizes":[]},"_animation":"fadeIn","animation_duration":"slow"},"elements":[],"isInner":false,"widgetType":"houzez_elementor_section_title","elType":"widget"}],"isInner":true,"elType":"column"},{"id":"6f1e2da","settings":{"_column_size":33,"_inline_size":10.018},"elements":[],"isInner":true,"elType":"column"},{"id":"3d3f2549","settings":{"_column_size":33,"_inline_size":40.016,"space_between_widgets":0},"elements":[{"id":"4d594339","settings":{"title":"Find Your Dream Home","typography_typography":"custom","typography_font_size":{"unit":"px","size":21,"sizes":[]},"_padding":{"unit":"px","top":"30","right":"30","bottom":"10","left":"30","isLinked":false},"_background_background":"classic","_background_color":"#FFFFFF"},"elements":[],"isInner":false,"widgetType":"heading","elType":"widget"},{"id":"58ab705c","settings":{"form_fields":[{"_id":"field-cities","field_type":"keyword","field_label":"Keywrod","placeholder":"Enter Keyword","width":"100","radius_from":"1","radius_to":"100","radius_default":"32","price_from_text":"From","price_to_text":"To","width_tablet":"","width_mobile":"","data_live_search":"","slider_width":{"unit":"px","size":50,"sizes":[]},"slider_width_tablet":{"unit":"px","size":"","sizes":[]},"slider_width_mobile":{"unit":"px","size":"","sizes":[]},"is_multiple":"","select_all_btns":"false","selected_count_text":"items selected","hidden_desktop":"","hidden_tablet":"","hidden_phone":""},{"_id":"field-types","field_type":"type[]","field_label":"Property Type","placeholder":"All Types","is_multiple":"true","select_all_btns":"true","selected_count_text":"types selected","width":"50","width_mobile":"50","radius_from":"1","radius_to":"100","radius_default":"32","price_from_text":"From","price_to_text":"To","width_tablet":"","data_live_search":"true","slider_width":{"unit":"px","size":50,"sizes":[]},"slider_width_tablet":{"unit":"px","size":"","sizes":[]},"slider_width_mobile":{"unit":"px","size":"","sizes":[]},"hidden_desktop":"","hidden_tablet":"","hidden_phone":""},{"_id":"field-status","field_type":"status[]","field_label":"Property Status","placeholder":"All Status","is_multiple":"true","select_all_btns":"true","selected_count_text":"status selected","width":"50","width_mobile":"50","radius_from":"1","radius_to":"100","radius_default":"32","price_from_text":"From","price_to_text":"To","width_tablet":"","data_live_search":"true","slider_width":{"unit":"px","size":50,"sizes":[]},"slider_width_tablet":{"unit":"px","size":"","sizes":[]},"slider_width_mobile":{"unit":"px","size":"","sizes":[]},"hidden_desktop":"","hidden_tablet":"","hidden_phone":""},{"field_type":"location[]","field_label":"Cities","placeholder":"All Cities","width":"50","radius_from":"1","radius_to":"100","radius_default":"32","price_from_text":"From","price_to_text":"To","width_tablet":"","width_mobile":"50","data_live_search":"true","slider_width":{"unit":"px","size":50,"sizes":[]},"slider_width_tablet":{"unit":"px","size":"","sizes":[]},"slider_width_mobile":{"unit":"px","size":"","sizes":[]},"is_multiple":"","select_all_btns":"false","selected_count_text":"items selected","hidden_desktop":"","hidden_tablet":"","hidden_phone":"","_id":"b2c1185"},{"_id":"field-property_id","field_type":"property_id","field_label":"Property ID","placeholder":"Property ID","width":"50","radius_from":"1","radius_to":"100","radius_default":"32","price_from_text":"From","price_to_text":"To","width_tablet":"","width_mobile":"50","data_live_search":"","slider_width":{"unit":"px","size":50,"sizes":[]},"slider_width_tablet":{"unit":"px","size":"","sizes":[]},"slider_width_mobile":{"unit":"px","size":"","sizes":[]},"is_multiple":"","select_all_btns":"false","selected_count_text":"items selected","hidden_desktop":"","hidden_tablet":"","hidden_phone":""},{"_id":"field-beds","field_type":"bedrooms","field_label":"Bedrooms","placeholder":"Bedrooms","width":"50","width_mobile":"50","radius_from":"1","radius_to":"100","radius_default":"32","price_from_text":"From","price_to_text":"To","width_tablet":"","data_live_search":"","slider_width":{"unit":"px","size":50,"sizes":[]},"slider_width_tablet":{"unit":"px","size":"","sizes":[]},"slider_width_mobile":{"unit":"px","size":"","sizes":[]},"is_multiple":"","select_all_btns":"false","selected_count_text":"items selected","hidden_desktop":"","hidden_tablet":"","hidden_phone":""},{"_id":"field-baths","field_type":"bedrooms","field_label":"Bathrooms","placeholder":"Bathrooms","width":"50","width_mobile":"50","radius_from":"1","radius_to":"100","radius_default":"32","price_from_text":"From","price_to_text":"To","width_tablet":"","data_live_search":"","slider_width":{"unit":"px","size":50,"sizes":[]},"slider_width_tablet":{"unit":"px","size":"","sizes":[]},"slider_width_mobile":{"unit":"px","size":"","sizes":[]},"is_multiple":"","select_all_btns":"false","selected_count_text":"items selected","hidden_desktop":"","hidden_tablet":"","hidden_phone":""},{"_id":"field-min-price","field_type":"min-price","field_label":"Min. Price","placeholder":"Min. Price","width":"50","width_mobile":"50","radius_from":"1","radius_to":"100","radius_default":"32","price_from_text":"From","price_to_text":"To","width_tablet":"","data_live_search":"true","slider_width":{"unit":"px","size":50,"sizes":[]},"slider_width_tablet":{"unit":"px","size":"","sizes":[]},"slider_width_mobile":{"unit":"px","size":"","sizes":[]},"is_multiple":"","select_all_btns":"false","selected_count_text":"items selected","hidden_desktop":"","hidden_tablet":"","hidden_phone":""},{"_id":"field-max-price","field_type":"max-price","field_label":"Max. Price","placeholder":"Max. Price","width":"50","width_mobile":"50","radius_from":"1","radius_to":"100","radius_default":"32","price_from_text":"From","price_to_text":"To","width_tablet":"","data_live_search":"true","slider_width":{"unit":"px","size":50,"sizes":[]},"slider_width_tablet":{"unit":"px","size":"","sizes":[]},"slider_width_mobile":{"unit":"px","size":"","sizes":[]},"is_multiple":"","select_all_btns":"false","selected_count_text":"items selected","hidden_desktop":"","hidden_tablet":"","hidden_phone":""},{"_id":"field-min-area","field_type":"min-area","field_label":"Min. Area","placeholder":"Min. Area","width":"50","width_mobile":"50","radius_from":"1","radius_to":"100","radius_default":"32","price_from_text":"From","price_to_text":"To","width_tablet":"","data_live_search":"","slider_width":{"unit":"px","size":50,"sizes":[]},"slider_width_tablet":{"unit":"px","size":"","sizes":[]},"slider_width_mobile":{"unit":"px","size":"","sizes":[]},"is_multiple":"","select_all_btns":"false","selected_count_text":"items selected","hidden_desktop":"","hidden_tablet":"","hidden_phone":""},{"_id":"field-max-area","field_type":"max-area","field_label":"Max. Area","placeholder":"Max. Area","width":"50","width_mobile":"50","radius_from":"1","radius_to":"100","radius_default":"32","price_from_text":"From","price_to_text":"To","width_tablet":"","data_live_search":"","slider_width":{"unit":"px","size":50,"sizes":[]},"slider_width_tablet":{"unit":"px","size":"","sizes":[]},"slider_width_mobile":{"unit":"px","size":"","sizes":[]},"is_multiple":"","select_all_btns":"false","selected_count_text":"items selected","hidden_desktop":"","hidden_tablet":"","hidden_phone":""},{"_id":"field-search-btn","field_type":"search-button","field_label":"Search Button","placeholder":"Search","width":"100","radius_from":"1","radius_to":"100","radius_default":"32","price_from_text":"From","price_to_text":"To","width_tablet":"","width_mobile":"","data_live_search":"","slider_width":{"unit":"px","size":50,"sizes":[]},"slider_width_tablet":{"unit":"px","size":"","sizes":[]},"slider_width_mobile":{"unit":"px","size":"","sizes":[]},"is_multiple":"","select_all_btns":"false","selected_count_text":"items selected","hidden_desktop":"","hidden_tablet":"","hidden_phone":""}],"tabs_all_text":"All","_padding":{"unit":"px","top":"12","right":"30","bottom":"29","left":"30","isLinked":false},"_background_background":"classic","_background_color":"#FFFFFF"},"elements":[],"isInner":false,"widgetType":"houzez_elementor_search_builder","elType":"widget"}],"isInner":true,"elType":"column"}],"isInner":true,"elType":"section"},{"id":"308c0d1c","settings":{"height":{"unit":"px","size":65,"sizes":[]}},"elements":[],"isInner":false,"widgetType":"houzez_elementor_space","elType":"widget"}],"isInner":false,"elType":"column"}],"isInner":false,"elType":"section"},{"id":"6566a60e","settings":{"background_color":"#FFFFFF","padding":{"unit":"px","top":"10","right":"10","bottom":"10","left":"10","isLinked":true},"box_shadow_box_shadow_type":"yes","box_shadow_box_shadow":{"horizontal":0,"vertical":20,"blur":40,"spread":-40,"color":"rgba(0, 0, 0, 0.2)"},"box_shadow_box_shadow_position":"inset"},"elements":[{"id":"4bf6aad5","settings":{"_column_size":100,"_inline_size":null},"elements":[{"id":"7fe3780a","settings":{"space":{"unit":"px","size":10,"sizes":[]}},"elements":[],"isInner":false,"widgetType":"spacer","elType":"widget"},{"id":"77cc673e","settings":{"gap":"wide"},"elements":[{"id":"1cd71214","settings":{"_column_size":100,"_inline_size":null},"elements":[{"id":"6ae51224","settings":{"hz_section_title":"Welcome To Houzez","section_title_typography_typography":"custom","section_title_typography_font_size":{"unit":"px","size":35,"sizes":[]},"section_title_typography_font_weight":"300","section_subtitle_typography_typography":"custom","houzez_section_title_margin_bottom":{"unit":"px","size":20,"sizes":[]},"_animation":"fadeIn","animation_duration":"slow","hz_section_subtitle":"Lorem ipsum dolor sit amet, consectetur adipiscing ","houzez_section_subtitle_color":"#7A7A7A","section_title_typography_font_family":"Lora","section_title_typography_font_size_mobile":{"unit":"px","size":28,"sizes":[]},"section_title_typography_line_height_mobile":{"unit":"em","size":1.4,"sizes":[]},"section_subtitle_typography_font_size_mobile":{"unit":"px","size":16,"sizes":[]}},"elements":[],"isInner":false,"widgetType":"houzez_elementor_section_title","elType":"widget"}],"isInner":true,"elType":"column"}],"isInner":true,"elType":"section"},{"id":"367712aa","settings":{"gap":"wide","structure":"30"},"elements":[{"id":"3aef6337","settings":{"_column_size":33,"_inline_size":null},"elements":[{"id":"758027ab","settings":{"image":{"url":"https:\/\/demo01.houzez.co\/wp-content\/uploads\/2016\/03\/204.jpg","id":16174},"thumbnail_size":"houzez-item-image-1","title_text":"Renting","description_text":"Lorem ipsum dolor sit amet, consectetur adipiscing elit. Ut elit tellus, luctus nec ullamcorper mattis, pulvinar dapibus leo.","image_space":{"unit":"px","size":27,"sizes":[]},"image_size":{"unit":"%","size":100,"sizes":[]},"hover_animation":"shrink","text_align":"center","title_bottom_space":{"unit":"px","size":20,"sizes":[]},"title_color":"#000000","title_typography_typography":"custom","title_typography_font_family":"Lora","title_typography_font_weight":"400","description_color":"#7A7A7A","_padding":{"unit":"px","top":"30","right":"30","bottom":"30","left":"30","isLinked":true},"_background_background":"classic","_background_color":"#FFFFFF","_border_radius":{"unit":"px","top":"4","right":"4","bottom":"4","left":"4","isLinked":true},"_box_shadow_box_shadow_type":"yes","_box_shadow_box_shadow":{"horizontal":0,"vertical":20,"blur":40,"spread":0,"color":"rgba(0, 0, 0, 0.1)"},"_animation":"fadeIn","animation_duration":"slow"},"elements":[],"isInner":false,"widgetType":"image-box","elType":"widget"}],"isInner":true,"elType":"column"},{"id":"18b2c12e","settings":{"_column_size":33,"_inline_size":null},"elements":[{"id":"473b1653","settings":{"image":{"url":"https:\/\/demo01.houzez.co\/wp-content\/uploads\/2016\/03\/023.jpg","id":16142},"thumbnail_size":"houzez-item-image-1","title_text":"Buying","description_text":"Lorem ipsum dolor sit amet, consectetur adipiscing elit. Ut elit tellus, luctus nec ullamcorper mattis, pulvinar dapibus leo.","image_space":{"unit":"px","size":27,"sizes":[]},"image_size":{"unit":"%","size":100,"sizes":[]},"hover_animation":"shrink","text_align":"center","title_bottom_space":{"unit":"px","size":20,"sizes":[]},"title_color":"#000000","title_typography_typography":"custom","title_typography_font_family":"Lora","title_typography_font_weight":"400","description_color":"#7A7A7A","_padding":{"unit":"px","top":"30","right":"30","bottom":"30","left":"30","isLinked":true},"_background_background":"classic","_background_color":"#FFFFFF","_border_radius":{"unit":"px","top":"4","right":"4","bottom":"4","left":"4","isLinked":true},"_box_shadow_box_shadow_type":"yes","_box_shadow_box_shadow":{"horizontal":0,"vertical":20,"blur":40,"spread":0,"color":"rgba(0, 0, 0, 0.1)"},"_animation":"fadeIn","animation_duration":"slow"},"elements":[],"isInner":false,"widgetType":"image-box","elType":"widget"}],"isInner":true,"elType":"column"},{"id":"6508af44","settings":{"_column_size":33,"_inline_size":null},"elements":[{"id":"54dd5acc","settings":{"image":{"url":"https:\/\/demo01.houzez.co\/wp-content\/uploads\/2016\/03\/205.jpg","id":16175},"thumbnail_size":"houzez-item-image-1","title_text":"Selling","description_text":"Lorem ipsum dolor sit amet, consectetur adipiscing elit. Ut elit tellus, luctus nec ullamcorper mattis, pulvinar dapibus leo.","image_space":{"unit":"px","size":27,"sizes":[]},"image_size":{"unit":"%","size":100,"sizes":[]},"hover_animation":"shrink","text_align":"center","title_bottom_space":{"unit":"px","size":20,"sizes":[]},"title_color":"#000000","title_typography_typography":"custom","title_typography_font_family":"Lora","title_typography_font_weight":"400","description_color":"#7A7A7A","_padding":{"unit":"px","top":"30","right":"30","bottom":"30","left":"30","isLinked":true},"_background_background":"classic","_background_color":"#FFFFFF","_border_radius":{"unit":"px","top":"4","right":"4","bottom":"4","left":"4","isLinked":true},"_box_shadow_box_shadow_type":"yes","_box_shadow_box_shadow":{"horizontal":0,"vertical":20,"blur":40,"spread":0,"color":"rgba(0, 0, 0, 0.1)"},"_animation":"fadeIn","animation_duration":"slow"},"elements":[],"isInner":false,"widgetType":"image-box","elType":"widget"}],"isInner":true,"elType":"column"}],"isInner":true,"elType":"section"},{"id":"44a21b8f","settings":[],"elements":[],"isInner":false,"widgetType":"spacer","elType":"widget"}],"isInner":false,"elType":"column"}],"isInner":false,"elType":"section"},{"id":"3bcb4367","settings":{"background_background":"classic","background_color":"#FFFFFF","background_overlay_color":"#FFFFFF","css_filters_blur":{"unit":"px","size":2,"sizes":[]}},"elements":[{"id":"149d11ff","settings":{"_column_size":100,"_inline_size":null},"elements":[{"id":"4b65e842","settings":[],"elements":[{"id":"4fb077f6","settings":{"_column_size":100,"_inline_size":null},"elements":[{"id":"15010190","settings":[],"elements":[],"isInner":false,"widgetType":"spacer","elType":"widget"},{"id":"2dccc3df","settings":{"hz_section_title":"Check Our Featured Listings ","section_title_typography_typography":"custom","section_title_typography_font_size":{"unit":"px","size":35,"sizes":[]},"section_title_typography_font_weight":"300","section_subtitle_typography_typography":"custom","houzez_section_title_margin_bottom":{"unit":"px","size":20,"sizes":[]},"_animation":"fadeIn","animation_duration":"slow","hz_section_subtitle":"Lorem ipsum dolor sit amet, consectetur adipiscing ","houzez_section_subtitle_color":"#7A7A7A","section_title_typography_font_family":"Lora","section_title_typography_font_size_mobile":{"unit":"px","size":28,"sizes":[]},"section_title_typography_line_height_mobile":{"unit":"em","size":1.4,"sizes":[]}},"elements":[],"isInner":false,"widgetType":"houzez_elementor_section_title","elType":"widget"},{"id":"710fd60","settings":{"auto_speed":"3000","property_type":["residential"],"property_status":["for-rent"],"sort_by":"featured_top","hz_property_title_typography":"custom","hz_property_title_font_family":"Lora","hz_property_title_font_size":{"unit":"px","size":18,"sizes":[]},"hz_meta_labels_typography":"custom","hz_title_margin_bottom":{"unit":"px","size":5,"sizes":[]},"hz_address_margin_bottom":{"unit":"px","size":5,"sizes":[]},"hz_meta_icons":{"unit":"px","size":18,"sizes":[]},"box_shadow_box_shadow_type":"yes","box_shadow_box_shadow":{"horizontal":0,"vertical":1,"blur":2,"spread":0,"color":"rgba(0, 0, 0, 0.1)"},"np_bg_color":"rgba(0, 0, 0, 0.2)","np_color":"#FFFFFF","np_bg_color_hover":"#00AEFF","np_color_hover":"#FFFFFF","_animation":"fadeIn","animation_duration":"slow"},"elements":[],"isInner":false,"widgetType":"houzez_elementor_properties_carousel_v2n","elType":"widget"},{"id":"4d308094","settings":[],"elements":[],"isInner":false,"widgetType":"spacer","elType":"widget"}],"isInner":true,"elType":"column"}],"isInner":true,"elType":"section"}],"isInner":false,"elType":"column"}],"isInner":false,"elType":"section"},{"id":"3fe545d6","settings":{"custom_height":{"unit":"px","size":760,"sizes":[]},"content_position":"bottom","background_color":"#FFFFFF","background_position":"center left","background_repeat":"repeat","background_size":"cover","background_overlay_background":"classic","css_filters_blur":{"unit":"px","size":2,"sizes":[]},"stretch_section":"section-stretched","gap":"no","background_background":"classic","background_bg_width":{"unit":"%","size":15,"sizes":[]},"background_image":{"url":"https:\/\/demo01.houzez.co\/wp-content\/uploads\/2016\/03\/205.jpg","id":16175},"background_overlay_color":"rgba(0, 51, 90, 0.94)","background_attachment":"fixed","content_width":{"unit":"px","size":1280,"sizes":[]},"height":"min-height","background_overlay_color_stop":{"unit":"%","size":76,"sizes":[]},"background_overlay_color_b":"rgba(242, 41, 91, 0)","background_overlay_color_b_stop":{"unit":"%","size":76,"sizes":[]},"background_overlay_gradient_angle":{"unit":"deg","size":90,"sizes":[]},"background_overlay_opacity":{"unit":"px","size":1,"sizes":[]},"padding":{"unit":"px","top":"50","right":"0","bottom":"50","left":"0","isLinked":false}},"elements":[{"id":"1a551dc4","settings":{"_column_size":100,"_inline_size":null},"elements":[{"id":"713fb45b","settings":{"height":{"unit":"px","size":70,"sizes":[]}},"elements":[],"isInner":false,"widgetType":"houzez_elementor_space","elType":"widget"},{"id":"7b432a47","settings":{"gap":"wider","structure":"30","layout":"full_width"},"elements":[{"id":"7a7731d4","settings":{"_column_size":33,"_inline_size":30,"content_position":"bottom"},"elements":[{"id":"1b8ef4d9","settings":{"hz_section_title":"Why Houzez Is The Perfect Choice?","section_title_typography_typography":"custom","section_title_typography_font_size":{"unit":"px","size":31,"sizes":[]},"section_title_typography_font_weight":"300","section_subtitle_typography_typography":"custom","houzez_section_title_align":"left","section_subtitle_typography_line_height":{"unit":"em","size":1.5,"sizes":[]},"houzez_section_title_color":"#FFFFFF","houzez_section_subtitle_color":"#7A7A7A","homey_main_title_spacing":{"unit":"px","size":15,"sizes":[]},"_animation":"fadeIn","animation_duration":"slow","section_title_typography_line_height":{"unit":"em","size":1.6,"sizes":[]},"_offset_x":{"size":0,"unit":"px"},"_offset_y":{"size":58,"unit":"px"},"section_title_typography_font_family":"Lora"},"elements":[],"isInner":false,"widgetType":"houzez_elementor_section_title","elType":"widget"},{"id":"92486a1","settings":{"width":{"unit":"%","size":30,"sizes":[]},"text":"Divider","color":"rgba(255, 255, 255, 0.35)"},"elements":[],"isInner":false,"widgetType":"divider","elType":"widget"},{"id":"49eb24b8","settings":{"title":"01.","header_size":"div","title_color":"#FFFFFF","typography_typography":"custom","typography_font_family":"Noto Serif JP","typography_font_size":{"unit":"px","size":40,"sizes":[]},"typography_font_weight":"300","_animation":"fadeIn","animation_duration":"slow"},"elements":[],"isInner":false,"widgetType":"heading","elType":"widget"},{"id":"58ce1a23","settings":{"hz_section_title":"Perfect Solution For Designers And Agents","hz_section_subtitle":"Never miss a sale! It's never been easier to turn leads into real customers","section_title_typography_typography":"custom","section_title_typography_font_size":{"unit":"px","size":25,"sizes":[]},"section_title_typography_font_weight":"300","section_subtitle_typography_typography":"custom","houzez_section_title_align":"left","section_subtitle_typography_line_height":{"unit":"em","size":1.5,"sizes":[]},"houzez_section_title_color":"#FFFFFF","houzez_section_subtitle_color":"rgba(255, 255, 255, 0.63)","homey_main_title_spacing":{"unit":"px","size":15,"sizes":[]},"_animation":"fadeIn","animation_duration":"slow","section_title_typography_line_height":{"unit":"em","size":1.4,"sizes":[]},"section_title_typography_letter_spacing":{"unit":"px","size":0,"sizes":[]},"section_title_typography_font_family":"Lora"},"elements":[],"isInner":false,"widgetType":"houzez_elementor_section_title","elType":"widget"},{"id":"7514af89","settings":{"width":{"unit":"%","size":30,"sizes":[]},"text":"Divider","color":"rgba(255, 255, 255, 0.35)"},"elements":[],"isInner":false,"widgetType":"divider","elType":"widget"}],"isInner":true,"elType":"column"},{"id":"4b2b49ec","settings":{"_column_size":33,"_inline_size":30,"content_position":"bottom"},"elements":[{"id":"6ac6101d","settings":{"title":"02.","header_size":"div","title_color":"#FFFFFF","typography_typography":"custom","typography_font_family":"Noto Serif JP","typography_font_size":{"unit":"px","size":40,"sizes":[]},"typography_font_weight":"300","_animation":"fadeIn","animation_duration":"slow"},"elements":[],"isInner":false,"widgetType":"heading","elType":"widget"},{"id":"4e9f5a2f","settings":{"hz_section_title":"Design Custom Leads Capture Forms","hz_section_subtitle":"Someone asked a question? Get back to them right away","section_title_typography_typography":"custom","section_title_typography_font_size":{"unit":"px","size":25,"sizes":[]},"section_title_typography_font_weight":"300","section_subtitle_typography_typography":"custom","houzez_section_title_align":"left","section_subtitle_typography_line_height":{"unit":"em","size":1.5,"sizes":[]},"houzez_section_title_color":"#FFFFFF","houzez_section_subtitle_color":"rgba(255, 255, 255, 0.63)","homey_main_title_spacing":{"unit":"px","size":15,"sizes":[]},"_animation":"fadeIn","animation_duration":"slow","section_title_typography_line_height":{"unit":"em","size":1.4,"sizes":[]},"section_title_typography_letter_spacing":{"unit":"px","size":0,"sizes":[]},"section_title_typography_font_family":"Lora"},"elements":[],"isInner":false,"widgetType":"houzez_elementor_section_title","elType":"widget"},{"id":"7a5aa9df","settings":{"width":{"unit":"%","size":30,"sizes":[]},"text":"Divider","color":"rgba(255, 255, 255, 0.35)"},"elements":[],"isInner":false,"widgetType":"divider","elType":"widget"},{"id":"55ab2241","settings":{"title":"03.","header_size":"div","title_color":"#FFFFFF","typography_typography":"custom","typography_font_family":"Noto Serif JP","typography_font_size":{"unit":"px","size":40,"sizes":[]},"typography_font_weight":"300","_animation":"fadeIn","animation_duration":"slow"},"elements":[],"isInner":false,"widgetType":"heading","elType":"widget"},{"id":"6b766c43","settings":{"hz_section_title":"Customer Relationship Management","hz_section_subtitle":"Keep track of your leads without having to pay for an external CRM","section_title_typography_typography":"custom","section_title_typography_font_size":{"unit":"px","size":25,"sizes":[]},"section_title_typography_font_weight":"300","section_subtitle_typography_typography":"custom","houzez_section_title_align":"left","section_subtitle_typography_line_height":{"unit":"em","size":1.5,"sizes":[]},"houzez_section_title_color":"#FFFFFF","houzez_section_subtitle_color":"rgba(255, 255, 255, 0.63)","homey_main_title_spacing":{"unit":"px","size":15,"sizes":[]},"_animation":"fadeIn","animation_duration":"slow","section_title_typography_line_height":{"unit":"em","size":1.4,"sizes":[]},"section_title_typography_letter_spacing":{"unit":"px","size":0,"sizes":[]},"section_title_typography_font_family":"Lora"},"elements":[],"isInner":false,"widgetType":"houzez_elementor_section_title","elType":"widget"},{"id":"7227111d","settings":{"width":{"unit":"%","size":30,"sizes":[]},"text":"Divider","color":"rgba(255, 255, 255, 0.35)"},"elements":[],"isInner":false,"widgetType":"divider","elType":"widget"}],"isInner":true,"elType":"column"},{"id":"63de0b1a","settings":{"_column_size":33,"_inline_size":39.666,"content_position":"center","space_between_widgets":0,"background_background":"classic","background_color":"#FFFFFF","padding":{"unit":"px","top":"50","right":"50","bottom":"30","left":"50","isLinked":false}},"elements":[{"id":"2665cf7a","settings":{"hz_section_title":"Real Estate Inquiry Form","section_title_typography_typography":"custom","section_title_typography_font_size":{"unit":"px","size":25,"sizes":[]},"section_title_typography_font_weight":"300","section_subtitle_typography_typography":"custom","houzez_section_title_margin_bottom":{"unit":"px","size":20,"sizes":[]},"_animation":"fadeIn","animation_duration":"slow","hz_section_subtitle":"Design custom lead capture forms that integrate with the Houzez CRM","houzez_section_subtitle_color":"#7A7A7A","section_title_typography_font_family":"Lora","section_title_typography_font_size_mobile":{"unit":"px","size":28,"sizes":[]},"section_title_typography_line_height_mobile":{"unit":"em","size":1.4,"sizes":[]},"houzez_section_title_align":"left"},"elements":[],"isInner":false,"widgetType":"houzez_elementor_section_title","elType":"widget"},{"id":"39622770","settings":{"form_name":"New Form","form_fields":[{"field_type":"enquiry_type","field_label":"Inquiry Type","placeholder":"Select","required":"true","field_options":"","width":"100","width_tablet":"","width_mobile":"","rows":4,"_id":"ba6c34c"},{"field_type":"user_type","field_label":"Information","placeholder":"I'm a ","required":"true","field_options":"Select\nI'm a real estate agent\nI'm a property owner","width":"100","width_tablet":"","width_mobile":"","rows":4,"_id":"b7fe77d"},{"field_type":"first_name","field_label":"","placeholder":"First Name","required":"true","field_options":"","width":"50","width_tablet":"","width_mobile":"","rows":4,"_id":"cc6b92f"},{"field_type":"last_name","field_label":"","placeholder":"Last Name","required":"","field_options":"","width":"50","width_tablet":"","width_mobile":"","rows":4,"_id":"3cc124e"},{"field_type":"email","field_label":"","placeholder":"Email Address","required":"true","field_options":"","width":"100","width_tablet":"","width_mobile":"","rows":4,"_id":"932d82c"},{"field_type":"e_meta[city]","field_label":"Location","placeholder":"Select City","required":"true","field_options":"","width":"50","width_tablet":"","width_mobile":"","rows":4,"_id":"2eaf20d"},{"field_type":"e_meta[zipcode]","field_label":"&nbsp;","placeholder":"Zip Code","required":"true","field_options":"","width":"50","width_tablet":"","width_mobile":"","rows":4,"_id":"f0ee6fc"},{"field_type":"e_meta[property_type]","field_label":"Property","placeholder":"Select type","required":"true","field_options":"","width":"100","width_tablet":"","width_mobile":"","rows":4,"_id":"3180222"},{"field_type":"e_meta[price]","field_label":"","placeholder":"Max price","required":"true","field_options":"","width":"50","width_tablet":"","width_mobile":"","rows":4,"_id":"c549d17"},{"field_type":"e_meta[area-size]","field_label":"","placeholder":"Minimum size (Sq Ft)","required":"true","field_options":"","width":"50","width_tablet":"","width_mobile":"","rows":4,"_id":"e08cbcb"},{"field_type":"e_meta[beds]","field_label":"","placeholder":"Number of beds","required":"true","field_options":"","width":"50","width_tablet":"","width_mobile":"","rows":4,"_id":"66cc0de"},{"field_type":"e_meta[baths]","field_label":"","placeholder":"Number of baths","required":"true","field_options":"","width":"50","width_tablet":"","width_mobile":"","rows":4,"_id":"dea086f"}],"input_size":"md","button_text":"Submit","button_size":"md","email_to":"hello@favethemes.com","email_subject":"New message from &quot;Houzez 01&quot;","field_border_width":{"unit":"px","top":"2","right":"2","bottom":"2","left":"2","isLinked":true}},"elements":[],"isInner":false,"widgetType":"houzez_elementor_inquiry_form","elType":"widget"}],"isInner":true,"elType":"column"}],"isInner":true,"elType":"section"},{"id":"1e6ad6b4","settings":{"height":{"unit":"px","size":70,"sizes":[]}},"elements":[],"isInner":false,"widgetType":"houzez_elementor_space","elType":"widget"}],"isInner":false,"elType":"column"}],"isInner":false,"elType":"section"},{"id":"5232a975","settings":{"background_background":"classic","background_color":"#FFFFFF"},"elements":[{"id":"67debd5f","settings":{"_column_size":100,"_inline_size":null},"elements":[{"id":"6a618189","settings":[],"elements":[],"isInner":false,"widgetType":"spacer","elType":"widget"},{"id":"2216c7fb","settings":[],"elements":[{"id":"6ccc133","settings":{"_column_size":100,"_inline_size":null},"elements":[{"id":"7fbbc3d3","settings":{"hz_section_title":"Explore Lifestyles","section_title_typography_typography":"custom","section_title_typography_font_size":{"unit":"px","size":35,"sizes":[]},"section_title_typography_font_weight":"300","section_subtitle_typography_typography":"custom","houzez_section_title_margin_bottom":{"unit":"px","size":20,"sizes":[]},"_animation":"fadeIn","animation_duration":"slow","hz_section_subtitle":"Lorem ipsum dolor sit amet, consectetur adipiscing ","houzez_section_subtitle_color":"#7A7A7A","section_title_typography_font_family":"Lora","section_title_typography_font_size_mobile":{"unit":"px","size":28,"sizes":[]},"section_title_typography_line_height_mobile":{"unit":"em","size":1.4,"sizes":[]}},"elements":[],"isInner":false,"widgetType":"houzez_elementor_section_title","elType":"widget"},{"id":"54e64766","settings":{"houzez_grid_type":"grid_v4","property_type":["office","shop","apartment","condo","single-family-home","studio","villa"],"houzez_show_child":"1","_animation":"fadeIn","animation_duration":"slow","grid_title_typography_typography":"custom","grid_title_typography_font_family":"Lora","grid_title_typography_font_size":{"unit":"px","size":20,"sizes":[]}},"elements":[],"isInner":false,"widgetType":"houzez_elementor_grids","elType":"widget"},{"id":"182e4568","settings":[],"elements":[],"isInner":false,"widgetType":"spacer","elType":"widget"}],"isInner":true,"elType":"column"}],"isInner":true,"elType":"section"}],"isInner":false,"elType":"column"}],"isInner":false,"elType":"section"},{"id":"21e336f0","settings":{"background_color":"#FFFFFF"},"elements":[{"id":"2b10e8f7","settings":{"_column_size":100,"_inline_size":null},"elements":[{"id":"36b3d9fa","settings":[],"elements":[],"isInner":false,"widgetType":"spacer","elType":"widget"},{"id":"2cce8767","settings":[],"elements":[{"id":"5242ced4","settings":{"_column_size":100,"_inline_size":null},"elements":[{"id":"23aa00c6","settings":{"hz_section_title":"Properties For Sale","section_title_typography_typography":"custom","section_title_typography_font_size":{"unit":"px","size":35,"sizes":[]},"section_title_typography_font_weight":"300","section_subtitle_typography_typography":"custom","houzez_section_title_margin_bottom":{"unit":"px","size":20,"sizes":[]},"_animation":"fadeIn","animation_duration":"slow","hz_section_subtitle":"Lorem ipsum dolor sit amet, consectetur adipiscing ","houzez_section_subtitle_color":"#7A7A7A","section_title_typography_font_family":"Lora","section_title_typography_font_size_mobile":{"unit":"px","size":28,"sizes":[]},"section_title_typography_line_height_mobile":{"unit":"em","size":1.4,"sizes":[]}},"elements":[],"isInner":false,"widgetType":"houzez_elementor_section_title","elType":"widget"},{"id":"43725dd1","settings":{"auto_speed":"3000","property_type":["residential"],"property_status":["for-sale"]},"elements":[],"isInner":false,"widgetType":"houzez_elementor_properties_carousel_v2n","elType":"widget"}],"isInner":true,"elType":"column"}],"isInner":true,"elType":"section"},{"id":"d5d8289","settings":{"space":{"unit":"px","size":53,"sizes":[]}},"elements":[],"isInner":false,"widgetType":"spacer","elType":"widget"}],"isInner":false,"elType":"column"}],"isInner":false,"elType":"section"},{"id":"36ad6541","settings":{"background_background":"classic","background_color":"#FFFFFF"},"elements":[{"id":"74566f59","settings":{"_column_size":100,"_inline_size":null},"elements":[{"id":"7d4b45d","settings":[],"elements":[],"isInner":false,"widgetType":"spacer","elType":"widget"},{"id":"5bf8fd63","settings":[],"elements":[{"id":"6b821b55","settings":{"_column_size":100,"_inline_size":null},"elements":[{"id":"15d6f914","settings":{"hz_section_title":"Explore Cities","section_title_typography_typography":"custom","section_title_typography_font_size":{"unit":"px","size":35,"sizes":[]},"section_title_typography_font_weight":"300","section_subtitle_typography_typography":"custom","houzez_section_title_margin_bottom":{"unit":"px","size":20,"sizes":[]},"_animation":"fadeIn","animation_duration":"slow","hz_section_subtitle":"Lorem ipsum dolor sit amet, consectetur adipiscing ","houzez_section_subtitle_color":"#7A7A7A","section_title_typography_font_family":"Lora","section_title_typography_font_size_mobile":{"unit":"px","size":28,"sizes":[]},"section_title_typography_line_height_mobile":{"unit":"em","size":1.4,"sizes":[]}},"elements":[],"isInner":false,"widgetType":"houzez_elementor_section_title","elType":"widget"},{"id":"7082911f","settings":{"houzez_grid_type":"grid_v3","houzez_grid_from":"property_city","property_type":["office","shop","apartment","condo","single-family-home","studio","villa"],"houzez_show_child":"1","_animation":"fadeIn","animation_duration":"slow","grid_title_typography_typography":"custom","grid_title_typography_font_family":"Lora","grid_title_typography_font_size":{"unit":"px","size":20,"sizes":[]}},"elements":[],"isInner":false,"widgetType":"houzez_elementor_grids","elType":"widget"},{"id":"22f5e3c","settings":[],"elements":[],"isInner":false,"widgetType":"spacer","elType":"widget"}],"isInner":true,"elType":"column"}],"isInner":true,"elType":"section"}],"isInner":false,"elType":"column"}],"isInner":false,"elType":"section"},{"id":"3684ef07","settings":{"background_color":"#FFFFFF"},"elements":[{"id":"3d873cfa","settings":{"_column_size":100,"_inline_size":null},"elements":[{"id":"25eccdd","settings":[],"elements":[],"isInner":false,"widgetType":"spacer","elType":"widget"},{"id":"34e08e20","settings":[],"elements":[{"id":"4c236d7e","settings":{"_column_size":100,"_inline_size":null},"elements":[{"id":"2db896c9","settings":{"hz_section_title":"Get in touch with us","section_title_typography_typography":"custom","section_title_typography_font_size":{"unit":"px","size":35,"sizes":[]},"section_title_typography_font_weight":"300","section_subtitle_typography_typography":"custom","houzez_section_title_margin_bottom":{"unit":"px","size":20,"sizes":[]},"_animation":"fadeIn","animation_duration":"slow","hz_section_subtitle":"Lorem ipsum dolor sit amet, consectetur adipiscing ","houzez_section_subtitle_color":"#7A7A7A","section_title_typography_font_family":"Lora","section_title_typography_font_size_mobile":{"unit":"px","size":28,"sizes":[]},"section_title_typography_line_height_mobile":{"unit":"em","size":1.4,"sizes":[]}},"elements":[],"isInner":false,"widgetType":"houzez_elementor_section_title","elType":"widget"},{"id":"1a8b705b","settings":{"columns":"4","posts_limit":"9","_animation":"fadeIn","animation_duration":"slow"},"elements":[],"isInner":false,"widgetType":"houzez_elementor_agents","elType":"widget"},{"id":"7da1f724","settings":[],"elements":[],"isInner":false,"widgetType":"spacer","elType":"widget"}],"isInner":true,"elType":"column"}],"isInner":true,"elType":"section"}],"isInner":false,"elType":"column"}],"isInner":false,"elType":"section"},{"id":"3d7af52a","settings":{"background_background":"classic","background_color":"#FFFFFF","structure":"50","padding":{"unit":"px","top":"15","right":"0","bottom":"15","left":"0","isLinked":false},"hide_tablet":"hidden-tablet","hide_mobile":"hidden-phone"},"elements":[{"id":"126d8461","settings":{"_column_size":20,"_inline_size":null},"elements":[{"id":"349c51f3","settings":{"image":{"url":"https:\/\/demo01.houzez.co\/wp-content\/uploads\/2016\/03\/partner-01-e1582734705113.jpg","id":1118}},"elements":[],"isInner":false,"widgetType":"image","elType":"widget"}],"isInner":false,"elType":"column"},{"id":"3b691326","settings":{"_column_size":20,"_inline_size":null},"elements":[{"id":"4eb33470","settings":{"image":{"url":"https:\/\/demo01.houzez.co\/wp-content\/uploads\/2016\/03\/partner-02-e1582734691936.jpg","id":1119}},"elements":[],"isInner":false,"widgetType":"image","elType":"widget"}],"isInner":false,"elType":"column"},{"id":"3691f1cf","settings":{"_column_size":20,"_inline_size":null},"elements":[{"id":"34844c5c","settings":{"image":{"url":"https:\/\/demo01.houzez.co\/wp-content\/uploads\/2016\/03\/partner-04-e1582734649458.jpg","id":1121}},"elements":[],"isInner":false,"widgetType":"image","elType":"widget"}],"isInner":false,"elType":"column"},{"id":"6b382656","settings":{"_column_size":20,"_inline_size":null},"elements":[{"id":"d9bbc9c","settings":{"image":{"url":"https:\/\/demo01.houzez.co\/wp-content\/uploads\/2016\/03\/partner-03-e1582734671602.jpg","id":1120}},"elements":[],"isInner":false,"widgetType":"image","elType":"widget"}],"isInner":false,"elType":"column"},{"id":"510e1a6d","settings":{"_column_size":20,"_inline_size":null},"elements":[{"id":"5a3bf295","settings":{"image":{"url":"https:\/\/demo01.houzez.co\/wp-content\/uploads\/2016\/03\/partner-05-e1582734603812.jpg","id":1122}},"elements":[],"isInner":false,"widgetType":"image","elType":"widget"}],"isInner":false,"elType":"column"}],"isInner":false,"elType":"section"}]}