{"last_tab":"42","site_breadcrumb":"1","phone_number_full":"1","gallery_caption":"0","lightbox_caption":"0","houzez_date_language":"","users_admin_access":"1","measurement_unit_global":"0","measurement_unit":"sqft","measurement_unit_sqft_text":"sqft","measurement_unit_square_meter_text":"m\u00b2","sticky_sidebar":{"default_sidebar":"1","property_listings":"1","single_property":"1","agent_sidebar":"1","agency_sidebar":"1","search_sidebar":"1","page_sidebar":"1"},"cl_featured_label":"Featured","cl_property":"Property","cl_properties":"Properties","cl_favorite":"Favourite","cl_preview":"Preview","cl_add_compare":"Add to Compare","cl_remove_compare":"Remove from Compare","cl_none":"None","cl_select":"Select","cl_only_digits":"Only digits","cl_example":"For example","cl_hide":"Hide","cl_show":"Show","cl_yes":"Yes","cl_no":"No","cl_or":"OR","cl_select_all":"Select All","cl_deselect_all":"Deselect All","cl_no_results_matched":"No results matched","srh_item_selected":"items selected","srh_any":"Any","srh_keyword":"Enter Keyword...","srh_address":"Enter an address, town, street, zip or property ID","srh_csa":"Search City, State or Area","srh_location":"Location","srh_radius":"Radius","srh_type":"Type","srh_types":"Types","srh_status":"Status","srh_statuses":"Statuses","srh_label":"Label","srh_labels":"Labels","srh_all_status":"All Status","srh_bedrooms":"Bedrooms","srh_studio":"Studio","srh_rooms":"Rooms","srh_bathrooms":"Bathrooms","srh_beds":"Beds","srh_baths":"Baths","srh_min_area":"Min. Area","srh_max_area":"Max. Area","srh_min_land_area":"Min. Land Area","srh_max_land_area":"Max. Land Area","srh_min_price":"Min. Price","srh_max_price":"Max. Price","srh_price":"Price","srh_price_range":"Price Range","srh_from":"From","srh_to":"To","srh_prop_id":"Property ID","srh_countries":"All Countries","srh_states":"All States","srh_cities":"All Cities","srh_areas":"All Areas","srh_areass":"Areas","srh_garage":"Garage","srh_year_built":"Year Built","srh_currency":"Currency","srh_other_features":"Other Features","srh_btn_adv":"Advanced","srh_btn_search":"Search","srh_btn_go":"Go","srh_btn_save_search":"Save Search","srh_dock_title":"Advanced Search","srh_mobile_title":"Search","srh_btn_more":"More Options","srh_clear":"Clear","srh_apply":"Apply","glc_bedroom":"Bedroom","glc_bedrooms":"Bedrooms","glc_bathroom":"Bathroom","glc_bathrooms":"Bathrooms","glc_bed":"Bed","glc_beds":"Beds","glc_room":"Room","glc_rooms":"Rooms","glc_bath":"Bath","glc_baths":"Baths","glc_garage":"Garage","glc_garages":"Garages","glc_year_built":"Year Built","glc_id":"ID","glc_listing_id":"Listing ID","glc_detail_btn":"Details","sps_overview":"Overview","sps_description":"Description","sps_documents":"Property Documents","sps_details":"Details","sps_additional_details":"Additional details","sps_address":"Address","sps_features":"Features","sps_video":"Video","sps_virtual_tour":"360\u00b0 Virtual Tour","sps_sub_listings":"Sub listings","sps_energy_class":"Energy Class","sps_floor_plans":"Floor Plans","sps_calculator":"Mortgage Calculator","sps_walkscore":"Walkscore","sps_nearby":"What's Nearby?","sps_schedule_tour":"Schedule a Tour","sps_contact":"Contact","sps_contact_info":"Contact Information","sps_your_info":"Your information","sps_propperty_enqry":"Enquire About This Property","sps_reviews":"Reviews","sps_similar_listings":"Similar Listings","spl_prop_id":"Property ID","spl_price":"Price","spl_prop_type":"Property Type","spl_prop_status":"Property Status","spl_prop_size":"Property Size","spl_land":"Land Area","spl_room":"Room","spl_rooms":"Rooms","spl_bedroom":"Bedroom","spl_bedrooms":"Bedrooms","spl_bathroom":"Bathroom","spl_bathrooms":"Bathrooms","spl_garage":"Garage","spl_garages":"Garages","spl_garage_size":"Garage Size","spl_year_built":"Year Built","spl_lot":"Lot","spl_ogm":"Open on Google Maps","spl_address":"Address","spl_zip":"Zip\/Postal Code","spl_country":"Country","spl_state":"State\/county","spl_city":"City","spl_area":"Area","spl_con_name":"Name","spl_con_name_plac":"Enter your name","spl_con_phone":"Phone","spl_con_phone_plac":"Enter your Phone","spl_con_email":"Email","spl_con_email_plac":"Enter your email","spl_con_message":"Message","spl_con_message_plac":"Enter your Message","spl_con_interested":"Hello, I am interested in","spl_con_usertype":"I'm a","spl_con_select":"Select","spl_con_buyer":"I'm a buyer","spl_con_tennant":"I'm a tennant","spl_con_agent":"I'm an agent","spl_con_other":"Other","spl_con_view_listings":"View Listings","spl_con_tour_type":"Tour Type","spl_con_in_person":"In Person","spl_con_video_chat":"Video Chat","spl_con_date":"Date","spl_con_date_plac":"Select tour date","spl_con_time":"Time","spl_btn_send":"Send Message","spl_btn_call":"Call","spl_btn_message":"Send Message","spl_btn_request_info":"Request Information","spl_btn_tour_sch":"Submit a Tour Request","spl_sub_agree":"By submitting this form I agree to","spl_term":"Terms of Use","agent_forms_terms_validation":"Please accept terms of use","spl_energetic_cls":"Energetic class","spl_energy_index":"Global Energy Performance Index","spl_energy_renew_index":"Renewable energy performance index","spl_energy_build_performance":"Energy performance of the building","spl_energy_ecp_rating":"EPC Current Rating","spl_energy_ecp_p":"EPC Potential Rating","spl_energy_cls":"Energy class","spc_principal_ints":"Principal & Interest","spc_prop_tax":"Property Tax","spc_hi":"Home Insurance","spc_pmi":"PMI","spc_total_amt":"Total Amount","spc_down_payment":"Down Payment","spc_ir":"Interest Rate","spc_load_term":"Loan Terms (Years)","spc_monthly":"Monthly","spc_btn_cal":"Calculate","fal_submit_property":"Submit Property","fal_save_draft":"Save as Draft","fal_save_changes":"Save Changes","fal_view_property":"View Property","fal_cancel":"Cancel","fal_back":"Back","fal_next":"Next","cls_description":"Description","cls_description_price":"Description & Price","cls_price":"Price","cls_media":"Media","cls_documents":"Property Documents","cls_details":"Details","cls_private_notes":"Private Note","cls_additional_details":"Additional details","cls_address":"Address","cls_location":"Location","cls_map":"Map","cls_features":"Features","cls_video":"Video","cls_virtual_tour":"360\u00b0 Virtual Tour","cls_sub_listings":"Sub listings","cls_energy_class":"Energy Class","cls_floor_plans":"Floor Plans","cls_walkscore":"Walkscore","cls_contact_info":"Contact Information","cls_information":"Information","cls_settings":"Property Settings","cls_slider":"Slider","cls_layout":"Layout","cls_rental":"Rental Details","cls_gdpr":"GDPR Agreement *","cl_prop_title":"Property Title","cl_prop_title_plac":"Enter your property title","cl_content":"Content","cl_prop_type":"Type","cl_prop_types":"Types","cl_prop_status":"Status","cl_prop_statuses":"Statuses","cl_prop_label":"Label","cl_prop_labels":"Labels","cl_sale_price":"Sale or Rent Price","cl_sale_price_plac":"Enter the price","cl_second_price":"Second Price (Optional)","cl_second_price_plac":"Enter the second price","cl_price_postfix":"After The Price","cl_price_postfix_plac":"Enter the after price","cl_price_postfix_tooltip":"For example: Monthly","cl_price_prefix":"Price Prefix","cl_price_prefix_plac":"Enter the price prefix","cl_price_prefix_tooltip":"For example: Start from","cl_bedrooms":"Bedrooms","cl_bedrooms_plac":"Enter number of bedrooms","cl_rooms":"Rooms","cl_rooms_plac":"Enter number of rooms","cl_bathrooms":"Bathrooms","cl_bathrooms_plac":"Enter number of bathrooms","cl_area_size":"Area Size","cl_area_size_plac":"Enter property area size","cl_area_size_postfix":"Size Postfix","cl_area_size_postfix_plac":"Enter property area size postfix","cl_area_size_postfix_tooltip":"For example: Sq Ft","cl_land_size":"Land Area","cl_land_size_plac":"Enter property Land Area","cl_land_size_postfix":"Land Area Size Postfix","cl_land_size_postfix_plac":"Enter property Land Area postfix","cl_land_size_postfix_tooltip":"For example: Sq Ft","cl_garage":"Garages","cl_garage_plac":"Enter number of garages","cl_garage_size":"Garage Size","cl_garage_size_plac":"Enter the garage size","cl_garage_size_tooltip":"For example: 200 Sq Ft","cl_year_built":"Year Built","cl_year_built_plac":"Enter year built","cl_prop_id":"Property ID","cl_prop_id_plac":"Enter property ID","cl_prop_id_tooltip":"For example: HZ-01","cl_additional_title":"Title","cl_additional_title_plac":"Eg: Equipment","cl_additional_value":"Value","cl_additional_value_plac":"Grill - Gas","cl_drag_drop_text_image":"Drag and drop the images to customize the image gallery order.","cl_drag_drop_title":"Drag and drop the gallery images here","cl_image_size":"(Minimum size 1440x900)","cl_image_btn":"Select and Upload","cl_image_featured":"Click on the star icon to select the cover image.","cl_video_url":"Video URL","cl_video_url_plac":"YouTube, Vimeo, SWF File and MOV File are supported","cl_energy_cls":"Energy Class","cl_energy_cls_plac":"Select Energy Class","cl_energy_index":"Global Energy Performance Index","cl_energy_index_plac":"For example: 92.42 kWh \/ m\u00b2a","cl_energy_renew_index":"Renewable energy performance index","cl_energy_renew_index_plac":"For example: 00.00 kWh \/ m\u00b2a","cl_energy_build_performance":"Energy performance of the building","cl_energy_build_performance_plac":"","cl_energy_ecp_rating":"EPC Current Rating","cl_energy_ecp_rating_plac":"","cl_energy_ecp_p":"EPC Potential Rating","cl_energy_ecp_p_plac":"","cl_virtual_plac":"Enter virtual tour iframe\/embeded code","cl_private_note":"Write private note for this property, it will not display for public.","cl_private_note_plac":"Enter the note here","cl_address":"Address","cl_address_plac":"Enter your property address","cl_zip":"Zip\/Postal Code","cl_zip_plac":"Enter zip\/postal code","cl_country":"Country","cl_country_plac":"Enter the country","cl_state":"State\/county","cl_state_plac":"Enter the State\/county","cl_city":"City","cl_city_plac":"Enter the city","cl_area":"Area","cl_area_plac":"Enter the area","cl_drag_drop_text":"Drag and drop the pin on map to find exact location","cl_latitude":"Latitude","cl_latitude_plac":"Enter address latitude","cl_longitude":"Longitude","cl_longitude_plac":"Enter address Longitude","cl_street_view":"Street View","cl_ppbtn":"Place the pin in address above","cl_streat_address":"Streat Address","cl_streat_address_plac":"Enter only the street name and the building number","cl_make_featured":"Do you want to mark this property as featured?","cl_login_view":"The user must be logged in to view this property?","cl_login_view_plac":"If \"Yes\" then only logged in user can view property details.","cl_disclaimer":"Disclaimer","cl_mortgage":"Mortgage Calulator","cl_mortgage_plac":"Show\/Hide mortgage calculator for this listing?","cl_decuments_text":"You can attach PDF files, Map images OR other documents.","cl_attachment_btn":"Select Attachment.","cl_uploaded_attachments":"Uploaded Attachments","cl_contact_info_text":"What information do you want to display in agent data container?","cl_author_info":"Author Info","cl_agent_info":"Agent Info (Choose agent from the list below)","cl_agent_info_plac":"Select an Agent","cl_agency_info":"Agency Info (Choose agency from the list below)","cl_agency_info2":"Agency Info","cl_agency_info_plac":"Select an Agency","cl_not_display":"Do not display","cl_add_slider":"Do you want to display this property on the custom property slider?","cl_add_slider_plac":"Upload an image below if you selected yes.","cl_slider_img":"Slider Image","cl_slider_img_size":"Suggested size 2000px x 700px","cl_plan_title":"Plan Title","cl_plan_title_plac":"Enter the plan title","cl_plan_bedrooms":"Bedrooms","cl_plan_bedrooms_plac":"Enter the number of bedrooms","cl_plan_bathrooms":"Bathrooms","cl_plan_bathrooms_plac":"Enter the number of bathrooms","cl_plan_price":"Price","cl_plan_price_plac":"Enter the price","cl_plan_price_postfix":"Price","cl_plan_price_postfix_plac":"Enter the price postfix","cl_plan_size":"Plan Size","cl_plan_size_plac":"Enter the plan size","cl_plan_img":"Plan Image","cl_plan_img_plac":"Upload the plan image","cl_plan_img_btn":"Select Image","cl_plan_img_size":"Minimum size 800 x 600 px","cl_plan_des":"Description","cl_plan_des_plac":"Enter the plan description","cl_subl_title":"Title","cl_subl_title_plac":"Enter the  title","cl_subl_bedrooms":"Bedrooms","cl_subl_bedrooms_plac":"Enter the number of bedrooms","cl_subl_bathrooms":"Bathrooms","cl_subl_bathrooms_plac":"Enter the number of bathrooms","cl_subl_price":"Price","cl_subl_price_plac":"Enter the price","cl_subl_price_postfix":"Price","cl_subl_price_postfix_plac":"Enter the price postfix","cl_subl_size":"Property Size","cl_subl_size_plac":"Enter the property size","cl_subl_size_postfix":"Size Postfix","cl_subl_size_postfix_plac":"Enter the property size postfix","cl_subl_type":"Property Type","cl_subl_type_plac":"Enter the property type","cl_subl_date":"Availability Date","cl_subl_date_plac":"Enter the availability date","cl_subl_ids":"Listing IDs","cl_subl_ids_plac":"Enter the listing IDs comma separated","cl_subl_ids_tooltip":"If the sub-properties are separated listings, use the box above to enter the listing IDs (Example: 4,5,6)","dsh_board":"Board","dsh_activities":"Activities","dsh_deals":"Deals","dsh_leads":"Leads","dsh_inquiries":"Inquiries","dsh_insight":"Insight","dsh_props":"Properties","dsh_all":"All","dsh_published":"Published","dsh_pending":"Pending","dsh_expired":"Expired","dsh_draft":"Draft","dsh_hold":"On Hold","dsh_create_listing":"Create a Listing","dsh_favorite":"Favorites","dsh_messages":"Messages","dsh_saved_searches":"Saved Searches","dsh_membership":"Membership","dsh_invoices":"Invoices","dsh_profile":"My Profile","dsh_gdpr":"GDPR Request","dsh_agents":"Agents","dsh_addnew":"Add New","dsh_logout":"Log Out","custom_logo":{"url":"https:\/\/demo19.houzez.co\/wp-content\/uploads\/2020\/02\/logo-houzez-color.png","id":"2801","height":"24","width":"127","thumbnail":"https:\/\/demo19.houzez.co\/wp-content\/uploads\/2020\/02\/logo-houzez-color.png"},"retina_logo":{"url":"https:\/\/demo19.houzez.co\/wp-content\/uploads\/2016\/03\/logo-houzez-color@2x.png","id":"1226","height":"48","width":"254","thumbnail":"https:\/\/demo19.houzez.co\/wp-content\/uploads\/2016\/03\/logo-houzez-color@2x-150x48.png"},"mobile_logo":{"url":"https:\/\/demo01.houzez.co\/wp-content\/themes\/houzez\/img\/logo-houzez-white.png","id":"","height":"","width":"","thumbnail":""},"mobile_retina_logo":{"url":"https:\/\/demo01.houzez.co\/wp-content\/themes\/houzez\/img\/logo-houzez-white@2x.png","id":"","height":"","width":"","thumbnail":""},"custom_logo_splash":{"url":"https:\/\/demo01.houzez.co\/wp-content\/themes\/houzez\/img\/logo-houzez-white.png","id":"","height":"","width":"","thumbnail":""},"retina_logo_splash":{"url":"https:\/\/demo01.houzez.co\/wp-content\/themes\/houzez\/img\/logo-houzez-white@2x.png","id":"","height":"","width":"","thumbnail":""},"custom_logo_mobile_splash":{"url":"https:\/\/demo01.houzez.co\/wp-content\/themes\/houzez\/img\/logo-houzez-white.png","id":"","height":"","width":"","thumbnail":""},"retina_logo_mobile_splash":{"url":"https:\/\/demo01.houzez.co\/wp-content\/themes\/houzez\/img\/logo-houzez-white@2x.png","id":"","height":"","width":"","thumbnail":""},"retina_logo_height":"24","retina_logo_width":"127","retina_mobilelogo_height":"24","retina_mobilelogo_width":"127","favicon":{"url":"https:\/\/demo01.houzez.co\/wp-content\/themes\/houzez\/img\/favicon.png","id":"","height":"","width":"","thumbnail":""},"iphone_icon":{"url":"","id":"","height":"","width":"","thumbnail":""},"iphone_icon_retina":{"url":"","id":"","height":"","width":"","thumbnail":""},"ipad_icon":{"url":"","id":"","height":"","width":"","thumbnail":""},"ipad_icon_retina":{"url":"","id":"","height":"","width":"","thumbnail":""},"lightbox_logo":{"url":"https:\/\/demo19.houzez.co\/wp-content\/uploads\/2016\/03\/logo-houzez-white.png","id":"1227","height":"24","width":"127","thumbnail":"https:\/\/demo19.houzez.co\/wp-content\/uploads\/2016\/03\/logo-houzez-white.png"},"dashboard_logo":{"url":"https:\/\/demo01.houzez.co\/wp-content\/themes\/houzez\/img\/logo-houzez-white.png","id":"","height":"","width":"","thumbnail":""},"header_style":"4","header_1_width":"container","header_1_menu_align":"nav-right","header_1_height":"60","header_2_height":"54","header_3_top_height":"80","header_3_bottom_height":"54","header_4_height":"90","header_5_top_height":"110","header_5_bottom_height":"54","header_6_height":"60","main-menu-sticky":"1","header_4_width":"container-fluid","header_4_menu_align":"nav-right","hd1_4_phone_enable":"1","hd1_4_phone":"(800) 987 6543","hd3_callus":"1","hd3_call_us_image":{"url":"https:\/\/demo01.houzez.co\/wp-content\/themes\/houzez\/img\/call-image.png","id":"","height":"","width":"","thumbnail":""},"hd3_call_us_text":"Call Us:","hd3_phone":"1-800-987-6543","hd2_contact_info":"1","hd2_contact_phone":"1 800 987 6543","hd2_contact_email":"info@houzez.com","hd2_address_info":"1","hd2_address_line1":"Oceanview Hall","hd2_address_line2":"Miami, FL 33141","hd2_timing_info":"1","hd2_timing_hours":"9 am to 6 pm","hd2_timing_days":"Monday to Friday","social-header":"0","hs-facebook":"","hs-twitter":"","hs-googleplus":"","hs-linkedin":"","hs-instagram":"","hs-pinterest":"","hs-youtube":"","hs-yelp":"","hs-behance":"","create_lisiting_enable":"0","create_listing_button":"yes","top_bar":"0","top_bar_width":"container","top_bar_mobile":"0","top_bar_left":"none","top_bar_right":"none","top_bar_phone":"","top_bar_email":"","top_bar_slogan":"","currency_switcher_enable":"0","houzez_supported_currencies":"AUD,CAD,CHF,EUR,GBP,HKD,JPY,NOK,SEK,USD,NGN","houzez_currency_expiry":"3600","area_switcher_enable":"0","houzez_base_area":"sqft","splash_layout":"container-fluid","backgroud_type":"video","splash_page_nav":"1","splash_menu_align":"nav-right","splash_search":"1","splash_image":{"url":"https:\/\/demo19.houzez.co\/wp-content\/uploads\/2016\/03\/205.jpg","id":"16175","height":"960","width":"1440","thumbnail":"https:\/\/demo19.houzez.co\/wp-content\/uploads\/2016\/03\/205-150x150.jpg"},"splash_slider":"16176,16175,16142","splash_bg_mp4":{"url":"https:\/\/demo19.houzez.co\/wp-content\/uploads\/2016\/03\/houzez-video.mp4","id":"1267","height":"720","width":"1280","thumbnail":""},"splash_bg_webm":{"url":"https:\/\/demo19.houzez.co\/wp-content\/uploads\/2016\/03\/houzez-video.webm","id":"1269","height":"720","width":"1280","thumbnail":""},"splash_bg_ogv":{"url":"https:\/\/demo19.houzez.co\/wp-content\/uploads\/2016\/03\/houzez-video.ogv","id":"1268","height":"720","width":"1280","thumbnail":""},"splash_video_image":{"url":"https:\/\/demo19.houzez.co\/wp-content\/uploads\/2016\/03\/205.jpg","id":"16175","height":"960","width":"1440","thumbnail":"https:\/\/demo19.houzez.co\/wp-content\/uploads\/2016\/03\/205-150x150.jpg"},"splash_welcome_text":"Welcome To Houzez","splash_welcome_sub":"Houzez is an innovative real estate WordPress theme that helps to ensure your website\u2019s success in this super-competitive market.","splash_callus_text":"Call Us","splash_callus_phone":"(800) 897 6543","social-splash":"1","sp-facebook":"#","sp-twitter":"#","sp-googleplus":"#","sp-linkedin":"#","sp-instagram":"#","splash-logolink-type":"home_page","splash-logolink":"","header_login":"0","header_register":"0","login_register_type":"as_icon","header_loggedIn":"0","register_first_name":"0","register_last_name":"0","register_mobile":"0","enable_password":"no","user_as_agent":"yes","realtor_visible":"0","login_redirect":"same_page","login_redirect_link":"","login_terms_condition":"745","facebook_login":"","facebook_api_key":"","facebook_secret":"","google_login":"","google_client_id":"","google_secret":"","user_show_roles":"1","user_show_roles_profile":"1","show_hide_roles":{"agent":"","agency":"","owner":"","buyer":"","seller":"","manager":""},"agent_role":"Agent","agency_role":"Agency","owner_role":"Owner","buyer_role":"Buyer","seller_role":"Seller","manager_role":"Manager","multi_currency":"0","default_multi_currency":"","short_prices":"0","indian_format":"0","currency_symbol":"$","currency_position":"before","decimals":"0","decimal_point_separator":".","thousands_separator":",","currency_separator":"\/","typo-body":{"font-family":"Poppins","font-options":"","google":"1","font-weight":"400","font-style":"","subsets":"","text-transform":"none","font-size":"15px","line-height":"25px"},"typo-headers":{"font-family":"Poppins","font-options":"","google":"1","font-weight":"600","font-style":"","subsets":"","text-align":"left","text-transform":"uppercase","font-size":"14px"},"typo-footer":{"font-family":"Poppins","font-options":"","google":"1","font-weight":"400","font-style":"","subsets":"","text-align":"left","text-transform":"none","font-size":"15px","line-height":"25px"},"typo-topbar":{"font-family":"Roboto","font-options":"","google":"1","font-weight":"300","font-style":"","subsets":"","text-align":"left","text-transform":"none","font-size":"15px","line-height":"25px"},"typo-headings":{"font-family":"Poppins","font-options":"","google":"1","font-weight":"600","font-style":"","subsets":"","text-align":"inherit","text-transform":"none"},"body_text_color":"#565656","body_bg_color":"#f8f8f8","houzez_primary_color":"#00aeff","houzez_primary_color_hover":{"color":"#33beff","alpha":".65","rgba":"rgba(0, 174, 255, 0.65)"},"houzez_secondary_color":"#28a745","houzez_secondary_color_hover":{"color":"#34ce57","alpha":".75","rgba":"rgba(52,206,87,0.75)"},"header_1_bg":"#004274","header_1_links_color":"#FFFFFF","header_1_links_hover_color":"#00aeff","header_1_links_hover_bg_color":{"color":"#00aeff","alpha":".1","rgba":"rgba(0, 174, 255, 0.1)"},"header_2_top_bg":"#ffffff","header_2_top_text":"#004274","header_2_bg":"#004274","header_2_links_color":"#ffffff","header_2_links_hover_color":"#00aeff","header_2_links_hover_bg_color":{"color":"#00aeff","alpha":".1","rgba":"rgba(0, 174, 255, 0.1)"},"header_2_border":{"color":"#004274","alpha":".2","rgba":"rgba(0, 174, 255, 0.2)"},"header_3_bg":"#004274","header_3_callus_color":"#ffffff","header_3_callus_bg_color":"#00aeff","header_3_bg_menu":"#004274","header_3_links_color":"#FFFFFF","header_3_links_hover_color":"#00aeff","header_3_links_hover_bg_color":{"color":"#00aeff","alpha":".1","rgba":"rgba(0, 174, 255, 0.1)"},"header_3_border":{"color":"#00aeff","alpha":".2","rgba":"rgba(0, 174, 239, 0.2)"},"header_3_social_color":"#004274","header_4_bg":"#ffffff","header_4_links_color":"#004274","header_4_links_hover_color":"#00aeef","header_4_links_hover_bg_color":{"color":"#00aeff","alpha":".1","rgba":"rgba(0, 174, 255, 0.1)"},"header_6_bg":"#004274","header_6_links_color":"#FFFFFF","header_6_links_hover_color":"#00aeff","header_6_links_hover_bg_color":{"color":"#00aeff","alpha":".1","rgba":"rgba(0, 174, 255, 0.1)"},"header_6_social_color":"#FFFFFF","header_4_transparent_links_color":"#ffffff","header_4_transparent_links_hover_color":"#ffffff","header_4_transparent_border_bottom1":{"border-top":"1px","border-right":"1px","border-bottom":"1px","border-left":"1px","border-style":"solid","border-color":""},"header_4_transparent_border_bottom_color":{"color":"#ffffff","alpha":".30","rgba":"rgba(255, 255, 255, 0.3)"},"header_submenu_bg":{"color":"#ffffff","alpha":"0.95","rgba":"rgba(255,255,255,0.95)"},"header_submenu_links_color":"#222222","header_submenu_links_hover_color":"#00aeff","header_submenu_border_color":"#dce0e0","header_4_btn_color":"#ffffff","header_4_btn_hover_color":{"color":"#ffffff","alpha":".99","rgba":"rgba(255, 255, 255, 0.99)"},"header_4_btn_bg_color":"#00aeff","header_4_btn_bg_hover_color":{"color":"#00aeff","alpha":".65","rgba":"rgba(0, 174, 255, 0.65)"},"header_4_btn_border":{"border-top":"1px","border-right":"1px","border-bottom":"1px","border-left":"1px","border-style":"solid","border-color":"#00aeff"},"header_4_btn_border_hover_color":{"color":"#00aeff","alpha":".99","rgba":"rgba(0, 174, 255, 0.99)"},"header_4_transparent_btn_color":"#ffffff","header_4_transparent_btn_hover_color":{"color":"#ffffff","alpha":"1","rgba":"rgba(255,255,255,1)"},"header_4_transparent_btn_bg_color":{"color":"#ffffff","alpha":".2","rgba":"rgba(255, 255, 255, 0.2)"},"header_4_transparent_btn_bg_hover_color":{"color":"#00aeff","alpha":".65","rgba":"rgba(0, 174, 255, 0.65)"},"header_4_transparent_btn_border":{"border-top":"1px","border-right":"1px","border-bottom":"1px","border-left":"1px","border-style":"solid","border-color":"#ffffff"},"header_4_transparent_btn_border_hover_color":{"color":"#00AEEF","alpha":"1","rgba":"rgba(0,174,239,1)"},"mob_menu_bg_color":"#004274","mob_menu_btn_color":"#FFFFFF","mob_nav_bg_color":"#ffffff","mob_link_color":"#004274","mobile_nav_border":{"border-top":"1px","border-right":"0px","border-bottom":"0px","border-left":"0px","border-style":"solid","border-color":"#dce0e0"},"adv_background":"#004274","side_search_background":"#FFFFFF","adv_textfields_borders":"#dce0e0","adv_text_color20":"#a1a7a8","adv_other_color":"#FFFFFF","adv_halfmap_other_color":"#222222","adv_search_btn_bg":{"regular":"#00aeef","hover":"#3ec0ef"},"adv_search_btn_text":{"regular":"#ffffff","hover":"#ffffff"},"adv_search_border":{"regular":"#00aeef","hover":"#3ec0ef"},"adv_button_color":{"regular":"#ffffff","hover":"#3ec0ef"},"adv_button_bg_color":{"regular":"#004274","hover":"#004274"},"adv_button_border_color":{"regular":"#004274","hover":"#004274"},"header_search_padding":{"units":"px","padding-top":"10px","padding-bottom":"10px"},"adv_overlay_open_close_bg_color":"#00aeff","adv_overlay_open_close_color":"#ffffff","ssb_color":"#ffffff","ssb_color_hover":"#ffffff","ssb_bg_color":"#28a745","ssb_bg_color_hover":"#28a745","ssb_border_color":"#28a745","ssb_border_color_hover":"#28a745","ua_menu_bg":"#FFFFFF","ua_menu_links_color":"#004274","ua_menu_links_hover_color":"#00aeff","ua_menu_links_hover_bg_color":{"color":"#00aeff","alpha":"0.11","rgba":"rgba(0, 174, 255, 0.1)"},"ua_menu_border_color":"#dce0e0","dm_background":"#002B4B","dm_color":"#839EB2","dm_hover_color":"#ffffff","dm_submenu_active_color":"#00aeff","houzez_prop_details_bg":{"color":"#00aeff","alpha":".1","rgba":"rgba(0,174,255,0.1)"},"prop_details_border_color":"#00aeff","featured_label_bg_color":"#77c720","featured_label_color":"#ffffff","top_bar_bg":"#000000","top_bar_color":"#ffffff","top_bar_color_hover":{"color":"#00AEEF","alpha":".75","rgba":"rgba(0,174,239,0.75)"},"footer_bg_color":"#f8f8f8","footer_bottom_bg_color":"#f8f8f8","footer_color":"#00335a","footer_hover_color":{"color":"#00aeff","alpha":"1","rgba":"rgba(0,174,255,1)"},"prop-top-area":"v5","prop_default_active_tab":"image_gallery","prop-content-layout":"simple","is_full_width":"0","prop_details_cols":"list-2-cols","prop_address_cols":"list-2-cols","prop_features_cols":"list-3-cols","prop-detail-nav":"yes","map_in_section":"0","send_agent_message_copy":"0","send_agent_message_email":"","property_blocks":{"enabled":{"placebo":"placebo","overview":"Overview","description":"Description","address":"Address","details":"Details","features":"Features","mortgage_calculator":"Mortgage Calculator","floor_plans":"Floor Plans","schedule_tour":"Schedule Tour","video":"Video","virtual_tour":"360\u00b0 Virtual Tour","walkscore":"Walkscore","yelp_nearby":"Near by Places","energy_class":"Energy Class","agent_bottom":"Agent bottom","review":"Reviews","similar_properties":"Similar Listings"},"disabled":{"placebo":"placebo","unit":"Multi Unit \/ Sub Listings","adsense_space_1":"Adsense Space 1","adsense_space_2":"Adsense Space 2","adsense_space_3":"Adsense Space 3","booking_calendar":"Availability Calendar","block_gallery":"Section Gallery"}},"block_gallery_visible":"9","block_gallery_columns":"3","property_blocks_tabs":{"enabled":{"placebo":"placebo","description":"Description","address":"Address","details":"Details","features":"Features","floor_plans":"Floor Plans","video":"Video"},"disabled":{"placebo":"placebo","virtual_tour":"360\u00b0 Virtual Tour"}},"tabs_agent_bottom":"1","houzez_availability_calendar":"0","houzez_energy_class":"0","houzez_mortgage":"1","houzez_sublisting":"0","houzez_tabs_schedule":"0","property_blocks_luxuryhomes":{"enabled":{"placebo":"placebo","description":"Description & Details","features":"Features","address":"Address","gallery":"Gallery","floor_plans":"Floor Plans","video":"Video","mortgage_calculator":"Mortgage Calculator","agent_form":"Agent Contact","review":"Reviews","similar_properties":"Similar Listings"},"disabled":{"placebo":"placebo","virtual_tour":"360\u00b0 Virtual Tour","energy_class":"Energy Class","yelp_nearby":"Nearby","unit":"Multi Unit \/ Sub Listings","walkscore":"Walkscore","schedule_tour":"Schedule Tour","adsense_space_1":"Adsense Space 1","adsense_space_2":"Adsense Space 2","adsense_space_3":"Adsense Space 3","booking_calendar":"Availability Calendar"}},"show_id_head":"1","overview_data_composer":{"enabled":{"placebo":"placebo","type":"Property Type","bedrooms":"Bedrooms","bathrooms":"Bathrooms","garage":"Garage","area-size":"Area Size","year-built":"Year Built"},"disabled":{"placebo":"placebo","rooms":"Rooms","land-area":"Land Area","property-id":"Property ID"}},"energy_class_data":"A+, A, B, C, D, E, F, G, H","energy_1_color":"#33a357","energy_2_color":"#79b752","energy_3_color":"#c3d545","energy_4_color":"#fff12c","energy_5_color":"#edb731","energy_6_color":"#d66f2c","energy_7_color":"#cc232a","energy_8_color":"#cc232a","energy_9_color":"#cc232a","energy_10_color":"#cc232a","print_property_button":"1","detail_featured_label":"1","detail_status":"1","detail_label":"1","prop_detail_favorite":"1","prop_detail_share":"1","documents_download":"1","hide_detail_prop_fields":{"prop_id":"","prop_type":"","prop_status":"","prop_label":"","sale_rent_price":"","bedrooms":"","rooms":"","bathrooms":"","area_size":"","land_area":"","garages":"","year_built":"","updated_date":"","additional_details":"","address":"","country":"","city":"","state":"","area":"","zip":""},"adsense_space_1":"","adsense_space_2":"","adsense_space_3":"","houzez_walkscore":"1","houzez_walkscore_api":"","houzez_yelp":"1","houzez_yelp_api_key":"","houzez_yelp_term":["education","health","realestate"],"houzez_yelp_limit":"3","houzez_yelp_dist_unit":"miles","schedule_time_slots":"10:00 am, 10:15 pm, 10:30 pm, 12:00 pm, 12:15 pm, 12:30 pm, 12:45 pm, 01:00 pm, 01:15 pm, 01:30 pm, 01:45 pm, 02:00 pm, 05:00 pm","icon_prop_id":{"url":"https:\/\/demo19.houzez.co\/wp-content\/uploads\/2020\/02\/06.png","id":"15925","height":"50","width":"50","thumbnail":"https:\/\/demo19.houzez.co\/wp-content\/uploads\/2020\/02\/06.png"},"icon_bedrooms":{"url":"https:\/\/demo19.houzez.co\/wp-content\/uploads\/2020\/02\/04.png","id":"15923","height":"50","width":"50","thumbnail":"https:\/\/demo19.houzez.co\/wp-content\/uploads\/2020\/02\/04.png"},"icon_rooms":{"url":"","id":"","height":"","width":"","thumbnail":""},"icon_bathrooms":{"url":"https:\/\/demo19.houzez.co\/wp-content\/uploads\/2020\/02\/01.png","id":"15920","height":"50","width":"50","thumbnail":"https:\/\/demo19.houzez.co\/wp-content\/uploads\/2020\/02\/01.png"},"icon_prop_size":{"url":"https:\/\/demo19.houzez.co\/wp-content\/uploads\/2020\/02\/07.png","id":"15926","height":"50","width":"50","thumbnail":"https:\/\/demo19.houzez.co\/wp-content\/uploads\/2020\/02\/07.png"},"icon_prop_land":{"url":"https:\/\/demo19.houzez.co\/wp-content\/uploads\/2020\/02\/08.png","id":"15927","height":"50","width":"50","thumbnail":"https:\/\/demo19.houzez.co\/wp-content\/uploads\/2020\/02\/08.png"},"icon_garage_size":{"url":"https:\/\/demo19.houzez.co\/wp-content\/uploads\/2020\/02\/03.png","id":"15922","height":"50","width":"50","thumbnail":"https:\/\/demo19.houzez.co\/wp-content\/uploads\/2020\/02\/03.png"},"icon_garage":{"url":"https:\/\/demo19.houzez.co\/wp-content\/uploads\/2020\/02\/05.png","id":"15924","height":"50","width":"50","thumbnail":"https:\/\/demo19.houzez.co\/wp-content\/uploads\/2020\/02\/05.png"},"icon_year":{"url":"https:\/\/demo19.houzez.co\/wp-content\/uploads\/2020\/02\/02.png","id":"15921","height":"50","width":"50","thumbnail":"https:\/\/demo19.houzez.co\/wp-content\/uploads\/2020\/02\/02.png"},"mcal_down_payment":"15","mcal_terms":"12","mcal_interest_rate":"3.5","mcal_prop_tax_enable":"1","mcal_prop_tax":"3000","mcal_hi_enable":"1","mcal_hi":"1000","mcal_pmi_enable":"1","mcal_pmi":"1000","houzez_similer_properties":"1","houzez_similer_properties_type":["property_type"],"similar_order":"d_date","houzez_similer_properties_view":"grid-view-v1","houzez_similer_properties_count":"4","property_reviews":"1","property_reviews_approved_by_admin":"0","update_review_approved":"0","num_of_review":"5","single_prop_breadcrumb":"property_type","enable_next_prev_prop":"0","enable_disclaimer":"1","property_disclaimer":"","print_page_logo":{"url":"https:\/\/demo01.houzez.co\/wp-content\/themes\/houzez\/img\/logo-houzez-color.png","id":"","height":"","width":"","thumbnail":""},"print_agent":"1","print_description":"1","print_details":"1","print_features":"1","print_energy_class":"1","print_floorplans":"1","print_gallery":"1","print_gr_code":"1","submit_form_type":"mstep","listings_admin_approved":"yes","edit_listings_admin_approved":"yes","enable_multi_agents":"0","range-bedsroomsbaths":"0","ams_type":"0","ams_status":"0","ams_label":"0","location_dropdowns":"no","area_prefix_default":"SqFt","area_prefix_changeable":"1","auto_property_id":"0","property_id_pattern":"{ID}","property_id_prefix":"HZ","max_prop_images":"50","image_max_file_size":"3000kb","max_prop_attachments":"3","attachment_max_file_size":"3000kb","property_form_sections":{"enabled":{"placebo":"placebo","description-price":"Description & Price","media":"Property Media","details":"Property Details","features":"Property Features","location":"Property Location","virtual_tour":"360\u00b0 Virtual Tour","floorplans":"Floor Plans","multi-units":"Multi Units \/ Sub Properties","agent_info":"Agent Information","private_note":"Private Notes"},"disabled":{"placebo":"placebo","attachments":"Attachments","energy_class":"Energy Class"}},"adp_details_fields":{"enabled":{"placebo":"placebo","beds":"Bedrooms","baths":"Bathrooms","area-size":"Area Size","area-size-unit":"Area Size Unit","land-area":"Land Area","land-area-unit":"Land Area Unit","garage":"Garage","garage-size":"Garage Size","property-id":"Property ID","year":"Year Built"},"disabled":{"placebo":"placebo","rooms":"Rooms"}},"hide_add_prop_fields":{"prop_type":"","prop_status":"","prop_label":"","sale_rent_price":"","second_price":"","price_postfix":"","price_prefix":"","video_url":"","neighborhood":"","city":"","postal_code":"","state":"","country":"","map":"","map_address":"","additional_details":""},"enable_title_limit":"0","property_title_limit":"","required_fields":{"title":"1","prop_type":"","prop_status":"","prop_labels":"","sale_rent_price":"1","prop_second_price":"","price_label":"","prop_id":"","bedrooms":"","rooms":"","bathrooms":"","area_size":"1","land_area":"","garages":"","year_built":"","energy_class":"","property_map_address":"1","country":"","state":"","city":"","area":""},"main-search-enable":"0","search_style":"style_1","search_width":"container","search_position":"under_nav","search_pages":"only_innerpages","single_prop_search":"0","is_tax_page":"1","single_agent_search":"0","search_top_row_fields":"3","search_builder":{"enabled":{"placebo":"placebo","keyword":"Keyword","status":"Status","type":"Type","city":"Cities","bedrooms":"Bedrooms","min-area":"Min. Area","max-area":"Max. Area","min-price":"Min. Price","max-price":"Max. Price","property-id":"Property ID"},"disabled":{"placebo":"placebo","state":"States","areas":"Areas","label":"Label","bathrooms":"Bathrooms","price":"Price (Only Search v.3)","country":"Countries","geolocation":"Geolocation","rooms":"Rooms","min-land-area":"Min. Land Area","max-land-area":"Max. Land Area","garage":"Garage","year-built":"Year Built"}},"enable_radius_search":"0","price_range":"1","price_range_mobile":"1","search_other_features":"1","search_other_features_mobile":"1","header-search-visible":"0","main-search-sticky":"1","mobile-search-sticky":"0","enable_advanced_search_over_headers":"1","adv_search_which_header_show":{"header_map":"","header_video":"","header_image":"1","header_rs":"","header_ps":""},"adv_search_over_header_pages":"specific_pages","keep_adv_search_live":"1","dock_search_top_row_fields":"5","dock_search_builder":{"enabled":{"placebo":"placebo","keyword":"Keyword","city":"Cities","status":"Status","type":"Type","bedrooms":"Bedrooms","bathrooms":"Bathrooms","min-area":"Min. Area","max-area":"Max. Area","min-price":"Min. Price","max-price":"Max. Price","property-id":"Property ID"},"disabled":{"placebo":"placebo","label":"Label","country":"Countries","areas":"Areas","state":"States","geolocation":"Geolocation","rooms":"Rooms","min-land-area":"Min. Land Area","max-land-area":"Max. Land Area","garage":"Garage","year-built":"Year Built"}},"dock_radius_search":"0","dock_price_range":"1","dock_search_other_features":"1","enable_halfmap_search":"1","halfmap_search_layout":"v4","search_top_row_fields_halfmap":"3","search_builder_halfmap":{"enabled":{"placebo":"placebo","keyword":"Keyword","city":"Cities","status":"Status","type":"Type","bedrooms":"Bedrooms","bathrooms":"Bathrooms","min-area":"Min. Area","max-area":"Max. Area","min-price":"Min. Price","max-price":"Max. Price","property-id":"Property ID"},"disabled":{"placebo":"placebo","geolocation":"Geolocation","areas":"Areas","price":"Price (Only Search v.3)","country":"Countries","label":"Label","state":"States","rooms":"Rooms","min-land-area":"Min. Land Area","max-land-area":"Max. Land Area","garage":"Garage","year-built":"Year Built"}},"enable_radius_search_halfmap":"0","price_range_halfmap":"1","search_other_features_halfmap":"1","halfmap-search-visible":"0","splash_v1_dropdown":"property_city","banner_search_tabs":"0","tabs_limit":"2","banner_radius_search":"0","keyword_field":"prop_title","keyword_autocomplete":"1","beds_baths_search":"equal","state_city_area_dropdowns":"0","price_field_type":"select","ms_type":"1","ms_status":"1","ms_label":"1","ms_area":"1","houzez_default_radius":"50","radius_unit":"km","features_limit":"-1","enable_disable_save_search":"1","save_search_duration":"daily","min_price":"1000,5000,10000,50000,100000,200000,300000,400000,500000,600000,700000,800000,900000,1000000,1500000,2000000,2500000,5000000","max_price":"5000,10000,50000,100000,200000,300000,400000,500000,600000,700000,800000,900000,1000000,1500000,2000000,2500000,5000000,10000000","search_rent_status":"","min_price_rent":"500,1000,2000,3000,4000,5000,7500,10000,15000,20000,25000,30000,40000,50000,75000,100000","max_price_rent":"1000,2000,3000,4000,5000,7500,10000,15000,20000,25000,30000,40000,50000,75000,100000,150000","advanced_search_widget_min_price":"200","advanced_search_widget_max_price":"2500000","search_rent_status_for_price_range":"","advanced_search_min_price_range_for_rent":"50","advanced_search_max_price_range_for_rent":"25000","adv_beds_list":"1,2,3,4,5,6,7,8,9,10","adv_rooms_list":"1,2,3,4,5,6,7,8,9,10","adv_baths_list":"1,2,3,4,5,6,7,8,9,10","search_result_page":"half_map","search_result_layout":"right-sidebar","search_result_posts_layout":"grid-view-v1","search_default_order":"featured_first","search_num_posts":"16","houzez_map_system":"google","googlemap_api_key":"","mapbox_api_key":"","houzez_map_type":"roadmap","markerPricePins":"no","short_prices_pins":"0","marker_spiderfier":"0","map_default_lat":"25.686540","map_default_long":"-80.431345","geo_country_limit":"0","geocomplete_country":"","map_cluster_enable":"1","map_cluster":{"url":"https:\/\/demo01.houzez.co\/wp-content\/themes\/houzez\/img\/map\/cluster-icon.png","id":"","height":"","width":"","thumbnail":""},"googlemap_zoom_cluster":"12","detail_map_pin_type":"marker","single_mapzoom":"14","googlemap_stype":"[{\r\n\t\t\t\t\"elementType\": \"labels.text\",\r\n\t\t\t\t\"stylers\": [\r\n\t\t\t\t{\r\n\t\t\t\t\t\"weight\": 5\r\n\t\t\t\t}\r\n\t\t\t\t]\r\n\t\t\t},\r\n\t\t\t{\r\n\t\t\t\t\"featureType\": \"landscape\",\r\n\t\t\t\t\"elementType\": \"geometry.fill\",\r\n\t\t\t\t\"stylers\": [\r\n\t\t\t\t{\r\n\t\t\t\t\t\"color\": \"#f5f7ff\"\r\n\t\t\t\t}\r\n\t\t\t\t]\r\n\t\t\t},\r\n\t\t\t{\r\n\t\t\t\t\"featureType\": \"road\",\r\n\t\t\t\t\"stylers\": [\r\n\t\t\t\t{\r\n\t\t\t\t\t\"visibility\": \"off\"\r\n\t\t\t\t}\r\n\t\t\t\t]\r\n\t\t\t},\r\n\t\t\t{\r\n\t\t\t\t\"featureType\": \"water\",\r\n\t\t\t\t\"elementType\": \"geometry.fill\",\r\n\t\t\t\t\"stylers\": [\r\n\t\t\t\t{\r\n\t\t\t\t\t\"color\": \"#84dcff\"\r\n\t\t\t\t}\r\n\t\t\t\t]\r\n\t\t\t}]","halfmap_posts_layout":"grid-view-v6","template_sidebar_pos":"","disable_compare":"1","disable_favorite":"1","disable_preview":"1","disable_address":"1","disable_agent":"1","disable_date":"1","disable_detail_btn":"1","disable_type":"1","disable_status":"1","disable_label":"1","listing_data_composer":{"enabled":{"placebo":"placebo","bed":"Bedrooms","bath":"Bathrooms","garage":"Garage","area-size":"Area Size"},"disabled":{"placebo":"placebo","land-area":"Land Area","room":"Rooms","property-id":"Property ID"}},"listing_address_composer":{"enabled":{"placebo":"placebo","city":"City"},"disabled":{"placebo":"placebo","address":"Address","country":"Country","state":"State","area":"Area","streat-address":"Streat Address"}},"icons_type":"houzez-default","bed":{"url":"","id":"","height":"","width":"","thumbnail":""},"fa_bed":"","room":{"url":"","id":"","height":"","width":"","thumbnail":""},"fa_room":"","bath":{"url":"","id":"","height":"","width":"","thumbnail":""},"fa_bath":"","garage":{"url":"","id":"","height":"","width":"","thumbnail":""},"fa_garage":"","area-size":{"url":"","id":"","height":"","width":"","thumbnail":""},"fa_area-size":"","land-area":{"url":"","id":"","height":"","width":"","thumbnail":""},"fa_land-area":"","year-built":{"url":"","id":"","height":"","width":"","thumbnail":""},"fa_year-built":"","property-id":{"url":"","id":"","height":"","width":"","thumbnail":""},"fa_property-id":"","v1_4_meta_type":"icons","v2_meta_type":"icons","preview_meta_type":"icons_text","preview_data_composer":{"enabled":{"placebo":"placebo","bed":"Bedrooms","bath":"Bathrooms","garage":"Garage","area-size":"Area Size","land-area":"Land Area","year-built":"Year Built"},"disabled":{"placebo":"placebo","property-id":"Property ID","room":"Rooms"}},"houzez_placeholder":{"url":"","id":"","height":"","width":"","thumbnail":""},"taxonomy_layout":"right-sidebar","taxonomy_content_position":"above","taxonomy_posts_layout":"grid-view-v1","taxonomy_default_order":"featured_first","taxonomy_num_posts":"10","form_type":"custom_form","terms_condition":"745","contact_form_agent_above_image":"","contact_form_agent_bottom":"","schedule_tour_shortcode":"","contact_form_agent_detail":"","contact_form_agency_detail":"","agent_form_above_image":"1","agent_form_sidebar":"1","agent_form_gallery":"1","agent_form_agent_page":"1","agency_form_agency_page":"1","agent_view_listing":"1","agent_phone_num":"1","agent_mobile_num":"1","agent_whatsapp_num":"1","agent_direct_messages":"0","agent_skype_con":"1","agent_con_social":"1","hide_prop_contact_form_fields":{"name":"","phone":"","message":"","usertype":""},"hide_agency_agent_contact_form_fields":{"name":"","phone":"","message":"","usertype":""},"gdpr_and_terms_checkbox":"1","agent_form_redirect":"","houzez_webhook_url":"","webhook_property_agent_contact":"0","webhook_agent_contact":"0","webhook_agency_contact":"0","add_new_property":"0","enable_reCaptcha":"0","recaptha_type":"v3","recaptha_site_key":"","recaptha_secret_key":"","enable_paid_submission":"no","houzez_disable_recurring":"0","houzez_auto_recurring":"1","per_listing_expire_unlimited":"0","per_listing_expire":"30","currency_paid_submission":"USD","price_listing_submission":"5","price_featured_listing_submission":"10","paypal_api":"sandbox","payment_terms_condition":"745","thankyou_title":"Thank you for your business with us","thankyou_des":"Lorem ipsum dolor sit amet, consectetur adipiscing elit. Integer in augue rhoncus, congue neque eu, consequat quam. Maecenas in cursus dui, sed tempor est. Duis varius nibh in lorem venenatis, in tincidunt nunc scelerisque.","houzez_payment_gateways":"houzez_custom_gw","enable_paypal":"0","paypal_client_id":"","paypal_client_secret_key":"","paypal_receiving_email":"","enable_stripe":"0","stripe_secret_key":"","stripe_publishable_key":"","enable_wireTransfer":"1","direct_payment_instruction":"Please send payment to\u00a0<strong>Houzez Inc<\/strong>. &lt;br\/&gt;\r\n\r\nBank Account -\u00a0<strong>BWA7849843FAVE007<\/strong>\u00a0\u00a0&lt;br\/&gt;\r\n\r\nPlease include the invoice number in payment details Thank you for your business with us! &lt;br\/&gt;","thankyou_wire_title":"Thank you. Your order has been received","thankyou_wire_des":"Make your payment directly into our bank account. Please use your Order ID as payment reference.\r\n\r\nPlease send payment to\u00a0<strong>Houzez Inc<\/strong>.\r\n\r\nBank Account -\u00a0<strong>BWA7849843FAVE007<\/strong>","num_of_agents":"9","agent_tabs":"1","agent_detail_tab_1":"","agent_detail_tab_2":"","agent_listings_layout":"grid-view-v1","num_of_agent_listings":"10","agent_listings_order":"featured_first","agent_mobile":"1","agent_phone":"1","agent_fax":"1","agent_email":"1","agent_website":"1","agent_social":"1","agent_stats":"1","agent_review":"1","agent_listings":"1","agent_bio":"1","agent_sidebar":"1","num_of_agencies":"9","agency_tabs":"1","agency_detail_tab_1":"","agency_detail_tab_2":"","agency_listings_layout":"grid-view-v1","num_of_agency_listings":"10","agency_listings_order":"featured_first","agency_address":"1","agency_mobile":"1","agency_phone":"1","agency_fax":"1","agency_email":"1","agency_website":"1","agency_social":"1","agency_stats":"1","agency_review":"1","agency_agents":"1","agency_listings":"1","agency_bio":"1","agency_sidebar":"1","invoice_logo":{"url":"https:\/\/demo01.houzez.co\/wp-content\/themes\/houzez\/img\/\/logo-houzez-white.png","id":"","height":"","width":"","thumbnail":""},"invoice_company_name":"Company Name","invoice_address":"1161 Washingtown Avenue 299<br> Miami Beach 33141 FL","invoice_phone":"(987)654 3210","invoice_additional_info":"The lorem ipsum text is typically a scrambled section of De finibus bonorum et malorum, a 1st-century BC Latin text by Cicero, with words altered, added, and removed to make it nonsensical, improper Latin.[citation needed]","invoice_thankyou":"Thank you for your business with us.","masorny_num_posts":"12","blog_featured_image":"1","blog_date":"1","blog_author":"1","blog_tags":"1","blog_author_box":"1","blog_next_prev":"1","blog_related_posts":"1","enable_html_emails":"1","enable_email_header":"1","email_head_logo":{"url":"https:\/\/demo19.houzez.co\/wp-content\/uploads\/2016\/03\/logo-houzez-white.png","id":"1227","height":"24","width":"127","thumbnail":"https:\/\/demo19.houzez.co\/wp-content\/uploads\/2016\/03\/logo-houzez-white.png"},"email_head_bg_color":"#00335a","enable_email_footer":"1","email_foot_bg_color":"#FFFFFF","email_footer_content":"<p style=\"margin: 0 0 10px;\">Copyright \u00a9 2018 Favethemes, All rights reserved.<\/p>\r\n<p style=\"margin: 0 0 10px;\">Please do not reply to this email. You are receiving this email because you are subscribed to <a style=\"color: #00aeef; text-decoration: none;\" href=\"http:\/\/houzez.co\">Houzez.co<\/a><\/p>\r\n<p style=\"margin: 0 0 10px;\">Our mailing address is:<\/p>\r\n<p style=\"margin: 0 0 10px;\">Favethemes\r\n1680 Michigan Ave\r\nMiami Beach, FL 33139-2538<\/p>","social_1_icon":{"url":"","id":"","height":"","width":"","thumbnail":""},"social_1_link":"","social_2_icon":{"url":"","id":"","height":"","width":"","thumbnail":""},"social_2_link":"","social_3_icon":{"url":"","id":"","height":"","width":"","thumbnail":""},"social_3_link":"","social_4_icon":{"url":"","id":"","height":"","width":"","thumbnail":""},"social_4_link":"","houzez_subject_property_agent_contact":"New message sent by %sender_name using agent contact form at %website_name","houzez_property_agent_contact":"You have received new message from: %sender_name\r\nProperty Title : %property_title\r\nProperty URL : %property_link\r\nProperty ID : %property_id\r\nPhone Number : %sender_phone\r\nUser Type : %user_type\r\nAdditional message is\r\n%sender_message\r\nYou can contact %sender_name via email %sender_email","houzez_subject_property_schedule_tour":"New message sent by %sender_name using schedule contact form at %website_name","houzez_property_schedule_tour":"You have received new message from: %sender_name\r\nProperty Title : %property_title\r\nProperty URL : %property_link\r\nDate &amp; Time : %schedule_date at %schedule_time\r\nPhone Number : %sender_phone\r\nAdditional message is\r\n%sender_message\r\nYou can contact %sender_name via email %sender_email","houzez_subject_new_user_register":"Your username and password on %website_url","houzez_new_user_register":"Hi there,\r\nWelcome to %website_url! You can login now using the below credentials:\r\nUsername:%user_login_register\r\nPassword: %user_pass_register\r\nIf you have any problems, please contact us.\r\nThank you!","houzez_subject_admin_new_user_register":"New User Registration","houzez_admin_new_user_register":"New user registration on %website_url.\r\nUsername: %user_login_register,\r\nE-mail: %user_email_register","houzez_subject_purchase_activated_pack":"Your purchase was activated","houzez_purchase_activated_pack":"Hi there,\r\nWelcome to %website_url and thank you for purchasing a plan with us. We are excited you have chosen %website_name . %website_name is a great place to advertise and search properties.\r\n\r\nYou plan on %website_url activated! You can now list your properties according to you plan.","houzez_subject_purchase_activated":"Your purchase was activated","houzez_purchase_activated":"Hi there,\r\nYour purchase on %website_url is activated! You should go and check it out.","houzez_subject_listing_approved":"Your listing approved","houzez_listing_approved":"Hi there,\r\nYour listing on %website_url has been approved.\r\n\r\nListins Title:%listing_title\r\nListing Url: %listing_url","houzez_subject_listing_expired":"Your listing expired","houzez_listing_expired":"Hi there,\r\nYour listing on %website_url has been expired.\r\n\r\nListins Title:%listing_title\r\nListing Url: %listing_url","houzez_subject_new_wire_transfer":"You ordered a new Wire Transfer","houzez_new_wire_transfer":"We received your Wire Transfer payment request on %website_url !\r\nPlease follow the instructions below in order to start submitting properties as soon as possible.\r\nThe invoice number is: %invoice_no, Amount: %total_price.\r\nInstructions: %payment_details.","houzez_subject_admin_new_wire_transfer":"Somebody ordered a new Wire Transfer","houzez_admin_new_wire_transfer":"We received your Wire Transfer payment request on %website_url !\r\nPlease follow the instructions below in order to start submitting properties as soon as possible.\r\nThe invoice number is: %invoice_no, Amount: %total_price.\r\nInstructions: %payment_details.","houzez_subject_paid_submission_listing":"Your new listing on %website_url","houzez_paid_submission_listing":"Hi there,\r\nYou have submitted new listing on %website_url!\r\nListing Title: %listing_title\r\nListing ID: %listing_id\r\nThe invoice number is: %invoice_no","houzez_subject_admin_paid_submission_listing":"New paid submission on %website_url","houzez_admin_paid_submission_listing":"Hi there,\r\nYou have a new paid submission on %website_url!\r\nListing Title: %listing_title\r\nListing ID: %listing_id\r\nThe invoice number is: %invoice_no","houzez_subject_featured_submission_listing":"New featured upgrade on %website_url","houzez_featured_submission_listing":"Hi there,\r\nYou have a new featured submission on %website_url!\r\nListing Title: %listing_title\r\nListing ID: %listing_id\r\nThe invoice number is: %invoice_no","houzez_subject_admin_featured_submission_listing":"New featured submission on %website_url","houzez_admin_featured_submission_listing":"Hi there,\r\nYou have a new featured submission on %website_url!\r\nListing Title: %listing_title\r\nListing ID: %listing_id\r\nThe invoice number is: %invoice_no","houzez_subject_free_submission_listing":"Your new listing on %website_url","houzez_free_submission_listing":"Hi there,&lt;br&gt;\r\nYou have submitted new listing on %website_url!&lt;br&gt;\r\nListing Title: %listing_title&lt;br&gt;\r\nListing ID: %listing_id","houzez_subject_admin_free_submission_listing":"New submission on %website_url","houzez_admin_free_submission_listing":"Hi there,\r\nYou have a new submission on %website_url!\r\nListing Title: %listing_title\r\nListing ID: %listing_id","houzez_subject_free_listing_expired":"Free Listing expired on %website_url","houzez_free_listing_expired":"Hi there,\r\nOne of your free listings on %website_url has \"expired\". The listing is %expired_listing_url.\r\nThank you!","houzez_subject_admin_expired_listings":"Expired Listing sent for approval on %website_url","houzez_admin_expired_listings":"Hi there,\r\nA user has re-submited a new property on %website_url! You should go and check it out.\r\nThis is the property title: %submission_title.","houzez_subject_matching_submissions":"Matching Submissions on %website_url","houzez_matching_submissions":"<div class=\"title\">\r\n<h1 style=\"font-size: 20px; line-height: 30px; margin: 0 0 10px;\">New Suggested Properties<\/h1>\r\n<p style=\"margin: 0 0 30px; color: #777777;\">We have found %listing_count new properties that match your saved searches.<\/p>\r\n\r\n<\/div>\r\n%matching_submissions","houzez_subject_recurring_payment":"Recurring Payment on %website_url","houzez_recurring_payment":"Hi there,\r\nWe charged your account on %merchant for a subscription on %website_url ! You should go and check it out.","houzez_subject_membership_cancelled":"Membership Cancelled on %website_url","houzez_membership_cancelled":"Hi there,\r\nYour subscription on %website_url was cancelled because it expired or the recurring payment from the merchant was not processed. All your listings are no longer visible for our visitors but remain in your account.\r\nThank you.","banner_slider_autoplay":"1","banner_slider_loop":"1","banner_slider_autoplayspeed":"4000","404-title":"Oh oh! Page not found.","404-des":"We're sorry, but the page you are looking for doesn't exist. You can search your topic using the box below or return to the homepage.","footer_cols":"three_cols","ft-bottom":"v2","footer_logo":{"url":"https:\/\/demo19.houzez.co\/wp-content\/uploads\/2020\/02\/logo-houzez-color.png","id":"2801","height":"24","width":"127","thumbnail":"https:\/\/demo19.houzez.co\/wp-content\/uploads\/2020\/02\/logo-houzez-color.png"},"copy_rights":"Houzez - All rights reserved","social-footer":"1","fs-facebook":"#","fs-twitter":"#","fs-googleplus":"#","fs-linkedin":"#","fs-instagram":"#","fs-pinterest":"#","fs-yelp":"#","fs-behance":"","fs-youtube":"#","js_all_in_one":"0","css_all_in_one":"0","minify_js":"0","minify_css":"0","remove_scripts_version":"0","preload_pages":"0","lazyload_images":"0","disable_emoji":"0","jpeg_100":"0","add-prop-gdpr-enabled":"1","add-prop-gdpr-label":"I consent to having this website to store my submitted infomation, read more infomation below","add-prop-gdpr-agreement-content":"Lorem ipsum dolor sit amet, consectetur adipiscing elit. Sed risus lacus, sollicitudin at finibus at, pretium id dui. Nunc erat felis, pharetra id feugiat et, faucibus a justo. Donec eu condimentum nisi. Integer facilisis luctus massa, sit amet commodo nulla vehicula ac. Fusce vehicula nibh magna, in efficitur elit euismod eget. Quisque egestas consectetur diam, eu facilisis justo vestibulum a. Aenean facilisis volutpat orci. Mauris in pellentesque nulla. Maecenas justo felis, vestibulum non cursus sit amet, blandit et velit.\r\n\r\nVivamus a commodo urna. In hac habitasse platea dictumst. Ut tincidunt est sed accumsan aliquet. Sed fringilla volutpat bibendum. Nunc fermentum massa vitae iaculis pulvinar. Integer hendrerit auctor risus et luctus. Donec convallis luctus ultrices. Maecenas scelerisque sed purus ac hendrerit. Nulla vel facilisis magna.\r\n\r\nSuspendisse hendrerit enim in tellus pharetra cursus. Pellentesque habitant morbi tristique senectus et netus et malesuada fames ac turpis egestas. Integer sed laoreet nisl. Nullam feugiat ut enim id tempor. Nunc euismod nec dui at suscipit. Duis sit amet cursus nibh. Mauris tincidunt ante quis augue accumsan, quis porttitor ipsum bibendum. Vivamus congue arcu sit amet arcu imperdiet, a laoreet ligula auctor. Aliquam ultrices porttitor malesuada.\r\n\r\nMauris erat quam, condimentum quis lacinia sed, suscipit in nisi. Etiam eleifend tristique pellentesque. Duis a odio neque. Quisque mollis velit enim, in mollis arcu blandit vel. Praesent accumsan nisi odio, vitae semper neque faucibus in. Class aptent taciti sociosqu ad litora torquent per conubia nostra, per inceptos himenaeos. Aliquam pellentesque neque sem. Donec vehicula, lacus vitae gravida tempus, lorem felis faucibus est, sed dapibus velit tortor nec velit.\r\n\r\nAliquam convallis id metus eu venenatis. Morbi nec augue turpis. Suspendisse tincidunt massa vitae malesuada mollis. Donec suscipit feugiat porttitor. Sed pharetra auctor enim. Cras faucibus in metus eu ultrices. Mauris vitae vehicula sapien.","custom_css":".testimonial-thumb img {\r\n    width: 70px;\r\n    height: 70px;\r\n}","custom_js_header":"","custom_js_footer":"","houzez_base_currency":"USD","redux-backup":1}