{"default-sidebar":{"archives-2":{"title":"","count":0,"dropdown":0},"categories-2":{"title":"","count":0,"hierarchical":0,"dropdown":0},"meta-2":{"title":""}},"property-listing":{"houzez_featured_properties-1":{"title":"Featured Listings","items_num":"5","widget_type":"slider"},"houzez_property_taxonomies-1":{"title":"Property Type","taxonomy":"property_type","tax_count":"no","tax_child":"yes"},"houzez_property_taxonomies-2":{"title":"Cities","taxonomy":"property_city","tax_count":"no","tax_child":"yes"}},"search-sidebar":{"houzez_property_taxonomies-3":{"title":"Popular Cities","taxonomy":"property_city","tax_count":"yes","tax_child":"yes"},"houzez_featured_properties-2":{"title":"Featured","items_num":"5","widget_type":"slider"}},"page-sidebar":{"houzez_featured_properties-3":{"title":"Featured","items_num":"5","widget_type":"slider"},"houzez_property_taxonomies-4":{"title":"Discover","taxonomy":"property_type","tax_count":"no","tax_child":"yes"},"houzez_latest_posts-1":{"title":"Latest Posts","items_num":"5","category":""}},"agency-sidebar":{"houzez_agency_search-1":{"title":"Find Agency"},"houzez_featured_properties-4":{"title":"Featured","items_num":"5","widget_type":"slider"}},"agent-sidebar":{"houzez_agent_search-1":{"title":"Find Agent"},"houzez_properties_viewed-1":{"title":"Recent Viewed ","items_num":"3"}}}