{"version":"0.4","title":"Contact Page","type":"page","content":[{"id":"7fa50731","settings":{"content_width":{"unit":"px","size":1300,"sizes":[]},"content_position":"bottom","structure":"30","background_background":"classic","padding":{"unit":"px","top":"0","right":"0","bottom":"50","left":"0","isLinked":false},"__globals__":{"background_color":"globals\/colors?id=5ec2ea58"}},"elements":[{"id":"4502229d","settings":{"_column_size":33,"_inline_size":50},"elements":[{"id":"572d6ae9","settings":{"width":{"unit":"px","size":100,"sizes":[]},"look":"line","text":"Divider","weight":{"unit":"px","size":3,"sizes":[]},"gap":{"unit":"px","size":40,"sizes":[]},"__globals__":{"color":"globals\/colors?id=primary"}},"elements":[],"isInner":false,"widgetType":"divider","elType":"widget"},{"id":"2f69107d","settings":{"title":"Contact us","typography_typography":"custom","typography_font_size":{"unit":"px","size":40,"sizes":[]},"typography_font_weight":"700","typography_line_height":{"unit":"em","size":1.1,"sizes":[]},"_margin":{"unit":"px","top":"0","right":"0","bottom":"12","left":"0","isLinked":false},"typography_letter_spacing":{"unit":"px","size":-1,"sizes":[]}},"elements":[],"isInner":false,"widgetType":"heading","elType":"widget"},{"id":"6cdc3e76","settings":{"editor":"<p>Design your custom contact forms with this Houzez Elementor custom widget and connect your leads with the integrated Houzez CRM.<\/p>","typography_typography":"custom","typography_font_size":{"unit":"px","size":18,"sizes":[]},"typography_line_height":{"unit":"em","size":1.7,"sizes":[]},"text_columns":"1","column_gap":{"unit":"px","size":100,"sizes":[]},"typography_font_weight":"500","__globals__":{"text_color":"globals\/colors?id=text"}},"elements":[],"isInner":false,"widgetType":"text-editor","elType":"widget"},{"id":"2c8d6722","settings":{"form_name":"New Form","form_fields":[{"_id":"name","field_type":"first_name","field_label":"First Name","placeholder":"Enter your name","width":"50","required":"true"},{"field_type":"last_name","field_label":"Last Name","placeholder":"Enter your last name","width":"50","required":"true","_id":"bf18955"},{"_id":"email","field_type":"email","required":"true","field_label":"Email","placeholder":"Email"},{"_id":"message","field_type":"message","field_label":"Message","placeholder":"Message","required":"true"}],"button_text":"Submit","email_to":"hello@favethemes.com","email_subject":"New message from &quot;Houzez 01&quot;","_background_background":"classic","_background_color":"#FFFFFF","mark_required":"yes","column_gap":{"unit":"px","size":20,"sizes":[]},"label_typography_typography":"custom","label_typography_font_weight":"500","con_google_recaptcha":"yes","gdpr_agreement":"yes","gdpr_label":"GDPR Agreement","gdpr_text":"I consent to having this website store my submitted information","gdpr_required":"true"},"elements":[],"isInner":false,"widgetType":"houzez_elementor_contact_form","elType":"widget"}],"isInner":false,"elType":"column"},{"id":"6f8d5306","settings":{"_column_size":33,"_inline_size":8.923},"elements":[],"isInner":false,"elType":"column"},{"id":"6d86767d","settings":{"_column_size":33,"_inline_size":40.726},"elements":[{"id":"27712ed7","settings":{"editor":"<p class=\"padding-top\"><strong>For inquiries<\/strong><strong>\u00a0contact:<\/strong><\/p><p><strong>Amy Miller<\/strong><br \/>Public Relations Manager<br \/>774 NE 84th St Miami, FL 33879<br \/>amy.miller@houzez.com<\/p><p><strong>Kyle Parker<\/strong><br \/>Public Relations Associated<br \/>774 NE 84th St Miami, FL 33879<br \/>kyle.parker@houzez.com<\/p>","text_columns":"1","column_gap":{"unit":"px","size":100,"sizes":[]},"typography_typography":"custom","typography_font_size":{"unit":"px","size":18,"sizes":[]},"typography_font_weight":"500","typography_line_height":{"unit":"em","size":1.7,"sizes":[]},"__globals__":{"text_color":"globals\/colors?id=text"}},"elements":[],"isInner":false,"widgetType":"text-editor","elType":"widget"},{"id":"3ab5deec","settings":{"editor":"<p class=\"padding-top\"><strong>Corporate Headquarters<\/strong><br \/>1584\u00a0Biscayne\u00a0Boulevard<br \/>Miami FL, 33176<\/p>","text_columns":"1","column_gap":{"unit":"px","size":100,"sizes":[]},"typography_typography":"custom","typography_font_size":{"unit":"px","size":18,"sizes":[]},"typography_font_weight":"500","typography_line_height":{"unit":"em","size":1.7,"sizes":[]},"__globals__":{"text_color":"globals\/colors?id=text"}},"elements":[],"isInner":false,"widgetType":"text-editor","elType":"widget"},{"id":"752979b0","settings":{"social_icon_list":[{"social_icon":{"value":"fab fa-facebook","library":"fa-brands"},"_id":"4d4e750","link":{"url":"#","is_external":"true","nofollow":"","custom_attributes":""}},{"social_icon":{"value":"fab fa-twitter","library":"fa-brands"},"_id":"a2d8d9c","link":{"url":"#","is_external":"true","nofollow":"","custom_attributes":""}},{"social_icon":{"value":"fab fa-youtube","library":"fa-brands"},"_id":"4483b35","link":{"url":"#","is_external":"true","nofollow":"","custom_attributes":""}},{"social_icon":{"value":"fab fa-linkedin","library":"fa-brands"},"link":{"url":"#","is_external":"true","nofollow":"","custom_attributes":""},"_id":"4cd5d30"},{"social_icon":{"value":"fab fa-instagram","library":"fa-brands"},"link":{"url":"#","is_external":"true","nofollow":"","custom_attributes":""},"_id":"9e48d2c"},{"social_icon":{"value":"fab fa-skype","library":"fa-brands"},"link":{"url":"#","is_external":"true","nofollow":"","custom_attributes":""},"_id":"a996753"}],"align":"left","icon_primary_color":"#000000","icon_size":{"unit":"px","size":20,"sizes":[]},"icon_spacing":{"unit":"px","size":4,"sizes":[]},"hover_animation":"shrink","_margin":{"unit":"px","top":"0","right":"0","bottom":"0","left":"0","isLinked":true}},"elements":[],"isInner":false,"widgetType":"social-icons","elType":"widget"}],"isInner":false,"elType":"column"}],"isInner":false,"elType":"section"}]}