{"version":"0.4","title":"Homepage","type":"page","content":[{"id":"79359e9f","settings":{"stretch_section":"section-stretched","custom_height":{"unit":"px","size":700,"sizes":[]},"background_background":"classic","background_repeat":"no-repeat","background_overlay_color":"#FFFFFF","background_overlay_opacity":{"unit":"px","size":1,"sizes":[]},"content_width":{"unit":"px","size":1300,"sizes":[]},"__globals__":{"background_color":""},"background_xpos":{"unit":"em","size":72.4,"sizes":[]},"background_ypos":{"unit":"px","size":-24,"sizes":[]},"background_bg_width":{"unit":"%","size":30,"sizes":[]},"height":"min-height","background_image":{"url":"https:\/\/demo17.houzez.co\/wp-content\/uploads\/2020\/08\/Combined-Shape.png","id":17611},"background_position":"center right","background_size":"initial","background_overlay_color_stop":{"unit":"%","size":64,"sizes":[]},"background_overlay_color_b":"#F2295B70","background_overlay_color_b_stop":{"unit":"%","size":54,"sizes":[]},"background_overlay_gradient_angle":{"unit":"deg","size":90,"sizes":[]},"background_color":"#FFFFFF","background_position_mobile":"center right","background_size_mobile":"cover"},"elements":[{"id":"25c21865","settings":{"_column_size":100,"_inline_size":null},"elements":[{"id":"6fafdf6d","settings":{"structure":"30","layout":"full_width","content_position":"middle"},"elements":[{"id":"5d3fca5c","settings":{"_column_size":33,"_inline_size":62.031},"elements":[{"id":"61aa5927","settings":{"title":"The largest real estate hub for home owners, buyers and agents","typography_typography":"custom","typography_font_size":{"unit":"px","size":50,"sizes":[]},"typography_font_weight":"700","typography_line_height":{"unit":"em","size":1.3,"sizes":[]},"_margin":{"unit":"px","top":"0","right":"0","bottom":"12","left":"0","isLinked":false},"typography_letter_spacing":{"unit":"px","size":-1,"sizes":[]},"typography_font_size_mobile":{"unit":"px","size":40,"sizes":[]}},"elements":[],"isInner":false,"widgetType":"heading","elType":"widget"},{"id":"5cdaa780","settings":{"editor":"<p>Lorem ipsum dolor sit amet, consectetur adipiscing elium elementum. <strong><a href=\"#\">Create a listing<\/a><\/strong><\/p>","typography_typography":"custom","typography_font_size":{"unit":"px","size":18,"sizes":[]},"typography_font_weight":"500","typography_line_height":{"unit":"em","size":1.7,"sizes":[]},"__globals__":{"text_color":"globals\/colors?id=text"}},"elements":[],"isInner":false,"widgetType":"text-editor","elType":"widget"},{"id":"34f6052","settings":{"form_fields":[{"_id":"8658609","field_type":"keyword","field_label":"Search","placeholder":"Enter a keyword","price_from_text":"From","price_to_text":"To","width":"75","selected_count_text":"items selected"},{"_id":"field-search-btn","field_type":"search-button","field_label":"Search Button","placeholder":"Search","width":"25","price_from_text":"From","price_to_text":"To","selected_count_text":"items selected"}],"input_size":"md","button_size":"md","show_tabs":"yes","status_data":["for-rent","for-sale","new-listing"],"tabs_all_text":"All","form_background_color":"#FFFFFF","form_padding":{"unit":"px","top":"10","right":"5","bottom":"0","left":"5","isLinked":false},"form_radius":{"unit":"px","top":"40","right":"40","bottom":"40","left":"40","isLinked":true},"box_shadow_box_shadow_type":"yes","box_shadow_box_shadow":{"horizontal":0,"vertical":3,"blur":8,"spread":0,"color":"rgba(0, 0, 0, 0.1)"},"field_typography_typography":"custom","field_border_color":"#FFF","field_border_radius":{"unit":"px","top":"40","right":"40","bottom":"40","left":"40","isLinked":true},"search_tabs_typography_typography":"custom","search_tabs_typography_font_family":"Nunito","search_tabs_typography_font_weight":"700","search_tabs_color":"#1E2D41","search_tabs_active_color":"#FFFFFF","search_tabs_bg_color":"#00AEFF00","search_active_tabs_bg_color":"#409FFF","tabs_padding":{"unit":"px","top":"10","right":"20","bottom":"10","left":"20","isLinked":false},"tabs_margin":{"unit":"px","top":"0","right":"0","bottom":"15","left":"0","isLinked":false},"tabs_radius":{"unit":"px","top":"4","right":"4","bottom":"4","left":"4","isLinked":true},"button_background_color":"#409FFF","button_typography_typography":"custom","button_typography_font_family":"Nunito","button_typography_font_size":{"unit":"px","size":18,"sizes":[]},"button_typography_font_weight":"600","button_border_radius":{"unit":"px","top":"30","right":"30","bottom":"30","left":"30","isLinked":true},"__globals__":{"search_tabs_color":"","search_tabs_active_color":"","search_active_tabs_bg_color":"","form_background_color":"","field_border_color":"globals\/colors?id=5ec2ea58","button_background_color":"","_background_color":"globals\/colors?id=8336bd7"},"houzez_search_tabs_align":"","_border_radius":{"unit":"px","top":"40","right":"40","bottom":"40","left":"40","isLinked":true},"tabs_padding_mobile":{"unit":"px","top":"5","right":"10","bottom":"5","left":"10","isLinked":false}},"elements":[],"isInner":false,"widgetType":"houzez_elementor_search_builder","elType":"widget"}],"isInner":true,"elType":"column"},{"id":"4610d826","settings":{"_column_size":33,"_inline_size":7.267},"elements":[],"isInner":true,"elType":"column"},{"id":"13c1c5bf","settings":{"_column_size":33,"_inline_size":30},"elements":[{"id":"66b8bece","settings":{"space":{"unit":"px","size":30,"sizes":[]}},"elements":[],"isInner":false,"widgetType":"spacer","elType":"widget"},{"id":"7ac93992","settings":{"slides_to_show":"1","slide_auto":"true","auto_speed":"5000","navigation":"false","property_type":[],"property_status":[],"property_label":[],"property_city":[],"property_ids":"294, 395, 376","posts_limit":3,"hide_label":"none","slide_dots":"true"},"elements":[],"isInner":false,"widgetType":"houzez_elementor_properties_carousel_v6","elType":"widget"}],"isInner":true,"elType":"column"}],"isInner":true,"elType":"section"}],"isInner":false,"elType":"column"}],"isInner":false,"elType":"section"},{"id":"53c3cbdf","settings":{"content_width":{"unit":"px","size":1300,"sizes":[]},"background_background":"classic","__globals__":{"background_color":"globals\/colors?id=5ec2ea58"}},"elements":[{"id":"247c587b","settings":{"_column_size":100,"_inline_size":null},"elements":[{"id":"64a1c706","settings":{"layout":"full_width","gap":"no","structure":"22"},"elements":[{"id":"475a822e","settings":{"_column_size":66,"_inline_size":null},"elements":[{"id":"73e8910a","settings":{"width":{"unit":"px","size":100,"sizes":[]},"look":"line","text":"Divider","weight":{"unit":"px","size":3,"sizes":[]},"gap":{"unit":"px","size":40,"sizes":[]},"__globals__":{"color":"globals\/colors?id=primary"}},"elements":[],"isInner":false,"widgetType":"divider","elType":"widget"},{"id":"2d2eb36e","settings":{"title":"Discover new properties","typography_typography":"custom","typography_font_size":{"unit":"px","size":40,"sizes":[]},"typography_font_weight":"700","typography_line_height":{"unit":"em","size":1.1,"sizes":[]},"_margin":{"unit":"px","top":"0","right":"0","bottom":"12","left":"0","isLinked":false},"typography_letter_spacing":{"unit":"px","size":-1,"sizes":[]}},"elements":[],"isInner":false,"widgetType":"heading","elType":"widget"}],"isInner":true,"elType":"column"},{"id":"594b6d86","settings":{"_column_size":33,"_inline_size":null},"elements":[],"isInner":true,"elType":"column"}],"isInner":true,"elType":"section"},{"id":"7833fdae","settings":{"auto_speed":"3000","slide_dots":"true","sort_by":"d_date"},"elements":[],"isInner":false,"widgetType":"houzez_elementor_properties_carousel_v6","elType":"widget"},{"id":"6f6d2bd3","settings":[],"elements":[],"isInner":false,"widgetType":"spacer","elType":"widget"}],"isInner":false,"elType":"column"}],"isInner":false,"elType":"section"},{"id":"7cf4fea8","settings":{"background_background":"classic","__globals__":{"background_color":"globals\/colors?id=5ec2ea58"}},"elements":[{"id":"71cf1e2f","settings":{"_column_size":100,"_inline_size":null},"elements":[{"id":"62bcd23f","settings":{"layout":"full_width","gap":"no"},"elements":[{"id":"70484029","settings":{"_column_size":100,"_inline_size":null},"elements":[{"id":"29b737bc","settings":{"title":"We listen from people <br>and help our community<br>to move forward ","typography_typography":"custom","typography_font_size":{"unit":"px","size":50,"sizes":[]},"typography_font_weight":"700","typography_line_height":{"unit":"em","size":1.1,"sizes":[]},"_margin":{"unit":"px","top":"0","right":"0","bottom":"12","left":"0","isLinked":false},"typography_letter_spacing":{"unit":"px","size":-1,"sizes":[]},"align":"center","typography_font_size_mobile":{"unit":"px","size":40,"sizes":[]}},"elements":[],"isInner":false,"widgetType":"heading","elType":"widget"},{"id":"20cc49de","settings":[],"elements":[],"isInner":false,"widgetType":"spacer","elType":"widget"}],"isInner":true,"elType":"column"}],"isInner":true,"elType":"section"},{"id":"1e122486","settings":{"layout":"full_width","gap":"wide","structure":"30"},"elements":[{"id":"26b04a68","settings":{"_column_size":33,"_inline_size":null},"elements":[{"id":"3cb1d376","settings":{"icon_space":{"unit":"px","size":5,"sizes":[]}},"elements":[],"isInner":false,"widgetType":"star-rating","elType":"widget"},{"id":"5aa6f0a6","settings":{"editor":"<p>Lorem ipsum dolor sit amet, consectetur adipiscing elit. Nulla vitae arcu tellus. Sed luctus.<\/p>","typography_typography":"custom","typography_font_size":{"unit":"px","size":18,"sizes":[]},"typography_font_weight":"500","typography_line_height":{"unit":"em","size":1.7,"sizes":[]},"__globals__":{"text_color":"globals\/colors?id=text"}},"elements":[],"isInner":false,"widgetType":"text-editor","elType":"widget"}],"isInner":true,"elType":"column"},{"id":"16a562cf","settings":{"_column_size":33,"_inline_size":null},"elements":[{"id":"3545b83c","settings":{"icon_space":{"unit":"px","size":5,"sizes":[]}},"elements":[],"isInner":false,"widgetType":"star-rating","elType":"widget"},{"id":"454d3c81","settings":{"editor":"<p>Lorem ipsum dolor sit amet, consectetur adipiscing elit. Nulla vitae arcu tellus. Sed luctus, ligula.<\/p>","typography_typography":"custom","typography_font_size":{"unit":"px","size":18,"sizes":[]},"typography_font_weight":"500","typography_line_height":{"unit":"em","size":1.7,"sizes":[]},"__globals__":{"text_color":"globals\/colors?id=text"}},"elements":[],"isInner":false,"widgetType":"text-editor","elType":"widget"}],"isInner":true,"elType":"column"},{"id":"659483e5","settings":{"_column_size":33,"_inline_size":null},"elements":[{"id":"46538e6","settings":{"icon_space":{"unit":"px","size":5,"sizes":[]}},"elements":[],"isInner":false,"widgetType":"star-rating","elType":"widget"},{"id":"516f4282","settings":{"editor":"<p>Lorem ipsum dolor sit amet, consectetur adipiscing elit. Nulla vitae arcu tellus. Sed luctus, ligula eu finibus.<\/p>","typography_typography":"custom","typography_font_size":{"unit":"px","size":18,"sizes":[]},"typography_font_weight":"500","typography_line_height":{"unit":"em","size":1.7,"sizes":[]},"__globals__":{"text_color":"globals\/colors?id=text"}},"elements":[],"isInner":false,"widgetType":"text-editor","elType":"widget"}],"isInner":true,"elType":"column"}],"isInner":true,"elType":"section"},{"id":"4270f296","settings":[],"elements":[],"isInner":false,"widgetType":"spacer","elType":"widget"}],"isInner":false,"elType":"column"}],"isInner":false,"elType":"section"},{"id":"6fd556d5","settings":{"content_width":{"unit":"px","size":1300,"sizes":[]},"background_background":"classic","__globals__":{"background_color":"globals\/colors?id=5ec2ea58"}},"elements":[{"id":"5c65a41","settings":{"_column_size":100,"_inline_size":null},"elements":[{"id":"4b6d23a8","settings":{"layout":"full_width","gap":"no","height_inner":"min-height","background_background":"classic","background_image":{"url":"https:\/\/demo17.houzez.co\/wp-content\/uploads\/2020\/02\/slider1.jpg","id":16757},"background_position":"center left","background_overlay_background":"classic","background_overlay_color":"#000","background_overlay_opacity":{"unit":"px","size":0.2,"sizes":[]},"border_radius":{"unit":"px","top":"10","right":"10","bottom":"0","left":"0","isLinked":false},"__globals__":{"background_overlay_color":""}},"elements":[{"id":"7bb4ba5b","settings":{"_column_size":100,"_inline_size":null,"content_position":"center"},"elements":[{"id":"238e35a4","settings":{"title":"Join us today","typography_typography":"custom","typography_font_size":{"unit":"px","size":50,"sizes":[]},"typography_font_weight":"600","typography_line_height":{"unit":"em","size":1.1,"sizes":[]},"typography_letter_spacing":{"unit":"px","size":-1,"sizes":[]},"align":"center","__globals__":{"title_color":"globals\/colors?id=5ec2ea58"},"typography_font_size_mobile":{"unit":"px","size":40,"sizes":[]}},"elements":[],"isInner":false,"widgetType":"heading","elType":"widget"},{"id":"9b18a18","settings":{"editor":"<p>Lorem ipsum dolor sit amet, consectetur adipiscing elit. Ut elit tellus, luctus nec <br \/>ullamcorper mattis, pulvinar dapibus leo.<\/p>","typography_typography":"custom","typography_font_size":{"unit":"px","size":20,"sizes":[]},"typography_font_weight":"100","typography_line_height":{"unit":"em","size":1.5,"sizes":[]},"align":"center","__globals__":{"text_color":"globals\/colors?id=5ec2ea58"},"typography_font_size_mobile":{"unit":"px","size":18,"sizes":[]}},"elements":[],"isInner":false,"widgetType":"text-editor","elType":"widget"}],"isInner":true,"elType":"column"}],"isInner":true,"elType":"section"},{"id":"75fbae82","settings":{"layout":"full_width","structure":"30","background_background":"classic","padding":{"unit":"px","top":"40","right":"40","bottom":"40","left":"40","isLinked":true},"__globals__":{"background_color":"globals\/colors?id=8336bd7"}},"elements":[{"id":"1f4d8754","settings":{"_column_size":33,"_inline_size":null},"elements":[{"id":"7f2803a9","settings":{"selected_icon":{"value":{"url":"https:\/\/wordpress-432351-1450815.cloudwaysapps.com\/wp-content\/uploads\/2020\/08\/streamline-icon-real-estate-action-building-upload@64x64-1.svg","id":17593},"library":"svg"},"title_text":"Submit your ad","description_text":"Lorem ipsum dolor sit amet, consectetur adipiscing elit. Ut elit tellus, luctus nec ullamcorper mattis, pulvinar leo.","link":{"url":"#","is_external":"","nofollow":"","custom_attributes":""},"primary_color":"#409FFF","icon_space":{"unit":"px","size":20,"sizes":[]},"icon_size":{"unit":"px","size":64,"sizes":[]},"text_align":"left","title_bottom_space":{"unit":"px","size":20,"sizes":[]},"title_typography_typography":"custom","title_typography_font_size":{"unit":"px","size":20,"sizes":[]},"description_typography_typography":"custom","description_typography_font_size":{"unit":"px","size":18,"sizes":[]},"description_typography_line_height":{"unit":"em","size":1.8,"sizes":[]},"__globals__":{"primary_color":"","title_color":"","description_color":"globals\/colors?id=text"}},"elements":[],"isInner":false,"widgetType":"icon-box","elType":"widget"}],"isInner":true,"elType":"column"},{"id":"5a88e1a3","settings":{"_column_size":33,"_inline_size":null},"elements":[{"id":"2de8ebb7","settings":{"selected_icon":{"value":{"url":"https:\/\/wordpress-432351-1450815.cloudwaysapps.com\/wp-content\/uploads\/2020\/08\/streamline-icon-real-estate-deal-shake-building@64x64.svg","id":17594},"library":"svg"},"title_text":"Get your listing approved","description_text":"Lorem ipsum dolor sit amet, consectetur adipiscing elit. Ut elit tellus, luctus nec ullamcorper mattis, pulvinar dapibus.","link":{"url":"#","is_external":"","nofollow":"","custom_attributes":""},"primary_color":"#409FFF","icon_space":{"unit":"px","size":20,"sizes":[]},"icon_size":{"unit":"px","size":64,"sizes":[]},"text_align":"left","title_bottom_space":{"unit":"px","size":20,"sizes":[]},"title_typography_typography":"custom","title_typography_font_size":{"unit":"px","size":20,"sizes":[]},"description_typography_typography":"custom","description_typography_font_size":{"unit":"px","size":18,"sizes":[]},"description_typography_line_height":{"unit":"em","size":1.8,"sizes":[]},"__globals__":{"primary_color":"","title_color":"","description_color":"globals\/colors?id=text"}},"elements":[],"isInner":false,"widgetType":"icon-box","elType":"widget"}],"isInner":true,"elType":"column"},{"id":"2493b83d","settings":{"_column_size":33,"_inline_size":null},"elements":[{"id":"1ed29648","settings":{"selected_icon":{"value":{"url":"https:\/\/wordpress-432351-1450815.cloudwaysapps.com\/wp-content\/uploads\/2020\/08\/streamline-icon-real-estate-message-chat-building@64x64.svg","id":17595},"library":"svg"},"title_text":"Start receiving proposals","description_text":"Lorem ipsum dolor sit amet, consectetur adipiscing elit. Ut elit tellus, luctus nec ullamcorper mattis, pulvinar.","link":{"url":"#","is_external":"","nofollow":"","custom_attributes":""},"primary_color":"#409FFF","icon_space":{"unit":"px","size":20,"sizes":[]},"icon_size":{"unit":"px","size":64,"sizes":[]},"text_align":"left","title_bottom_space":{"unit":"px","size":20,"sizes":[]},"title_typography_typography":"custom","title_typography_font_size":{"unit":"px","size":20,"sizes":[]},"description_typography_typography":"custom","description_typography_font_size":{"unit":"px","size":18,"sizes":[]},"description_typography_line_height":{"unit":"em","size":1.8,"sizes":[]},"__globals__":{"primary_color":"","title_color":"","description_color":"globals\/colors?id=text"}},"elements":[],"isInner":false,"widgetType":"icon-box","elType":"widget"}],"isInner":true,"elType":"column"}],"isInner":true,"elType":"section"},{"id":"6ed1edcb","settings":{"layout":"full_width","background_background":"classic","__globals__":{"background_color":"globals\/colors?id=8336bd7"}},"elements":[{"id":"4aa0731","settings":{"_column_size":100,"_inline_size":null},"elements":[{"id":"23715192","settings":{"text":"Create a listing","align":"center","size":"lg","typography_typography":"custom","typography_font_size":{"unit":"px","size":18,"sizes":[]},"typography_font_weight":"400","__globals__":{"background_color":""},"border_radius":{"unit":"px","top":"40","right":"40","bottom":"40","left":"40","isLinked":true},"button_box_shadow_box_shadow_type":"yes","button_box_shadow_box_shadow":{"horizontal":0,"vertical":8,"blur":8,"spread":0,"color":"rgba(0, 0, 0, 0.1)"},"background_color":"#409FFF"},"elements":[],"isInner":false,"widgetType":"button","elType":"widget"},{"id":"5b949ac4","settings":{"space":{"unit":"px","size":40,"sizes":[]}},"elements":[],"isInner":false,"widgetType":"spacer","elType":"widget"}],"isInner":true,"elType":"column"}],"isInner":true,"elType":"section"},{"id":"6c821ba3","settings":{"space":{"unit":"px","size":30,"sizes":[]}},"elements":[],"isInner":false,"widgetType":"spacer","elType":"widget"}],"isInner":false,"elType":"column"}],"isInner":false,"elType":"section"},{"id":"3583ddb9","settings":{"content_width":{"unit":"px","size":1300,"sizes":[]},"background_background":"classic","__globals__":{"background_color":"globals\/colors?id=5ec2ea58"}},"elements":[{"id":"49b90313","settings":{"_column_size":100,"_inline_size":null},"elements":[{"id":"5779c46a","settings":{"layout":"full_width","gap":"no","structure":"22"},"elements":[{"id":"e30901d","settings":{"_column_size":66,"_inline_size":null,"space_between_widgets":0},"elements":[{"id":"4cad9679","settings":{"width":{"unit":"px","size":100,"sizes":[]},"look":"line","text":"Divider","weight":{"unit":"px","size":3,"sizes":[]},"gap":{"unit":"px","size":40,"sizes":[]},"__globals__":{"color":"globals\/colors?id=primary"}},"elements":[],"isInner":false,"widgetType":"divider","elType":"widget"},{"id":"449de201","settings":{"title":"Find real estate agents in your area","typography_typography":"custom","typography_font_size":{"unit":"px","size":40,"sizes":[]},"typography_font_weight":"700","typography_line_height":{"unit":"em","size":1.1,"sizes":[]},"_margin":{"unit":"px","top":"0","right":"0","bottom":"12","left":"0","isLinked":false},"typography_letter_spacing":{"unit":"px","size":-1,"sizes":[]}},"elements":[],"isInner":false,"widgetType":"heading","elType":"widget"},{"id":"8f97c35","settings":{"editor":"<p>Lorem ipsum dolor sit amet, consectetur elium <strong><a href=\"https:\/\/demo17.houzez.co\/agents-2\/\">Find an agent<\/a><\/strong><\/p>","typography_typography":"custom","typography_font_size":{"unit":"px","size":18,"sizes":[]},"typography_font_weight":"500","typography_line_height":{"unit":"em","size":1.7,"sizes":[]},"__globals__":{"text_color":"globals\/colors?id=text"}},"elements":[],"isInner":false,"widgetType":"text-editor","elType":"widget"},{"id":"206b4840","settings":[],"elements":[],"isInner":false,"widgetType":"spacer","elType":"widget"}],"isInner":true,"elType":"column"},{"id":"7a3a7c71","settings":{"_column_size":33,"_inline_size":null},"elements":[],"isInner":true,"elType":"column"}],"isInner":true,"elType":"section"},{"id":"159b69bf","settings":{"columns":"4","posts_limit":"4"},"elements":[],"isInner":false,"widgetType":"houzez_elementor_agents","elType":"widget"},{"id":"71f5872","settings":[],"elements":[],"isInner":false,"widgetType":"spacer","elType":"widget"}],"isInner":false,"elType":"column"}],"isInner":false,"elType":"section"},{"id":"5041b238","settings":{"content_width":{"unit":"px","size":1300,"sizes":[]},"background_background":"classic","__globals__":{"background_color":"globals\/colors?id=5ec2ea58"}},"elements":[{"id":"681f825c","settings":{"_column_size":100,"_inline_size":null},"elements":[{"id":"79fa7a9c","settings":{"layout":"full_width","gap":"no","structure":"22"},"elements":[{"id":"4ed75f3f","settings":{"_column_size":66,"_inline_size":null,"space_between_widgets":0},"elements":[{"id":"16c2712a","settings":{"width":{"unit":"px","size":100,"sizes":[]},"look":"line","text":"Divider","weight":{"unit":"px","size":3,"sizes":[]},"gap":{"unit":"px","size":40,"sizes":[]},"__globals__":{"color":"globals\/colors?id=primary"}},"elements":[],"isInner":false,"widgetType":"divider","elType":"widget"},{"id":"2c41c40f","settings":{"title":"Read successful stories","typography_typography":"custom","typography_font_size":{"unit":"px","size":40,"sizes":[]},"typography_font_weight":"700","typography_line_height":{"unit":"em","size":1.1,"sizes":[]},"_margin":{"unit":"px","top":"0","right":"0","bottom":"12","left":"0","isLinked":false},"typography_letter_spacing":{"unit":"px","size":-1,"sizes":[]}},"elements":[],"isInner":false,"widgetType":"heading","elType":"widget"},{"id":"5281e49f","settings":{"editor":"<p>Lorem ipsum dolor sit amet, consectetur elementum. <strong><a href=\"https:\/\/demo17.houzez.co\/blog\/\">Read our blog<\/a><\/strong><\/p>","typography_typography":"custom","typography_font_size":{"unit":"px","size":18,"sizes":[]},"typography_font_weight":"500","typography_line_height":{"unit":"em","size":1.7,"sizes":[]},"__globals__":{"text_color":"globals\/colors?id=text"}},"elements":[],"isInner":false,"widgetType":"text-editor","elType":"widget"},{"id":"7b890127","settings":[],"elements":[],"isInner":false,"widgetType":"spacer","elType":"widget"}],"isInner":true,"elType":"column"},{"id":"600d5371","settings":{"_column_size":33,"_inline_size":null},"elements":[],"isInner":true,"elType":"column"}],"isInner":true,"elType":"section"},{"id":"5052e9f1","settings":{"grid_style":"style_2","posts_limit":"4","show_author":""},"elements":[],"isInner":false,"widgetType":"houzez_elementor_blog_posts","elType":"widget"},{"id":"5a44d085","settings":[],"elements":[],"isInner":false,"widgetType":"spacer","elType":"widget"}],"isInner":false,"elType":"column"}],"isInner":false,"elType":"section"},{"id":"1510bc3","settings":{"content_width":{"unit":"px","size":930,"sizes":[]},"background_background":"classic","__globals__":{"background_color":"globals\/colors?id=5ec2ea58"}},"elements":[{"id":"14f3a8f0","settings":{"_column_size":100,"_inline_size":null},"elements":[{"id":"637df7aa","settings":{"layout":"full_width","gap":"no"},"elements":[{"id":"68059981","settings":{"_column_size":100,"_inline_size":null},"elements":[{"id":"1b53888f","settings":{"width":{"unit":"px","size":100,"sizes":[]},"look":"line","text":"Divider","weight":{"unit":"px","size":3,"sizes":[]},"gap":{"unit":"px","size":40,"sizes":[]},"__globals__":{"color":"globals\/colors?id=primary"},"align":"center"},"elements":[],"isInner":false,"widgetType":"divider","elType":"widget"},{"id":"32c8f827","settings":{"title":"Frequently asked questions","typography_typography":"custom","typography_font_size":{"unit":"px","size":40,"sizes":[]},"typography_font_weight":"700","typography_line_height":{"unit":"em","size":1.1,"sizes":[]},"_margin":{"unit":"px","top":"0","right":"0","bottom":"12","left":"0","isLinked":false},"typography_letter_spacing":{"unit":"px","size":-1,"sizes":[]},"align":"center"},"elements":[],"isInner":false,"widgetType":"heading","elType":"widget"},{"id":"193451b9","settings":[],"elements":[],"isInner":false,"widgetType":"spacer","elType":"widget"}],"isInner":true,"elType":"column"}],"isInner":true,"elType":"section"},{"id":"2f6e2ada","settings":{"tabs":[{"tab_title":"Lorem ipsum dolor sit amet?","tab_content":"<p>Lorem ipsum dolor sit amet, consectetur adipiscing elit. Ut elit tellus, luctus nec ullamcorper mattis, pulvinar dapibus leo.<\/p>","_id":"06bf475"},{"tab_title":"Aenean elit sem, feugiat dapibus tincidunt sapien?","tab_content":"Lorem ipsum dolor sit amet, consectetur adipiscing elit. Ut elit tellus, luctus nec ullamcorper mattis, pulvinar dapibus leo.","_id":"41943b9"},{"tab_title":"Nunc maximus faucibus elit in dictum?","tab_content":"Lorem ipsum dolor sit amet, consectetur adipiscing elit. Ut elit tellus, luctus nec ullamcorper mattis, pulvinar dapibus leo.","_id":"1e23ed4"},{"tab_title":"Donec commodo dui id fringilla consectetur?","tab_content":"Lorem ipsum dolor sit amet, consectetur adipiscing elit. Ut elit tellus, luctus nec ullamcorper mattis, pulvinar dapibus leo.","_id":"9a6c71b"},{"tab_title":"Aenean quam libero, pretium?","tab_content":"Lorem ipsum dolor sit amet, consectetur adipiscing elit. Ut elit tellus, luctus nec ullamcorper mattis, pulvinar dapibus leo.","_id":"78012a8"}],"selected_icon":{"value":"fas fa-plus","library":"fa-solid"},"selected_active_icon":{"value":"fas fa-minus","library":"fa-solid"},"border_width":{"unit":"px","size":1,"sizes":[]},"title_typography_typography":"custom","title_typography_font_size":{"unit":"px","size":18,"sizes":[]},"title_typography_font_weight":"600","title_padding":{"unit":"px","top":"40","right":"20","bottom":"40","left":"20","isLinked":false},"content_typography_typography":"custom","content_typography_font_size":{"unit":"px","size":18,"sizes":[]},"content_typography_font_weight":"300","content_typography_line_height":{"unit":"em","size":1.8,"sizes":[]},"__globals__":{"content_color":"","border_color":"globals\/colors?id=ee27511","icon_active_color":"globals\/colors?id=text","icon_color":"globals\/colors?id=text"},"border_color":"#1E2D410F","content_color":"#92A3AA","icon_align":"right"},"elements":[],"isInner":false,"widgetType":"toggle","elType":"widget"},{"id":"6d98f630","settings":[],"elements":[],"isInner":false,"widgetType":"spacer","elType":"widget"}],"isInner":false,"elType":"column"}],"isInner":false,"elType":"section"},{"id":"2f86b9f6","settings":{"gap":"no","background_background":"classic","__globals__":{"background_color":"globals\/colors?id=8336bd7"},"content_width":{"unit":"px","size":900,"sizes":[]},"shape_divider_top":"arrow","shape_divider_top_height":{"unit":"px","size":35,"sizes":[]},"shape_divider_top_width":{"unit":"%","size":300,"sizes":[]},"shape_divider_top_flip":"yes"},"elements":[{"id":"1c498cbc","settings":{"_column_size":100,"_inline_size":null,"space_between_widgets":0},"elements":[{"id":"59b401f8","settings":{"space":{"unit":"px","size":100,"sizes":[]}},"elements":[],"isInner":false,"widgetType":"spacer","elType":"widget"},{"id":"3fe0e9f1","settings":{"title":"Create a listing","typography_typography":"custom","typography_font_size":{"unit":"px","size":40,"sizes":[]},"typography_font_weight":"700","typography_line_height":{"unit":"em","size":1.1,"sizes":[]},"_margin":{"unit":"px","top":"0","right":"0","bottom":"12","left":"0","isLinked":false},"typography_letter_spacing":{"unit":"px","size":-1,"sizes":[]},"align":"center"},"elements":[],"isInner":false,"widgetType":"heading","elType":"widget"},{"id":"3b10df21","settings":{"editor":"<p>Lorem ipsum dolor sit amet, consectetur adipiscing elium elementum. <strong><a href=\"#\">Create a listing<\/a><\/strong><\/p>","typography_typography":"custom","typography_font_size":{"unit":"px","size":18,"sizes":[]},"typography_font_weight":"500","typography_line_height":{"unit":"em","size":1.7,"sizes":[]},"__globals__":{"text_color":"globals\/colors?id=text"},"align":"center"},"elements":[],"isInner":false,"widgetType":"text-editor","elType":"widget"},{"id":"1cd97f51","settings":[],"elements":[],"isInner":false,"widgetType":"spacer","elType":"widget"},{"id":"19f03a7e","settings":{"gap":"no","structure":"30"},"elements":[{"id":"6a10affa","settings":{"_column_size":33,"_inline_size":null,"space_between_widgets":0},"elements":[{"id":"33dfba5","settings":{"package_id":"1241","package_currency":"$","package_btn_text":"Get Started"},"elements":[],"isInner":false,"widgetType":"houzez_elementor_price_table","elType":"widget"}],"isInner":true,"elType":"column"},{"id":"599350d3","settings":{"_column_size":33,"_inline_size":null},"elements":[{"id":"f4a3102","settings":{"package_id":"1240","package_currency":"$","package_btn_text":"Get Started"},"elements":[],"isInner":false,"widgetType":"houzez_elementor_price_table","elType":"widget"}],"isInner":true,"elType":"column"},{"id":"478ee08e","settings":{"_column_size":33,"_inline_size":null},"elements":[{"id":"52c9bd64","settings":{"package_id":"1239","package_currency":"$","package_btn_text":"Get Started"},"elements":[],"isInner":false,"widgetType":"houzez_elementor_price_table","elType":"widget"}],"isInner":true,"elType":"column"}],"isInner":true,"elType":"section"},{"id":"50b3760f","settings":{"space":{"unit":"px","size":100,"sizes":[]}},"elements":[],"isInner":false,"widgetType":"spacer","elType":"widget"}],"isInner":false,"elType":"column"}],"isInner":false,"elType":"section"}],"page_settings":{"background_color":"#FFFFFF"}}