{"default-sidebar":{"houzez_latest_posts-2":{"title":"Latest Posts","items_num":"5","category":""},"categories-2":{"title":"","count":0,"hierarchical":0,"dropdown":0},"houzez_contact-2":{"title":"Contact Us","about_text":"Lorem ipsum dolor sit amet, consectetur adipiscing elit. Duis mollis et sem sed sollicitudin. Donec non odio neque","phone":"(879) 987 2372","fax":"(390) 746 4578","email":"houzez@email.com","address":"989 East Dr. Miami, 33131 FL","more_url":""},"archives-2":{"title":"","count":0,"dropdown":0}},"search-sidebar":{"nav_menu-2":{"title":"Company","nav_menu":2}}}