{"version":"0.4","title":"Default Demo &#8211; Listing page with property type tabs","type":"page","content":[{"id":"627c05d7","settings":{"margin":{"unit":"px","top":"15","right":0,"bottom":"15","left":0,"isLinked":false}},"elements":[{"id":"59cfc372","settings":{"_column_size":100,"_inline_size":null},"elements":[{"id":"7344e269","settings":[],"elements":[],"isInner":false,"widgetType":"houzez_elementor_page_title","elType":"widget"}],"isInner":false,"elType":"column"}],"isInner":false,"elType":"section"},{"id":"3a83a96e","settings":{"structure":"22","margin":{"unit":"px","top":"0","right":0,"bottom":"-21","left":0,"isLinked":false}},"elements":[{"id":"360b976e","settings":{"_column_size":33,"_inline_size":78.571},"elements":[{"id":"2ef50a10","settings":{"type_data":["apartment","studio","villa"],"status_data":["for-rent","for-sale"],"_margin":{"unit":"px","top":"0","right":"0","bottom":"2","left":"0","isLinked":false},"tabs_field":"property_type"},"elements":[],"isInner":false,"widgetType":"houzez_elementor_listings_tabs","elType":"widget"}],"isInner":false,"elType":"column"},{"id":"7ca835bb","settings":{"_column_size":66,"_inline_size":21.056},"elements":[{"id":"3ea4fb83","settings":{"sortby_title":"Sort By:"},"elements":[],"isInner":false,"widgetType":"houzez_elementor_sort_by","elType":"widget"}],"isInner":false,"elType":"column"}],"isInner":false,"elType":"section"},{"id":"4040e781","settings":[],"elements":[{"id":"36f2a697","settings":{"_column_size":100,"_inline_size":null},"elements":[{"id":"3b7fc93b","settings":{"pagination_type":"number","hide_button":"none","hide_author_date":"none"},"elements":[],"isInner":false,"widgetType":"houzez_elementor_property-card-v1","elType":"widget"}],"isInner":false,"elType":"column"}],"isInner":false,"elType":"section"}]}