{"version":"0.4","title":"Default Demo &#8211; About us","type":"page","content":[{"id":"94a0139","settings":{"height":"min-height","custom_height":{"unit":"px","size":200,"sizes":[]},"background_background":"classic","background_image":{"id":16257,"url":"https:\/\/default.houzez.co\/wp-content\/uploads\/2020\/03\/023.jpg"},"background_attachment":"scroll","background_repeat":"no-repeat","background_size":"cover","background_overlay_background":"classic","background_overlay_color":"#004274","animation":"fadeIn","animation_duration":"slow","background_position":"center center"},"elements":[{"id":"419c81a8","settings":{"_column_size":100,"_inline_size":null},"elements":[{"id":"5ae39fb","settings":{"title":"About Us","header_size":"h1","title_color":"#FFFFFF","typography_typography":"custom","typography_font_size":{"unit":"px","size":30,"sizes":[]},"typography_font_weight":"300"},"elements":[],"isInner":false,"widgetType":"heading","elType":"widget"}],"isInner":false,"elType":"column"}],"isInner":false,"elType":"section"},{"id":"45995d1f","settings":{"background_background":"classic","background_color":"#FFFFFF"},"elements":[{"id":"2e14f3b9","settings":{"_column_size":100,"_inline_size":null,"background_color":"#FFFFFF","box_shadow_box_shadow":{"horizontal":0,"vertical":20,"blur":40,"spread":0,"color":"rgba(0, 0, 0, 0.1)"}},"elements":[{"id":"1d30bebf","settings":[],"elements":[],"isInner":false,"widgetType":"spacer","elType":"widget"},{"id":"4a22b901","settings":{"hz_section_title":"Your Vision Unrestricted\n","section_title_typography_typography":"custom","section_title_typography_font_size":{"unit":"px","size":25,"sizes":[]},"section_title_typography_font_weight":"300","section_subtitle_typography_typography":"custom","houzez_section_title_margin_bottom":{"unit":"px","size":10,"sizes":[]},"_animation":"fadeIn","animation_duration":"slow","houzez_section_title_color":"#000000","houzez_section_subtitle_color":"#7A7A7A","section_title_typography_font_size_mobile":{"unit":"px","size":25,"sizes":[]},"section_subtitle_typography_font_size_mobile":{"unit":"px","size":16,"sizes":[]},"houzez_section_title_align":"left"},"elements":[],"isInner":false,"widgetType":"houzez_elementor_section_title","elType":"widget"},{"id":"117bdd48","settings":{"editor":"<p><strong>Houzez is a premium WordPress theme for real estate agents and agencies<\/strong> where modern aesthetics are combined with a tasteful simplicity and where the ease of use is achieved without compromise in your ability to customize the design.<\/p><p>Whether you are a real estate agent looking to build a website for your company or a web developer seeking a perfect WordPress theme for your next project, you are certain to appreciate the numerous features and benefits that our theme provides.<\/p><p>Houzez is also a WordPress-based property management system which allows you to own and maintain a real estate marketplace, coordinate your agents, accept submissions and offer membership packages.<\/p><p>Unlike many other real estate themes which confine you to a handful of predefined layouts, <b>Houzez offers a limitless array of possibilities to structure and style your content.<\/b> All of the customization options are logically organized in your WordPress admin panel and thorough customization in the provided documentation.<\/p>","align":"left","text_color":"#54595F","typography_typography":"custom","typography_font_size":{"unit":"px","size":16,"sizes":[]},"typography_line_height":{"unit":"em","size":1.7,"sizes":[]},"text_columns":"2","column_gap":{"unit":"px","size":40,"sizes":[]}},"elements":[],"isInner":false,"widgetType":"text-editor","elType":"widget"},{"id":"62d40808","settings":[],"elements":[],"isInner":false,"widgetType":"spacer","elType":"widget"}],"isInner":false,"elType":"column"}],"isInner":false,"elType":"section"},{"id":"41e293a6","settings":[],"elements":[{"id":"7de37de4","settings":{"_column_size":100,"_inline_size":null},"elements":[{"id":"4782345f","settings":[],"elements":[],"isInner":false,"widgetType":"spacer","elType":"widget"},{"id":"2e4e0c73","settings":{"hz_section_title":"Meet our Team","section_title_typography_typography":"custom","section_title_typography_font_size":{"unit":"px","size":35,"sizes":[]},"section_title_typography_font_weight":"300","section_subtitle_typography_typography":"custom","houzez_section_title_margin_bottom":{"unit":"px","size":20,"sizes":[]},"_animation":"fadeIn","animation_duration":"slow","hz_section_subtitle":"Lorem ipsum dolor sit amet, consectetur adipisicing elit","houzez_section_title_color":"#000000","houzez_section_subtitle_color":"#7A7A7A","section_title_typography_font_size_mobile":{"unit":"px","size":25,"sizes":[]},"section_subtitle_typography_font_size_mobile":{"unit":"px","size":16,"sizes":[]},"houzez_section_title_align":"left"},"elements":[],"isInner":false,"widgetType":"houzez_elementor_section_title","elType":"widget"},{"id":"644d4480","settings":{"structure":"40"},"elements":[{"id":"74bc3a3d","settings":{"_column_size":25,"_inline_size":null},"elements":[{"id":"16ac4236","settings":{"team_image":{"id":16258,"url":"https:\/\/default.houzez.co\/wp-content\/uploads\/2020\/03\/Artboard-1team.jpg"},"team_name":"Kathleen Grant","team_position":"Funder","team_description":"Lorem ipsum dolor sit amet, consectetur adipiscing elit. In malesuada, odio sit amet pharetra vehicula, sapien leo egestas magna, vitae auctor diam magna cursus arcu.","team_social_facebook":"#","team_social_facebook_target":"_self","team_social_twitter":"#","team_social_linkedin":"#","team_social_pinterest":"#","team_social_googleplus":"#"},"elements":[],"isInner":false,"widgetType":"houzez_elementor_team_member","elType":"widget"}],"isInner":true,"elType":"column"},{"id":"32dc5ec3","settings":{"_column_size":25,"_inline_size":null},"elements":[{"id":"276e4e8a","settings":{"team_image":{"id":16259,"url":"https:\/\/default.houzez.co\/wp-content\/uploads\/2020\/03\/Artboard-4team.jpg"},"team_name":"Keith Bailey","team_position":"CEO","team_description":"Lorem ipsum dolor sit amet, consectetur adipiscing elit. In malesuada, odio sit amet pharetra vehicula, sapien leo egestas magna, vitae auctor diam magna cursus arcu.","team_social_facebook":"#","team_social_facebook_target":"_self","team_social_twitter":"#","team_social_linkedin":"#","team_social_pinterest":"#","team_social_googleplus":"#"},"elements":[],"isInner":false,"widgetType":"houzez_elementor_team_member","elType":"widget"}],"isInner":true,"elType":"column"},{"id":"484e0dec","settings":{"_column_size":25,"_inline_size":null},"elements":[{"id":"5ad4b487","settings":{"team_image":{"id":16260,"url":"https:\/\/default.houzez.co\/wp-content\/uploads\/2020\/03\/Artboard-2team.jpg"},"team_name":"Danielle Murray","team_position":"Manager","team_description":"Lorem ipsum dolor sit amet, consectetur adipiscing elit. In malesuada, odio sit amet pharetra vehicula, sapien leo egestas magna, vitae auctor diam magna cursus arcu.","team_social_facebook":"#","team_social_facebook_target":"_self","team_social_twitter":"#","team_social_linkedin":"#","team_social_pinterest":"#","team_social_googleplus":"#"},"elements":[],"isInner":false,"widgetType":"houzez_elementor_team_member","elType":"widget"}],"isInner":true,"elType":"column"},{"id":"5bc9e237","settings":{"_column_size":25,"_inline_size":null},"elements":[{"id":"5031e24f","settings":{"team_image":{"id":16261,"url":"https:\/\/default.houzez.co\/wp-content\/uploads\/2020\/03\/Artboard-3team.jpg"},"team_name":"Thomas Stevens","team_position":"Manager","team_description":"Lorem ipsum dolor sit amet, consectetur adipiscing elit. In malesuada, odio sit amet pharetra vehicula, sapien leo egestas magna, vitae auctor diam magna cursus arcu.","team_social_facebook":"#","team_social_facebook_target":"_self","team_social_twitter":"#","team_social_linkedin":"#","team_social_pinterest":"#","team_social_googleplus":"#"},"elements":[],"isInner":false,"widgetType":"houzez_elementor_team_member","elType":"widget"}],"isInner":true,"elType":"column"}],"isInner":true,"elType":"section"},{"id":"3a8d03aa","settings":[],"elements":[],"isInner":false,"widgetType":"spacer","elType":"widget"}],"isInner":false,"elType":"column"}],"isInner":false,"elType":"section"},{"id":"5584ca93","settings":{"background_background":"classic","background_color":"#FFFFFF"},"elements":[{"id":"5740d2b4","settings":{"_column_size":100,"_inline_size":null},"elements":[{"id":"7f2a2acc","settings":[],"elements":[],"isInner":false,"widgetType":"spacer","elType":"widget"},{"id":"43cba927","settings":{"hz_section_title":"Services","section_title_typography_typography":"custom","section_title_typography_font_size":{"unit":"px","size":35,"sizes":[]},"section_title_typography_font_weight":"300","section_subtitle_typography_typography":"custom","houzez_section_title_margin_bottom":{"unit":"px","size":20,"sizes":[]},"_animation":"fadeIn","animation_duration":"slow","hz_section_subtitle":"Lorem ipsum dolor sit amet, consectetur adipisicing elit","houzez_section_title_color":"#000000","houzez_section_subtitle_color":"#7A7A7A","section_title_typography_font_size_mobile":{"unit":"px","size":25,"sizes":[]},"section_subtitle_typography_font_size_mobile":{"unit":"px","size":16,"sizes":[]},"houzez_section_title_align":"left"},"elements":[],"isInner":false,"widgetType":"houzez_elementor_section_title","elType":"widget"},{"id":"276fd6d9","settings":{"structure":"40"},"elements":[{"id":"2cecdd5f","settings":{"_column_size":25,"_inline_size":null},"elements":[{"id":"1d1896ff","settings":{"more_text":"More Details","grid_taxonomy":"property_city","tax_city":"miami","more_text_d":"More Details","grid_type":"grid-item-v2","image":{"id":16257,"url":"https:\/\/default.houzez.co\/wp-content\/uploads\/2020\/03\/023.jpg"},"grid_title":"Property Management","grid_subtitle":"Services","more_link":{"url":"#","is_external":true,"nofollow":true,"custom_attributes":""},"grid_title_typography_typography":"custom","grid_title_typography_font_size":{"unit":"px","size":18,"sizes":[]},"tax_custom_image":{"id":16262,"url":"https:\/\/default.houzez.co\/wp-content\/uploads\/2020\/03\/placeholder.png"}},"elements":[],"isInner":false,"widgetType":"Houzez_elementor_grid_builder","elType":"widget"},{"id":"75ecf5ae","settings":{"more_text":"More Details","grid_taxonomy":"property_city","tax_city":"miami","more_text_d":"More Details","grid_type":"grid-item-v2","image":{"id":"16248","url":"https:\/\/default.houzez.co\/wp-content\/uploads\/2020\/03\/205.jpg"},"grid_title":"Financial Reporting","grid_subtitle":"Services","more_link":{"url":"#","is_external":true,"nofollow":true,"custom_attributes":""},"grid_title_typography_typography":"custom","grid_title_typography_font_size":{"unit":"px","size":18,"sizes":[]},"tax_custom_image":{"id":16262,"url":"https:\/\/default.houzez.co\/wp-content\/uploads\/2020\/03\/placeholder.png"}},"elements":[],"isInner":false,"widgetType":"Houzez_elementor_grid_builder","elType":"widget"}],"isInner":true,"elType":"column"},{"id":"4ba00bcc","settings":{"_column_size":25,"_inline_size":null},"elements":[{"id":"518dd1f1","settings":{"more_text":"More Details","grid_taxonomy":"property_city","tax_city":"miami","more_text_d":"More Details","grid_type":"grid-item-v2","image":{"id":16263,"url":"https:\/\/default.houzez.co\/wp-content\/uploads\/2020\/03\/206.jpg"},"grid_title":"Capital Improvements","grid_subtitle":"Services","more_link":{"url":"#","is_external":true,"nofollow":true,"custom_attributes":""},"grid_title_typography_typography":"custom","grid_title_typography_font_size":{"unit":"px","size":18,"sizes":[]},"tax_custom_image":{"id":16262,"url":"https:\/\/default.houzez.co\/wp-content\/uploads\/2020\/03\/placeholder.png"}},"elements":[],"isInner":false,"widgetType":"Houzez_elementor_grid_builder","elType":"widget"},{"id":"1bb09c30","settings":{"more_text":"More Details","grid_taxonomy":"property_city","tax_city":"miami","more_text_d":"More Details","grid_type":"grid-item-v2","image":{"id":16264,"url":"https:\/\/default.houzez.co\/wp-content\/uploads\/2020\/03\/007.jpg"},"grid_title":"Business Development","grid_subtitle":"Services","more_link":{"url":"#","is_external":true,"nofollow":true,"custom_attributes":""},"grid_title_typography_typography":"custom","grid_title_typography_font_size":{"unit":"px","size":18,"sizes":[]},"tax_custom_image":{"id":16262,"url":"https:\/\/default.houzez.co\/wp-content\/uploads\/2020\/03\/placeholder.png"}},"elements":[],"isInner":false,"widgetType":"Houzez_elementor_grid_builder","elType":"widget"}],"isInner":true,"elType":"column"},{"id":"5d4d1dd8","settings":{"_column_size":25,"_inline_size":null},"elements":[{"id":"573c0bec","settings":{"more_text":"More Details","grid_taxonomy":"property_city","tax_city":"miami","more_text_d":"More Details","grid_type":"grid-item-v3","image":{"id":16265,"url":"https:\/\/default.houzez.co\/wp-content\/uploads\/2020\/03\/006.jpg"},"grid_title":"Finance Real Estate","grid_subtitle":"Services","more_link":{"url":"#","is_external":true,"nofollow":true,"custom_attributes":""},"grid_title_typography_typography":"custom","grid_title_typography_font_size":{"unit":"px","size":18,"sizes":[]},"tax_custom_image":{"id":16262,"url":"https:\/\/default.houzez.co\/wp-content\/uploads\/2020\/03\/placeholder.png"}},"elements":[],"isInner":false,"widgetType":"Houzez_elementor_grid_builder","elType":"widget"}],"isInner":true,"elType":"column"},{"id":"746ccaab","settings":{"_column_size":25,"_inline_size":null},"elements":[{"id":"54ea0d05","settings":{"more_text":"More Details","grid_taxonomy":"property_city","tax_city":"miami","more_text_d":"More Details","grid_type":"grid-item-v3","image":{"id":16266,"url":"https:\/\/default.houzez.co\/wp-content\/uploads\/2020\/03\/204.jpg"},"grid_title":"Recover Asset Value","grid_subtitle":"Services","more_link":{"url":"#","is_external":true,"nofollow":true,"custom_attributes":""},"grid_title_typography_typography":"custom","grid_title_typography_font_size":{"unit":"px","size":18,"sizes":[]},"tax_custom_image":{"id":16262,"url":"https:\/\/default.houzez.co\/wp-content\/uploads\/2020\/03\/placeholder.png"}},"elements":[],"isInner":false,"widgetType":"Houzez_elementor_grid_builder","elType":"widget"}],"isInner":true,"elType":"column"}],"isInner":true,"elType":"section"},{"id":"6665ea4d","settings":[],"elements":[],"isInner":false,"widgetType":"spacer","elType":"widget"}],"isInner":false,"elType":"column"}],"isInner":false,"elType":"section"},{"id":"6e53f5d7","settings":[],"elements":[{"id":"7587e867","settings":{"_column_size":100,"_inline_size":null},"elements":[{"id":"2bff476d","settings":[],"elements":[],"isInner":false,"widgetType":"spacer","elType":"widget"},{"id":"1ec30713","settings":{"hz_section_title":"Read From Our Blog","section_title_typography_typography":"custom","section_title_typography_font_size":{"unit":"px","size":35,"sizes":[]},"section_title_typography_font_weight":"300","section_subtitle_typography_typography":"custom","houzez_section_title_margin_bottom":{"unit":"px","size":20,"sizes":[]},"_animation":"fadeIn","animation_duration":"slow","hz_section_subtitle":"Lorem ipsum dolor sit amet, consectetur adipisicing elit","houzez_section_title_color":"#000000","houzez_section_subtitle_color":"#7A7A7A","section_title_typography_font_size_mobile":{"unit":"px","size":25,"sizes":[]},"section_subtitle_typography_font_size_mobile":{"unit":"px","size":16,"sizes":[]},"houzez_section_title_align":"left"},"elements":[],"isInner":false,"widgetType":"houzez_elementor_section_title","elType":"widget"},{"id":"137f4150","settings":{"background_color":"#FFFFFF","box_shadow_box_shadow":{"horizontal":0,"vertical":20,"blur":40,"spread":0,"color":"rgba(0, 0, 0, 0.1)"}},"elements":[{"id":"42ab89a3","settings":{"_column_size":100,"_inline_size":null},"elements":[{"id":"3d2d706","settings":{"posts_limit":"4"},"elements":[],"isInner":false,"widgetType":"houzez_elementor_blog_posts","elType":"widget"}],"isInner":true,"elType":"column"}],"isInner":true,"elType":"section"},{"id":"2b412590","settings":[],"elements":[],"isInner":false,"widgetType":"spacer","elType":"widget"}],"isInner":false,"elType":"column"}],"isInner":false,"elType":"section"},{"id":"7f70f92c","settings":{"custom_height":{"unit":"px","size":760,"sizes":[]},"content_position":"middle","background_color":"#FFFFFF","background_position":"center center","background_repeat":"no-repeat","background_size":"cover","background_overlay_background":"classic","background_overlay_opacity":{"unit":"px","size":0.2,"sizes":[]},"css_filters_blur":{"unit":"px","size":2,"sizes":[]},"stretch_section":"section-stretched","layout":"full_width","gap":"wide","css_filters_css_filter":"custom","background_background":"classic"},"elements":[{"id":"19bf0ba2","settings":{"_column_size":100,"_inline_size":null},"elements":[{"id":"738f337c","settings":[],"elements":[],"isInner":false,"widgetType":"houzez_elementor_space","elType":"widget"},{"id":"46ce60","settings":{"gap":"extended"},"elements":[{"id":"57dc77fc","settings":{"_column_size":100,"_inline_size":null,"content_position":"bottom"},"elements":[{"id":"45b9cab6","settings":{"hz_section_title":"Testimonials","section_title_typography_typography":"custom","section_title_typography_font_size":{"unit":"px","size":35,"sizes":[]},"section_title_typography_font_weight":"300","section_subtitle_typography_typography":"custom","houzez_section_title_margin_bottom":{"unit":"px","size":20,"sizes":[]},"_animation":"fadeIn","animation_duration":"slow","hz_section_subtitle":"Lorem ipsum dolor sit amet, consectetur adipisicing elit","houzez_section_title_color":"#000000","houzez_section_subtitle_color":"#7A7A7A","section_title_typography_font_size_mobile":{"unit":"px","size":25,"sizes":[]},"section_title_typography_line_height_mobile":{"unit":"em","size":1.4,"sizes":[]},"section_subtitle_typography_font_size_mobile":{"unit":"px","size":16,"sizes":[]}},"elements":[],"isInner":false,"widgetType":"houzez_elementor_section_title","elType":"widget"},{"id":"4a1dd80e","settings":{"posts_limit":"3","houzez_testi_v2_text_color":"#000000","houzez_testi_v2_bg_color":"#EDF9FF","_animation":"fadeIn","animation_duration":"slow"},"elements":[],"isInner":false,"widgetType":"houzez_elementor_testimonials_v2","elType":"widget"}],"isInner":true,"elType":"column"}],"isInner":true,"elType":"section"},{"id":"480155f3","settings":{"height":{"unit":"px","size":70,"sizes":[]}},"elements":[],"isInner":false,"widgetType":"houzez_elementor_space","elType":"widget"}],"isInner":false,"elType":"column"}],"isInner":false,"elType":"section"}]}