{"version":"0.4","title":"Default Demo &#8211; Homepage with side search","type":"page","content":[{"id":"37ed1340","settings":{"gap":"no","background_background":"slideshow","background_slideshow_gallery":[{"id":"16664","url":"https:\/\/default.houzez.co\/wp-content\/uploads\/2020\/04\/206.jpg"},{"id":"16665","url":"https:\/\/default.houzez.co\/wp-content\/uploads\/2020\/04\/205.jpg"},{"id":"16662","url":"https:\/\/default.houzez.co\/wp-content\/uploads\/2020\/04\/204.jpg"}],"background_overlay_background":"classic","background_overlay_color":"#004274","background_slideshow_ken_burns":"yes","background_overlay_opacity":{"unit":"px","size":0.65,"sizes":[]}},"elements":[{"id":"522cc18b","settings":{"_column_size":100,"_inline_size":null},"elements":[{"id":"329641df","settings":[],"elements":[],"isInner":false,"widgetType":"houzez_elementor_space","elType":"widget"},{"id":"32505d49","settings":{"gap":"no","structure":"30","content_position":"middle","padding":{"unit":"px","top":"0","right":"0","bottom":"10","left":"0","isLinked":false}},"elements":[{"id":"a220f81","settings":{"_column_size":33,"_inline_size":49.298},"elements":[{"id":"65ec9450","settings":{"hz_section_title":"Welcome to houzez version 2.0 elementor search builder","hz_section_subtitle":"No matter how complex (or how simple) your search bar needs to be, there is a user-friendly drag and drop interface that will help you ensure that you achieve the exact look you need","section_title_typography_typography":"custom","section_title_typography_font_size":{"unit":"px","size":35,"sizes":[]},"section_title_typography_font_size_mobile":{"unit":"px","size":25,"sizes":[]},"section_title_typography_font_weight":"400","section_title_typography_line_height":{"unit":"em","size":1.4,"sizes":[]},"section_subtitle_typography_typography":"custom","section_subtitle_typography_font_size":{"unit":"px","size":20,"sizes":[]},"section_subtitle_typography_font_size_mobile":{"unit":"px","size":16,"sizes":[]},"section_subtitle_typography_line_height":{"unit":"em","size":1.5,"sizes":[]},"houzez_section_title_align":"left","houzez_section_title_color":"#FFFFFF","houzez_section_subtitle_color":"#FFFFFF","houzez_section_title_margin_bottom":{"unit":"px","size":20,"sizes":[]},"_animation":"fadeIn","animation_duration":"slow"},"elements":[],"isInner":false,"widgetType":"houzez_elementor_section_title","elType":"widget"}],"isInner":true,"elType":"column"},{"id":"53e17e09","settings":{"_column_size":33,"_inline_size":10.018},"elements":[],"isInner":true,"elType":"column"},{"id":"50b740b7","settings":{"_column_size":33,"_inline_size":40.016,"space_between_widgets":0},"elements":[{"id":"3b3f2194","settings":{"title":"Find Your Dream Home","typography_typography":"custom","typography_font_size":{"unit":"px","size":21,"sizes":[]},"_padding":{"unit":"px","top":"30","right":"30","bottom":"10","left":"30","isLinked":false},"_background_background":"classic","_background_color":"#FFFFFF"},"elements":[],"isInner":false,"widgetType":"heading","elType":"widget"},{"id":"6bf55361","settings":{"form_fields":[{"_id":"field-cities","field_type":"keyword","field_label":"Keywrod","placeholder":"Enter Keyword","width":"100","radius_from":"1","radius_to":"100","radius_default":"32","price_from_text":"From","price_to_text":"To","width_tablet":"","width_mobile":"","data_live_search":"","slider_width":{"unit":"px","size":50,"sizes":[]},"slider_width_tablet":{"unit":"px","size":"","sizes":[]},"slider_width_mobile":{"unit":"px","size":"","sizes":[]},"is_multiple":"","select_all_btns":"false","selected_count_text":"items selected","hidden_desktop":"","hidden_tablet":"","hidden_phone":""},{"_id":"field-types","field_type":"type[]","field_label":"Property Type","placeholder":"All Types","is_multiple":"true","select_all_btns":"true","selected_count_text":"types selected","width":"50","width_mobile":"50","radius_from":"1","radius_to":"100","radius_default":"32","price_from_text":"From","price_to_text":"To","width_tablet":"","data_live_search":"true","slider_width":{"unit":"px","size":50,"sizes":[]},"slider_width_tablet":{"unit":"px","size":"","sizes":[]},"slider_width_mobile":{"unit":"px","size":"","sizes":[]},"hidden_desktop":"","hidden_tablet":"","hidden_phone":""},{"_id":"field-status","field_type":"status[]","field_label":"Property Status","placeholder":"All Status","is_multiple":"true","select_all_btns":"true","selected_count_text":"status selected","width":"50","width_mobile":"50","radius_from":"1","radius_to":"100","radius_default":"32","price_from_text":"From","price_to_text":"To","width_tablet":"","data_live_search":"true","slider_width":{"unit":"px","size":50,"sizes":[]},"slider_width_tablet":{"unit":"px","size":"","sizes":[]},"slider_width_mobile":{"unit":"px","size":"","sizes":[]},"hidden_desktop":"","hidden_tablet":"","hidden_phone":""},{"field_type":"location[]","field_label":"Cities","placeholder":"All Cities","width":"50","radius_from":"1","radius_to":"100","radius_default":"32","price_from_text":"From","price_to_text":"To","width_tablet":"","width_mobile":"50","data_live_search":"true","slider_width":{"unit":"px","size":50,"sizes":[]},"slider_width_tablet":{"unit":"px","size":"","sizes":[]},"slider_width_mobile":{"unit":"px","size":"","sizes":[]},"is_multiple":"","select_all_btns":"false","selected_count_text":"items selected","hidden_desktop":"","hidden_tablet":"","hidden_phone":"","_id":"b2c1185"},{"_id":"field-property_id","field_type":"property_id","field_label":"Property ID","placeholder":"Property ID","width":"50","radius_from":"1","radius_to":"100","radius_default":"32","price_from_text":"From","price_to_text":"To","width_tablet":"","width_mobile":"50","data_live_search":"","slider_width":{"unit":"px","size":50,"sizes":[]},"slider_width_tablet":{"unit":"px","size":"","sizes":[]},"slider_width_mobile":{"unit":"px","size":"","sizes":[]},"is_multiple":"","select_all_btns":"false","selected_count_text":"items selected","hidden_desktop":"","hidden_tablet":"","hidden_phone":""},{"_id":"field-beds","field_type":"bedrooms","field_label":"Bedrooms","placeholder":"Bedrooms","width":"50","width_mobile":"50","radius_from":"1","radius_to":"100","radius_default":"32","price_from_text":"From","price_to_text":"To","width_tablet":"","data_live_search":"","slider_width":{"unit":"px","size":50,"sizes":[]},"slider_width_tablet":{"unit":"px","size":"","sizes":[]},"slider_width_mobile":{"unit":"px","size":"","sizes":[]},"is_multiple":"","select_all_btns":"false","selected_count_text":"items selected","hidden_desktop":"","hidden_tablet":"","hidden_phone":""},{"_id":"field-baths","field_type":"bedrooms","field_label":"Bathrooms","placeholder":"Bathrooms","width":"50","width_mobile":"50","radius_from":"1","radius_to":"100","radius_default":"32","price_from_text":"From","price_to_text":"To","width_tablet":"","data_live_search":"","slider_width":{"unit":"px","size":50,"sizes":[]},"slider_width_tablet":{"unit":"px","size":"","sizes":[]},"slider_width_mobile":{"unit":"px","size":"","sizes":[]},"is_multiple":"","select_all_btns":"false","selected_count_text":"items selected","hidden_desktop":"","hidden_tablet":"","hidden_phone":""},{"_id":"field-min-price","field_type":"min-price","field_label":"Min. Price","placeholder":"Min. Price","width":"50","width_mobile":"50","radius_from":"1","radius_to":"100","radius_default":"32","price_from_text":"From","price_to_text":"To","width_tablet":"","data_live_search":"true","slider_width":{"unit":"px","size":50,"sizes":[]},"slider_width_tablet":{"unit":"px","size":"","sizes":[]},"slider_width_mobile":{"unit":"px","size":"","sizes":[]},"is_multiple":"","select_all_btns":"false","selected_count_text":"items selected","hidden_desktop":"","hidden_tablet":"","hidden_phone":""},{"_id":"field-max-price","field_type":"max-price","field_label":"Max. Price","placeholder":"Max. Price","width":"50","width_mobile":"50","radius_from":"1","radius_to":"100","radius_default":"32","price_from_text":"From","price_to_text":"To","width_tablet":"","data_live_search":"true","slider_width":{"unit":"px","size":50,"sizes":[]},"slider_width_tablet":{"unit":"px","size":"","sizes":[]},"slider_width_mobile":{"unit":"px","size":"","sizes":[]},"is_multiple":"","select_all_btns":"false","selected_count_text":"items selected","hidden_desktop":"","hidden_tablet":"","hidden_phone":""},{"_id":"field-min-area","field_type":"min-area","field_label":"Min. Area","placeholder":"Min. Area","width":"50","width_mobile":"50","radius_from":"1","radius_to":"100","radius_default":"32","price_from_text":"From","price_to_text":"To","width_tablet":"","data_live_search":"","slider_width":{"unit":"px","size":50,"sizes":[]},"slider_width_tablet":{"unit":"px","size":"","sizes":[]},"slider_width_mobile":{"unit":"px","size":"","sizes":[]},"is_multiple":"","select_all_btns":"false","selected_count_text":"items selected","hidden_desktop":"","hidden_tablet":"","hidden_phone":""},{"_id":"field-max-area","field_type":"max-area","field_label":"Max. Area","placeholder":"Max. Area","width":"50","width_mobile":"50","radius_from":"1","radius_to":"100","radius_default":"32","price_from_text":"From","price_to_text":"To","width_tablet":"","data_live_search":"","slider_width":{"unit":"px","size":50,"sizes":[]},"slider_width_tablet":{"unit":"px","size":"","sizes":[]},"slider_width_mobile":{"unit":"px","size":"","sizes":[]},"is_multiple":"","select_all_btns":"false","selected_count_text":"items selected","hidden_desktop":"","hidden_tablet":"","hidden_phone":""},{"_id":"field-search-btn","field_type":"search-button","field_label":"Search Button","placeholder":"Search","width":"100","radius_from":"1","radius_to":"100","radius_default":"32","price_from_text":"From","price_to_text":"To","width_tablet":"","width_mobile":"","data_live_search":"","slider_width":{"unit":"px","size":50,"sizes":[]},"slider_width_tablet":{"unit":"px","size":"","sizes":[]},"slider_width_mobile":{"unit":"px","size":"","sizes":[]},"is_multiple":"","select_all_btns":"false","selected_count_text":"items selected","hidden_desktop":"","hidden_tablet":"","hidden_phone":""}],"tabs_all_text":"All","_padding":{"unit":"px","top":"12","right":"30","bottom":"29","left":"30","isLinked":false},"_background_background":"classic","_background_color":"#FFFFFF"},"elements":[],"isInner":false,"widgetType":"houzez_elementor_search_builder","elType":"widget"}],"isInner":true,"elType":"column"}],"isInner":true,"elType":"section"},{"id":"73aef17c","settings":[],"elements":[],"isInner":false,"widgetType":"houzez_elementor_space","elType":"widget"}],"isInner":false,"elType":"column"}],"isInner":false,"elType":"section"},{"id":"7ea94cb0","settings":{"custom_height":{"unit":"px","size":760,"sizes":[]},"content_position":"middle","background_color":"#FFFFFF","background_position":"center center","background_repeat":"no-repeat","background_size":"cover","background_overlay_background":"classic","background_overlay_opacity":{"unit":"px","size":0.97,"sizes":[]},"css_filters_blur":{"unit":"px","size":5,"sizes":[]},"stretch_section":"section-stretched","layout":"full_width","gap":"wide","background_background":"classic"},"elements":[{"id":"6c609623","settings":{"_column_size":100,"_inline_size":null},"elements":[{"id":"38508db0","settings":{"space":{"unit":"px","size":10,"sizes":[]}},"elements":[],"isInner":false,"widgetType":"spacer","elType":"widget"},{"id":"4a459c45","settings":{"content_width":{"unit":"px","size":870,"sizes":[]}},"elements":[{"id":"770bfb40","settings":{"_column_size":100,"_inline_size":null},"elements":[{"id":"2e579b0b","settings":{"hz_section_title":"Display Latest & Featured Properties","section_title_typography_typography":"custom","section_title_typography_font_size":{"unit":"px","size":35,"sizes":[]},"section_title_typography_font_weight":"400","_animation":"fadeIn","animation_duration":"slow","hz_section_subtitle":"With the features and filters provided with the Houzez widgets you can turn your visitors attention to the latest listings or the ones that are most profitable to buy at the moment.","houzez_section_title_color":"#000000","houzez_section_subtitle_color":"#7A7A7A","section_title_typography_letter_spacing":{"unit":"px","size":-1,"sizes":[]},"section_subtitle_typography_font_family":"Work Sans","section_subtitle_typography_font_size":{"unit":"px","size":18,"sizes":[]},"section_subtitle_typography_line_height":{"unit":"em","size":1.5,"sizes":[]},"homey_main_title_spacing":{"unit":"px","size":10,"sizes":[]},"section_title_typography_font_size_mobile":{"unit":"px","size":28,"sizes":[]},"section_subtitle_typography_font_size_mobile":{"unit":"px","size":15,"sizes":[]}},"elements":[],"isInner":false,"widgetType":"houzez_elementor_section_title","elType":"widget"}],"isInner":true,"elType":"column"}],"isInner":true,"elType":"section"},{"id":"38218a97","settings":{"content_width":{"unit":"px","size":1280,"sizes":[]}},"elements":[{"id":"52cb8d1","settings":{"_column_size":100,"_inline_size":null},"elements":[{"id":"c85b2a1","settings":{"slides_to_show":"4","slide_auto":"true","auto_speed":"3000","property_type":["apartment","studio"],"featured_prop":"yes","hz_item_price_typography":"custom","hz_item_price_font_size":{"unit":"px","size":17,"sizes":[]},"np_border_color":"#00AEEF","np_bg_color_hover":"#00AEEF","np_color_hover":"#FFFFFF","np_border_color_hover":"#00AEEF"},"elements":[],"isInner":false,"widgetType":"houzez_elementor_properties_carousel_v1","elType":"widget"}],"isInner":true,"elType":"column"}],"isInner":true,"elType":"section"},{"id":"332a8958","settings":[],"elements":[],"isInner":false,"widgetType":"spacer","elType":"widget"}],"isInner":false,"elType":"column"}],"isInner":false,"elType":"section"},{"id":"4bc27783","settings":{"stretch_section":"section-stretched","content_width":{"unit":"px","size":960,"sizes":[]},"height":"min-height","custom_height":{"unit":"px","size":750,"sizes":[]},"background_background":"classic","background_image":{"id":16248,"url":"https:\/\/default.houzez.co\/wp-content\/uploads\/2020\/03\/205.jpg"},"background_position":"center center","background_attachment":"fixed","background_repeat":"no-repeat","background_size":"cover","background_overlay_background":"classic","background_overlay_color":"rgba(0, 66, 116, 0.45)","background_overlay_color_b":"#004274","background_overlay_opacity":{"unit":"px","size":1,"sizes":[]},"shape_divider_top":"tilt","shape_divider_top_width":{"unit":"%","size":255,"sizes":[]},"shape_divider_top_height":{"unit":"px","size":100,"sizes":[]},"shape_divider_top_flip":"yes","shape_divider_bottom":"tilt","shape_divider_bottom_width":{"unit":"%","size":225,"sizes":[]},"shape_divider_bottom_height":{"unit":"px","size":100,"sizes":[]},"shape_divider_bottom_flip":"yes"},"elements":[{"id":"5d6f19d5","settings":{"_column_size":100,"_inline_size":null},"elements":[{"id":"5ce00bd3","settings":{"content_width":{"unit":"px","size":734,"sizes":[]},"animation_duration":"slow"},"elements":[{"id":"367e899c","settings":{"_column_size":100,"_inline_size":null},"elements":[{"id":"1cfa74c2","settings":{"hz_section_title":"Houzez offers a wide range of drag-and-drop widgets to assist you in designing your pages\n","section_title_typography_typography":"custom","section_title_typography_font_size":{"unit":"px","size":30,"sizes":[]},"section_title_typography_font_weight":"100","section_subtitle_typography_typography":"custom","section_subtitle_typography_line_height":{"unit":"em","size":1.5,"sizes":[]},"houzez_section_title_color":"#FFFFFF","houzez_section_subtitle_color":"#FFFFFF","homey_main_title_spacing":{"unit":"px","size":10,"sizes":[]},"_animation":"fadeIn","animation_duration":"slow","section_title_typography_line_height":{"unit":"em","size":1.35,"sizes":[]},"section_subtitle_typography_font_family":"Work Sans","section_subtitle_typography_font_size":{"unit":"px","size":20,"sizes":[]},"section_subtitle_typography_font_weight":"100","houzez_section_title_margin_bottom":{"unit":"px","size":30,"sizes":[]},"_margin_mobile":{"unit":"px","top":"70","right":"0","bottom":"0","left":"0","isLinked":false}},"elements":[],"isInner":false,"widgetType":"houzez_elementor_section_title","elType":"widget"}],"isInner":true,"elType":"column"}],"isInner":true,"elType":"section"},{"id":"2175e938","settings":{"icon_boxes":[{"icon_type":"custom_icon","custom_icon":{"url":"https:\/\/default.houzez.co\/wp-content\/uploads\/2020\/03\/streamline-icon-real-estate-message-house-buy@40x40.png","id":16561},"title":"","text":"","read_more_text":"Looking to buy","read_more_link":{"url":"#"},"_id":"7fe8a29"},{"icon_type":"custom_icon","custom_icon":{"url":"https:\/\/default.houzez.co\/wp-content\/uploads\/2020\/03\/streamline-icon-real-estate-insurance-dollar-hand@40x40.png","id":16562},"title":"","text":"","read_more_text":"Sell your home","read_more_link":{"url":"#"},"_id":"0ce5984"},{"icon_type":"custom_icon","custom_icon":{"url":"https:\/\/default.houzez.co\/wp-content\/uploads\/2020\/03\/streamline-icon-real-estate-sign-board-rent@40x40.png","id":16563},"title":"","text":"","read_more_text":"Rent a place","read_more_link":{"url":"#"},"_id":"024847e"},{"icon_type":"custom_icon","custom_icon":{"url":"https:\/\/default.houzez.co\/wp-content\/uploads\/2020\/03\/streamline-icon-real-estate-action-house-information@40x40.png","id":16565},"title":"","text":"","read_more_text":"Need Help?","read_more_link":{"url":"#"},"_id":"f29a77f"}],"border_radius":{"unit":"px","size":0,"sizes":[]},"background_a_color":"rgba(0, 66, 116, 0.71)","icon_padding":{"unit":"px","size":0,"sizes":[]},"title_spacing_a":{"unit":"px","size":0,"sizes":[]},"icon_boxes_columns":"four_columns","padding_a":{"unit":"px","top":"30","right":"30","bottom":"30","left":"30","isLinked":true},"background_a_background":"classic","background_a_color_b":"rgba(242, 41, 91, 0)","background_a_repeat":"no-repeat","background_a_size":"cover","background_overlay_a":"#004274","readmore_text_color":"#FFFFFF","readmore_text_typography_typography":"custom","readmore_text_typography_font_size":{"unit":"px","size":16,"sizes":[]},"border_a_width":{"unit":"px","top":"15","right":"15","bottom":"15","left":"15","isLinked":true},"border_a_color":"#FFFFFF","readmore_text_typography_font_family":"Roboto Condensed","readmore_text_typography_font_weight":"300","readmore_text_typography_text_transform":"uppercase"},"elements":[],"isInner":false,"widgetType":"houzez_elementor_icon_box","elType":"widget"}],"isInner":false,"elType":"column"}],"isInner":false,"elType":"section"},{"id":"4e0acd76","settings":{"custom_height":{"unit":"px","size":760,"sizes":[]},"content_position":"middle","background_color":"#FFFFFF","background_position":"center center","background_repeat":"no-repeat","background_overlay_color":"#FFFFFF","background_overlay_opacity":{"unit":"px","size":0.75,"sizes":[]},"css_filters_blur":{"unit":"px","size":5,"sizes":[]},"stretch_section":"section-stretched","gap":"wider","background_background":"classic","content_width":{"unit":"px","size":1280,"sizes":[]}},"elements":[{"id":"f02171a","settings":{"_column_size":100,"_inline_size":null},"elements":[{"id":"466d3e6","settings":{"hz_section_title":"Properties for Sale","section_title_typography_typography":"custom","section_title_typography_font_size":{"unit":"px","size":35,"sizes":[]},"section_title_typography_font_weight":"400","section_subtitle_typography_typography":"custom","_animation":"fadeIn","animation_duration":"slow","hz_section_subtitle":"Lorem ipsum dolor sit amet, consectetur adipiscing elit. luctus ligula ac faucibus faucibus.","houzez_section_title_color":"#000000","houzez_section_subtitle_color":"#7A7A7A","section_title_typography_letter_spacing":{"unit":"px","size":-1,"sizes":[]},"section_subtitle_typography_font_family":"Work Sans","section_subtitle_typography_font_size":{"unit":"px","size":18,"sizes":[]},"section_subtitle_typography_line_height":{"unit":"em","size":1.5,"sizes":[]},"homey_main_title_spacing":{"unit":"px","size":10,"sizes":[]}},"elements":[],"isInner":false,"widgetType":"houzez_elementor_section_title","elType":"widget"},{"id":"a872e2d","settings":{"auto_speed":"3000","property_status":["for-sale"],"hide_status":"none","hide_button":"none","hide_author_date":"none","box_shadow_box_shadow_type":"yes","box_shadow_box_shadow":{"horizontal":0,"vertical":0,"blur":5,"spread":2,"color":"rgba(0, 0, 0, 0.1)"}},"elements":[],"isInner":false,"widgetType":"houzez_elementor_properties_carousel_v2","elType":"widget"}],"isInner":false,"elType":"column"}],"isInner":false,"elType":"section"},{"id":"44223059","settings":{"custom_height":{"unit":"px","size":750,"sizes":[]},"background_repeat":"no-repeat","background_size":"cover","background_overlay_background":"classic","stretch_section":"section-stretched","background_background":"classic","background_image":{"id":16264,"url":"https:\/\/default.houzez.co\/wp-content\/uploads\/2020\/03\/007.jpg"},"background_overlay_color":"rgba(0, 66, 116, 0.45)","background_attachment":"fixed","height":"min-height","background_overlay_color_b":"#004274","background_overlay_opacity":{"unit":"px","size":1,"sizes":[]},"shape_divider_top":"tilt","shape_divider_top_width":{"unit":"%","size":255,"sizes":[]},"shape_divider_top_height":{"unit":"px","size":100,"sizes":[]},"shape_divider_top_flip":"yes","shape_divider_bottom":"tilt","shape_divider_bottom_width":{"unit":"%","size":225,"sizes":[]},"shape_divider_bottom_height":{"unit":"px","size":100,"sizes":[]},"shape_divider_bottom_flip":"yes","content_width":{"unit":"px","size":1280,"sizes":[]}},"elements":[{"id":"302dccfe","settings":{"_column_size":100,"_inline_size":null},"elements":[{"id":"3d1d700c","settings":{"height":{"unit":"px","size":100,"sizes":[]}},"elements":[],"isInner":false,"widgetType":"houzez_elementor_space","elType":"widget"},{"id":"74eeab6a","settings":{"hz_section_title":"Properties for Rent","section_title_typography_typography":"custom","section_title_typography_font_size":{"unit":"px","size":35,"sizes":[]},"section_title_typography_font_weight":"400","section_subtitle_typography_typography":"custom","_animation":"fadeIn","animation_duration":"slow","hz_section_subtitle":"Lorem ipsum dolor sit amet, consectetur adipiscing elit. luctus ligula ac faucibus faucibus.","houzez_section_title_color":"#FFFFFF","houzez_section_subtitle_color":"#FFFFFF","section_title_typography_letter_spacing":{"unit":"px","size":-1,"sizes":[]},"section_subtitle_typography_font_family":"Work Sans","section_subtitle_typography_font_size":{"unit":"px","size":18,"sizes":[]},"section_subtitle_typography_line_height":{"unit":"em","size":1.5,"sizes":[]},"homey_main_title_spacing":{"unit":"px","size":10,"sizes":[]}},"elements":[],"isInner":false,"widgetType":"houzez_elementor_section_title","elType":"widget"},{"id":"582cdcf8","settings":{"auto_speed":"3000","property_status":["for-rent"]},"elements":[],"isInner":false,"widgetType":"houzez_elementor_properties_carousel_v6","elType":"widget"},{"id":"10feee15","settings":{"height":{"unit":"px","size":140,"sizes":[]}},"elements":[],"isInner":false,"widgetType":"houzez_elementor_space","elType":"widget"}],"isInner":false,"elType":"column"}],"isInner":false,"elType":"section"},{"id":"6ec03e05","settings":{"custom_height":{"unit":"px","size":760,"sizes":[]},"content_position":"middle","background_color":"#FFFFFF","background_position":"center right","background_repeat":"no-repeat","background_size":"auto","background_overlay_background":"classic","background_overlay_opacity":{"unit":"px","size":0.2,"sizes":[]},"css_filters_blur":{"unit":"px","size":2,"sizes":[]},"layout":"full_width","gap":"wide","css_filters_css_filter":"custom","background_background":"classic","background_image":{"id":"16451","url":"https:\/\/default.houzez.co\/wp-content\/uploads\/2020\/03\/bg-marker-right.jpg"}},"elements":[{"id":"3a674bca","settings":{"_column_size":100,"_inline_size":null},"elements":[{"id":"61b62ecc","settings":{"height":{"unit":"px","size":50,"sizes":[]}},"elements":[],"isInner":false,"widgetType":"houzez_elementor_space","elType":"widget"},{"id":"33e2f058","settings":{"content_width":{"unit":"px","size":870,"sizes":[]}},"elements":[{"id":"37d121d5","settings":{"_column_size":100,"_inline_size":null},"elements":[{"id":"627e2a48","settings":{"hz_section_title":"Display Different Content Types","section_title_typography_typography":"custom","section_title_typography_font_size":{"unit":"px","size":35,"sizes":[]},"section_title_typography_font_weight":"400","section_subtitle_typography_typography":"custom","_animation":"fadeIn","animation_duration":"slow","hz_section_subtitle":"The Houzez Grids widgets allow you to display property cities, types, status, etc within different grid style variations, colors and typography options ","houzez_section_title_color":"#000000","houzez_section_subtitle_color":"#7A7A7A","section_title_typography_letter_spacing":{"unit":"px","size":-1,"sizes":[]},"section_subtitle_typography_font_family":"Work Sans","section_subtitle_typography_font_size":{"unit":"px","size":18,"sizes":[]},"section_subtitle_typography_line_height":{"unit":"em","size":1.5,"sizes":[]},"homey_main_title_spacing":{"unit":"px","size":10,"sizes":[]},"section_title_typography_font_size_mobile":{"unit":"px","size":28,"sizes":[]}},"elements":[],"isInner":false,"widgetType":"houzez_elementor_section_title","elType":"widget"}],"isInner":true,"elType":"column"}],"isInner":true,"elType":"section"},{"id":"623a8b63","settings":[],"elements":[{"id":"7021af85","settings":{"_column_size":100,"_inline_size":null},"elements":[{"id":"1a6b3d88","settings":{"houzez_grid_type":"grid_v4","orderby":"count","order":"DESC","grid_title_typography_typography":"custom","grid_title_typography_font_family":"Roboto Condensed","grid_title_typography_font_size":{"unit":"px","size":20,"sizes":[]},"grid_title_typography_font_weight":"400","grid_title_typography_text_transform":"uppercase","grid_subtitle_typography_typography":"custom","grid_subtitle_typography_font_family":"Work Sans","grid_subtitle_typography_font_size":{"unit":"px","size":12,"sizes":[]},"grid_subtitle_typography_font_weight":"400","grid_subtitle_color":"rgba(255, 255, 255, 0.78)"},"elements":[],"isInner":false,"widgetType":"houzez_elementor_grids","elType":"widget"}],"isInner":true,"elType":"column"}],"isInner":true,"elType":"section"},{"id":"117738c8","settings":{"height":{"unit":"px","size":70,"sizes":[]}},"elements":[],"isInner":false,"widgetType":"houzez_elementor_space","elType":"widget"}],"isInner":false,"elType":"column"}],"isInner":false,"elType":"section"},{"id":"4e122ee5","settings":{"custom_height":{"unit":"px","size":760,"sizes":[]},"content_position":"middle","background_color":"#FFFFFF","background_position":"center center","background_repeat":"no-repeat","background_size":"cover","background_overlay_background":"classic","background_overlay_opacity":{"unit":"px","size":0.2,"sizes":[]},"css_filters_blur":{"unit":"px","size":2,"sizes":[]},"stretch_section":"section-stretched","layout":"full_width","gap":"wide","css_filters_css_filter":"custom"},"elements":[{"id":"39831159","settings":{"_column_size":100,"_inline_size":null},"elements":[{"id":"16a3f199","settings":[],"elements":[],"isInner":false,"widgetType":"houzez_elementor_space","elType":"widget"},{"id":"71322312","settings":{"gap":"extended"},"elements":[{"id":"30487bd","settings":{"_column_size":100,"_inline_size":null,"content_position":"bottom"},"elements":[{"id":"7288d662","settings":{"hz_section_title":"Meet Our Agents","section_title_typography_typography":"custom","section_title_typography_font_size":{"unit":"px","size":35,"sizes":[]},"section_title_typography_font_weight":"400","section_subtitle_typography_typography":"custom","_animation":"fadeIn","animation_duration":"slow","hz_section_subtitle":"Lorem ipsum dolor sit amet, consectetur adipisicing elit","houzez_section_title_color":"#000000","houzez_section_subtitle_color":"#7A7A7A","section_title_typography_letter_spacing":{"unit":"px","size":-1,"sizes":[]},"section_subtitle_typography_font_family":"Work Sans","section_subtitle_typography_font_size":{"unit":"px","size":18,"sizes":[]},"section_subtitle_typography_line_height":{"unit":"em","size":1.5,"sizes":[]},"homey_main_title_spacing":{"unit":"px","size":10,"sizes":[]}},"elements":[],"isInner":false,"widgetType":"houzez_elementor_section_title","elType":"widget"},{"id":"21eac75d","settings":{"columns":"4","posts_limit":"9"},"elements":[],"isInner":false,"widgetType":"houzez_elementor_agents","elType":"widget"}],"isInner":true,"elType":"column"}],"isInner":true,"elType":"section"},{"id":"3ee53c1f","settings":{"height":{"unit":"px","size":100,"sizes":[]}},"elements":[],"isInner":false,"widgetType":"houzez_elementor_space","elType":"widget"}],"isInner":false,"elType":"column"}],"isInner":false,"elType":"section"},{"id":"5e96c968","settings":{"custom_height":{"unit":"px","size":760,"sizes":[]},"content_position":"middle","background_color":"#FFFFFF","background_position":"center center","background_repeat":"no-repeat","background_size":"cover","background_overlay_background":"classic","background_overlay_opacity":{"unit":"px","size":0.2,"sizes":[]},"css_filters_blur":{"unit":"px","size":2,"sizes":[]},"stretch_section":"section-stretched","layout":"full_width","gap":"wide","css_filters_css_filter":"custom","background_background":"classic"},"elements":[{"id":"32ccc6b4","settings":{"_column_size":100,"_inline_size":null},"elements":[{"id":"605b2557","settings":[],"elements":[],"isInner":false,"widgetType":"houzez_elementor_space","elType":"widget"},{"id":"2179595b","settings":{"gap":"extended"},"elements":[{"id":"64c1f93d","settings":{"_column_size":100,"_inline_size":null,"content_position":"bottom"},"elements":[{"id":"16f22b2e","settings":{"hz_section_title":"Testimonials","section_title_typography_typography":"custom","section_title_typography_font_size":{"unit":"px","size":35,"sizes":[]},"section_title_typography_font_weight":"400","section_subtitle_typography_typography":"custom","_animation":"fadeIn","animation_duration":"slow","hz_section_subtitle":"Lorem ipsum dolor sit amet, consectetur adipisicing elit","houzez_section_title_color":"#000000","houzez_section_subtitle_color":"#7A7A7A","section_title_typography_letter_spacing":{"unit":"px","size":-1,"sizes":[]},"section_subtitle_typography_font_family":"Work Sans","section_subtitle_typography_font_size":{"unit":"px","size":18,"sizes":[]},"section_subtitle_typography_line_height":{"unit":"em","size":1.5,"sizes":[]},"homey_main_title_spacing":{"unit":"px","size":10,"sizes":[]}},"elements":[],"isInner":false,"widgetType":"houzez_elementor_section_title","elType":"widget"},{"id":"19d4a669","settings":{"posts_limit":"3","houzez_testi_v2_text_color":"#000000","houzez_testi_v2_bg_color":"#EDF9FF","_animation":"fadeIn","animation_duration":"slow"},"elements":[],"isInner":false,"widgetType":"houzez_elementor_testimonials_v2","elType":"widget"}],"isInner":true,"elType":"column"}],"isInner":true,"elType":"section"},{"id":"28d6bd83","settings":{"height":{"unit":"px","size":70,"sizes":[]}},"elements":[],"isInner":false,"widgetType":"houzez_elementor_space","elType":"widget"}],"isInner":false,"elType":"column"}],"isInner":false,"elType":"section"},{"id":"770ea560","settings":{"background_background":"classic","background_color":"#FFFFFF","structure":"50","padding":{"unit":"px","top":"15","right":"0","bottom":"15","left":"0","isLinked":false},"border_border":"solid","border_width":{"unit":"px","top":"1","right":"0","bottom":"0","left":"0","isLinked":false},"border_color":"#ECECEC","hide_tablet":"hidden-tablet","hide_mobile":"hidden-phone"},"elements":[{"id":"af9a3ac","settings":{"_column_size":20,"_inline_size":null},"elements":[{"id":"1dc568ee","settings":{"image":{"id":16531,"url":"https:\/\/default.houzez.co\/wp-content\/uploads\/2020\/03\/partner-01-e1582734705113.jpg"}},"elements":[],"isInner":false,"widgetType":"image","elType":"widget"}],"isInner":false,"elType":"column"},{"id":"4df335ec","settings":{"_column_size":20,"_inline_size":null},"elements":[{"id":"6f95b77d","settings":{"image":{"id":16532,"url":"https:\/\/default.houzez.co\/wp-content\/uploads\/2020\/03\/partner-02-e1582734691936.jpg"}},"elements":[],"isInner":false,"widgetType":"image","elType":"widget"}],"isInner":false,"elType":"column"},{"id":"514be64a","settings":{"_column_size":20,"_inline_size":null},"elements":[{"id":"4f1bd405","settings":{"image":{"id":16533,"url":"https:\/\/default.houzez.co\/wp-content\/uploads\/2020\/03\/partner-04-e1582734649458.jpg"}},"elements":[],"isInner":false,"widgetType":"image","elType":"widget"}],"isInner":false,"elType":"column"},{"id":"6ecf5da","settings":{"_column_size":20,"_inline_size":null},"elements":[{"id":"30716034","settings":{"image":{"id":16534,"url":"https:\/\/default.houzez.co\/wp-content\/uploads\/2020\/03\/partner-03-e1582734671602.jpg"}},"elements":[],"isInner":false,"widgetType":"image","elType":"widget"}],"isInner":false,"elType":"column"},{"id":"4adc9dbd","settings":{"_column_size":20,"_inline_size":null},"elements":[{"id":"52ed6a2","settings":{"image":{"id":16535,"url":"https:\/\/default.houzez.co\/wp-content\/uploads\/2020\/03\/partner-05-e1582734603812.jpg"}},"elements":[],"isInner":false,"widgetType":"image","elType":"widget"}],"isInner":false,"elType":"column"}],"isInner":false,"elType":"section"}]}