{"default-sidebar":{"custom_html-1":{"title":"Recommended WordPress Themes","content":"<a href=\"https:\/\/theme.co\/?utm_source=cloudways-wp&amp;utm_medium=cloudways&amp;utm_campaign=cloudways-wp\"><img src=\"https:\/\/s3.amazonaws.com\/cloudways-static-content\/applications\/wordpress\/themeco.jpg\"><\/a><a href=\"https:\/\/wpastra.com\/?utm_source=cloudways&amp;utm_medium=partners&amp;utm_campaign=cloudways-wp-staging-app\"><img src=\"https:\/\/s3.amazonaws.com\/cloudways-static-content\/applications\/wordpress\/wp-astra.png\"><\/a>"},"custom_html-2":{"title":"Join The Community Forum","content":"<a href=\"https:\/\/community.cloudways.com\/?utm_source=cloudways-wp&amp;utm_medium=cloudways&amp;utm_campaign=cloudways-wp\"><img src=\"https:\/\/s3.amazonaws.com\/cloudways-static-content\/applications\/wordpress\/cloudways-community.jpg\"><\/a>"},"ihomefinderpropertiesgallery-2":{"galleryType":"featuredListing","listingID":"","name":"","propertiesShown":"3","cityId":"","propertyType":"","bed":"","bath":"","minPrice":"","maxPrice":"","hotSheetId":"785596","linkText":"View all","idx-advanced-search":true,"idx-agent-detail":true,"idx-agent-list":true,"idx-contact-form":true,"idx-property-organizer-edit-saved-search":true,"idx-featured-search":true,"idx-detail":true,"idx-map-search":true,"idx-hotsheets":true,"idx-office-detail":true,"idx-office-list":true,"idx-open-home-search-form":true,"idx-property-organizer-login":true,"idx-pending-featured-listing":true,"idx-search":true,"idx-results":true,"idx-sold-featured-listing":true,"idx-sold-detail":true,"idx-supplemental-listing":true,"idx-valuation-form":true}},"page-sidebar":{"text-2":{"title":"Quick Search","text":"[optima_express_quick_search style=\"vertical\" showPropertyType=\"true\"]","filter":true,"visual":true},"text-3":{"title":"Address Search","text":"[optima_express_address_search style=\"vertical\"]","filter":true,"visual":true},"text-4":{"title":"Listing ID Search","text":"[optima_express_listing_search]","filter":true,"visual":true},"ihomefinderlinkwidget-2":[]},"footer-sidebar-1":{"ihomefinderquicksearchwidget-2":{"title":"Quick IDX Search","style":"horizontal","showPropertyType":null,"idx-agent-detail":true,"idx-agent-list":true,"idx-contact-form":true,"idx-featured-search":true,"idx-detail":true,"idx-hotsheets":true,"idx-office-detail":true,"idx-office-list":true,"idx-open-home-search-form":true,"idx-property-organizer-login":true,"idx-pending-featured-listing":true,"idx-results":true,"idx-sold-featured-listing":true,"idx-sold-detail":true,"idx-supplemental-listing":true,"idx-valuation-form":true},"text-6":{"title":"","text":"<p style=\"text-align: center;\">This demo has been designed using Houzez and\u00a0<strong>Optima Express IDX Plugin from iHomefinder<\/strong>\u00a0to display MLS listings. <a style=\"color: #5b8b8b; font-weight: bold;\" href=\"http:\/\/demo16.houzez.co\/index.php\/about-this-demo\/\">More Information &#8594;<\/a><\/p>","filter":true,"visual":true}}}