{"version":"0.4","title":"Demo 14 &#8211; Homepage","type":"page","content":[{"id":"2bd0b2f2","settings":{"animation":"fadeIn"},"elements":[{"id":"3542444","settings":{"_column_size":100},"elements":[{"id":"6d1c1436","settings":[],"elements":[],"isInner":false,"widgetType":"houzez_elementor_space","elType":"widget"}],"isInner":false,"elType":"column"}],"isInner":false,"elType":"section"},{"id":"22da5129","settings":{"content_position":"middle","structure":"20","animation":"fadeIn","gap":"wider"},"elements":[{"id":"11fbc448","settings":{"_column_size":50,"_inline_size":32.982},"elements":[{"id":"705d4a9a","settings":{"image":{"url":"https:\/\/demo14.houzez.co\/wp-content\/uploads\/2016\/03\/pexels-photo-87223.jpeg","id":7846},"image_size":"custom","image_custom_dimension":{"width":"500","height":"500"}},"elements":[],"isInner":false,"widgetType":"image","elType":"widget"}],"isInner":false,"elType":"column"},{"id":"9d9836","settings":{"_column_size":50,"_inline_size":67.018},"elements":[{"id":"3e84e849","settings":{"hz_section_title":"About us","hz_section_subtitle":"Lorem ipsum dolor sit amet, consectetur adipiscing elit. Vestibulum at fermentum felis. Phasellus eget vehicula sem. Duis malesuada sapien nec quam gravida accumsan. Nam vel quam in turpis ultrices consectetur ut nec orci. Integer nec laoreet diam, et rhoncus metus. Cras nunc ipsum, aliquam sit amet orci a, pharetra ultricies sem","section_title_typography_typography":"custom","section_title_typography_font_family":"Nokora","section_title_typography_font_size":{"unit":"px","size":37,"sizes":[]},"section_title_typography_font_weight":"700","section_title_typography_line_height":{"unit":"em","size":1.5,"sizes":[]},"section_title_typography_letter_spacing":{"unit":"px","size":-1,"sizes":[]},"section_subtitle_typography_typography":"custom","section_subtitle_typography_font_family":"Nokora","section_subtitle_typography_font_weight":"100","section_subtitle_typography_line_height":{"unit":"em","size":1.75,"sizes":[]},"houzez_section_title_align":"left"},"elements":[],"isInner":false,"widgetType":"houzez_elementor_section_title","elType":"widget"},{"id":"6b6211cf","settings":{"text":"About Us","link":{"url":"https:\/\/demo14.houzez.co\/about-houzez\/","is_external":"","nofollow":""},"align":"left","align_mobile":"left","size":"md","icon":"fa fa-long-arrow-right","icon_align":"right","typography_typography":"custom","typography_font_family":"Work Sans","button_text_color":"#ffffff","background_color":"#fa8f8d","hover_color":"#ffffff","button_background_hover_color":"rgba(250,143,141,0.75)","selected_icon":{"value":"fas fa-long-arrow-alt-right","library":"fa-solid"},"__fa4_migrated":{"selected_icon":true}},"elements":[],"isInner":false,"widgetType":"button","elType":"widget"}],"isInner":false,"elType":"column"}],"isInner":false,"elType":"section"},{"id":"2b80d1b","settings":{"animation":"fadeIn"},"elements":[{"id":"568f028e","settings":{"_column_size":100},"elements":[{"id":"74d9d358","settings":[],"elements":[],"isInner":false,"widgetType":"houzez_elementor_space","elType":"widget"}],"isInner":false,"elType":"column"}],"isInner":false,"elType":"section"},{"id":"2bb197ff","settings":{"gap":"no","background_background":"classic","background_color":"#FFFFFF","animation":"fadeIn"},"elements":[{"id":"60689fa7","settings":{"_column_size":100,"_inline_size":null},"elements":[{"id":"4f8caa9c","settings":[],"elements":[],"isInner":false,"widgetType":"houzez_elementor_space","elType":"widget"},{"id":"1317cf9b","settings":{"gap":"wider","structure":"30"},"elements":[{"id":"313794e2","settings":{"_column_size":33,"_inline_size":null},"elements":[{"id":"673c64ee","settings":{"style":"slashes","width":{"unit":"%","size":20,"sizes":[]},"text":"Divider","color":"#FA8F8D"},"elements":[],"isInner":false,"widgetType":"divider","elType":"widget"},{"id":"67628050","settings":{"hz_section_title":"Discover Featured Locations","hz_section_subtitle":"Lorem ipsum dolor sit amet, consectetur adipiscing elit. Vestibulum at fermentum felis. Phasellus eget vehicula sem. ","section_title_typography_typography":"custom","section_title_typography_font_family":"Nokora","section_title_typography_font_size":{"unit":"px","size":37,"sizes":[]},"section_title_typography_font_weight":"700","section_title_typography_line_height":{"unit":"em","size":1.5,"sizes":[]},"section_title_typography_letter_spacing":{"unit":"px","size":-1,"sizes":[]},"section_subtitle_typography_typography":"custom","section_subtitle_typography_font_family":"Nokora","section_subtitle_typography_font_weight":"100","section_subtitle_typography_line_height":{"unit":"em","size":1.75,"sizes":[]},"houzez_section_title_align":"left"},"elements":[],"isInner":false,"widgetType":"houzez_elementor_section_title","elType":"widget"},{"id":"58a56401","settings":{"text":"Discover","link":{"url":"https:\/\/demo14.houzez.co\/our-properties\/","is_external":"","nofollow":""},"align":"left","align_mobile":"left","icon":"fa fa-long-arrow-right","icon_align":"right","typography_typography":"custom","typography_font_family":"Work Sans","button_text_color":"#ffffff","background_color":"#fa8f8d","hover_color":"#ffffff","button_background_hover_color":"rgba(250,143,141,0.75)","selected_icon":{"value":"fas fa-long-arrow-alt-right","library":"fa-solid"},"icon_indent":{"unit":"px","size":20,"sizes":[]},"__fa4_migrated":{"selected_icon":true}},"elements":[],"isInner":false,"widgetType":"button","elType":"widget"}],"isInner":true,"elType":"column"},{"id":"30ae0530","settings":{"_column_size":33,"_inline_size":null},"elements":[{"id":"435a324c","settings":{"grid_data":"dynamic","more_text":"More Details","grid_taxonomy":"property_city","tax_city":"fort-lauderdale","more_text_d":"More Details","grid_item_margin":{"unit":"px","size":50,"sizes":[]}},"elements":[],"isInner":false,"widgetType":"Houzez_elementor_grid_builder","elType":"widget"},{"id":"14cb01a5","settings":{"grid_data":"dynamic","more_text":"More Details","grid_taxonomy":"property_city","tax_city":"miami","more_text_d":"More Details","grid_type":"grid-item-v2","grid_item_margin":{"unit":"px","size":50,"sizes":[]}},"elements":[],"isInner":false,"widgetType":"Houzez_elementor_grid_builder","elType":"widget"}],"isInner":true,"elType":"column"},{"id":"8831390","settings":{"_column_size":33,"_inline_size":null},"elements":[{"id":"2a687229","settings":{"grid_data":"dynamic","more_text":"More Details","grid_taxonomy":"property_city","tax_city":"fort-myers","more_text_d":"More Details","grid_type":"grid-item-v2","grid_item_margin":{"unit":"px","size":50,"sizes":[]}},"elements":[],"isInner":false,"widgetType":"Houzez_elementor_grid_builder","elType":"widget"},{"id":"2084cc4","settings":{"grid_data":"dynamic","more_text":"More Details","grid_taxonomy":"property_city","tax_city":"tampa","more_text_d":"More Details","grid_v1_height":{"unit":"%","size":75,"sizes":[]},"grid_item_margin":{"unit":"px","size":50,"sizes":[]}},"elements":[],"isInner":false,"widgetType":"Houzez_elementor_grid_builder","elType":"widget"}],"isInner":true,"elType":"column"}],"isInner":true,"elType":"section"}],"isInner":false,"elType":"column"}],"isInner":false,"elType":"section"},{"id":"7b41e0e2","settings":{"stretch_section":"section-stretched","background_color":"#ffffff","animation":"fadeIn"},"elements":[{"id":"37120527","settings":{"_column_size":100},"elements":[{"id":"47ba359c","settings":[],"elements":[],"isInner":false,"widgetType":"houzez_elementor_space","elType":"widget"},{"id":"503f7dbc","settings":{"hz_section_title":"Services We Provide","hz_section_subtitle":"Lorem ipsum dolor sit amet, consectetur adipiscing elit. Vestibulum at fermentum felis. Phasellus eget vehicula sem. Duis malesuada sapien nec quam gravida accumsan. Nam vel quam in turpis ultrices consectetur ut nec orci. Integer nec laoreet diam, et rhoncus metus. Cras nunc ipsum, aliquam sit amet orci a, pharetra ultricies sem","section_title_typography_typography":"custom","section_title_typography_font_family":"Nokora","section_title_typography_font_size":{"unit":"px","size":37,"sizes":[]},"section_title_typography_font_weight":"700","section_title_typography_line_height":{"unit":"em","size":1.5,"sizes":[]},"section_title_typography_letter_spacing":{"unit":"px","size":-1,"sizes":[]},"section_subtitle_typography_typography":"custom","section_subtitle_typography_font_family":"Nokora","section_subtitle_typography_font_weight":"100","section_subtitle_typography_line_height":{"unit":"em","size":1.75,"sizes":[]},"houzez_section_title_align":"left"},"elements":[],"isInner":false,"widgetType":"houzez_elementor_section_title","elType":"widget"},{"id":"3f0b7a43","settings":{"height":{"unit":"px","size":20,"sizes":[]}},"elements":[],"isInner":false,"widgetType":"houzez_elementor_space","elType":"widget"},{"id":"33bde0e3","settings":{"icon_boxes":[{"icon_type":"custom_icon","custom_icon":{"url":"http:\/\/wordpress-248995-782965.cloudwaysapps.com\/wp-content\/uploads\/2018\/05\/icon-Asset-20.png","id":7971},"title":"Enable Radius Search Functionality","text":"Search properties by their proximity to you in kilometers or miles on all search pages","read_more_text":"Read more","read_more_link":{"url":"#"},"_id":"8da0058"},{"icon_type":"custom_icon","title":"Complete Search Filters","text":"Allow your clients to fine-tune their search results and focus on the details that matter the most","read_more_text":"Read more","read_more_link":{"url":"#"},"_id":"3400d16","custom_icon":{"url":"http:\/\/wordpress-248995-782965.cloudwaysapps.com\/wp-content\/uploads\/2018\/05\/icon-Asset-19.png","id":7972}},{"icon_type":"custom_icon","title":"Advanced Search Options Panel","text":"Customize your search layout easily with a complete and advanced search option panel","read_more_text":"Read more","read_more_link":{"url":"#"},"_id":"0f17169","custom_icon":{"url":"http:\/\/wordpress-248995-782965.cloudwaysapps.com\/wp-content\/uploads\/2018\/05\/icon-Asset-21.png","id":7973}}],"icon_boxes_style":"style3","title_typography_a_typography":"custom","title_typography_a_letter_spacing":{"unit":"px","size":-1,"sizes":[]}},"elements":[],"isInner":false,"widgetType":"houzez_elementor_icon_box","elType":"widget"},{"id":"4f712df0","settings":{"icon_boxes":[{"icon_type":"custom_icon","title":"Property Settings","text":"Create property listings with all the features you\u2019d expect: area size, price range, amenities and more","read_more_text":"Read more","read_more_link":{"url":"#"},"_id":"8da0058","custom_icon":{"url":"http:\/\/wordpress-248995-782965.cloudwaysapps.com\/wp-content\/uploads\/2018\/05\/icon-Asset-23.png","id":7974}},{"icon_type":"custom_icon","title":"Compare Properties","text":"Let your users compare different properties based on their features and parameters","read_more_text":"Read more","read_more_link":{"url":"#"},"_id":"3400d16","custom_icon":{"url":"http:\/\/wordpress-248995-782965.cloudwaysapps.com\/wp-content\/uploads\/2018\/05\/icon-Asset-25.png","id":7975}},{"icon_type":"custom_icon","title":"Agent Contact Forms","text":"Help your agents make sales by placing an easy-to-use contact form in the header of each listing","read_more_text":"Read more","read_more_link":{"url":"#"},"_id":"0f17169","custom_icon":{"url":"http:\/\/wordpress-248995-782965.cloudwaysapps.com\/wp-content\/uploads\/2018\/05\/icon-Asset-26.png","id":7976}}],"icon_boxes_style":"style3","title_typography_a_typography":"custom","title_typography_a_letter_spacing":{"unit":"px","size":-1,"sizes":[]}},"elements":[],"isInner":false,"widgetType":"houzez_elementor_icon_box","elType":"widget"},{"id":"2c278e79","settings":[],"elements":[],"isInner":false,"widgetType":"houzez_elementor_space","elType":"widget"}],"isInner":false,"elType":"column"}],"isInner":false,"elType":"section"},{"id":"38ae5e05","settings":{"gap":"no","background_background":"classic","background_color":"#FFFFFF","animation":"fadeIn"},"elements":[{"id":"24f2ccd8","settings":{"_column_size":100,"_inline_size":null},"elements":[{"id":"1c84d914","settings":[],"elements":[],"isInner":false,"widgetType":"houzez_elementor_space","elType":"widget"},{"id":"46bba7c0","settings":{"gap":"wider","structure":"30"},"elements":[{"id":"49ab61a6","settings":{"_column_size":33,"_inline_size":null},"elements":[{"id":"490dc970","settings":{"style":"slashes","width":{"unit":"%","size":20,"sizes":[]},"text":"Divider","color":"#FA8F8D"},"elements":[],"isInner":false,"widgetType":"divider","elType":"widget"},{"id":"39c6c92b","settings":{"hz_section_title":"Explore New Lifestyles","hz_section_subtitle":"Lorem ipsum dolor sit amet, consectetur adipiscing elit. Vestibulum at fermentum felis. Phasellus eget vehicula sem. ","section_title_typography_typography":"custom","section_title_typography_font_family":"Nokora","section_title_typography_font_size":{"unit":"px","size":37,"sizes":[]},"section_title_typography_font_weight":"700","section_title_typography_line_height":{"unit":"em","size":1.5,"sizes":[]},"section_title_typography_letter_spacing":{"unit":"px","size":-1,"sizes":[]},"section_subtitle_typography_typography":"custom","section_subtitle_typography_font_family":"Nokora","section_subtitle_typography_font_weight":"100","section_subtitle_typography_line_height":{"unit":"em","size":1.75,"sizes":[]},"houzez_section_title_align":"left"},"elements":[],"isInner":false,"widgetType":"houzez_elementor_section_title","elType":"widget"},{"id":"7e6eae3","settings":{"text":"Discover","link":{"url":"https:\/\/demo14.houzez.co\/our-properties\/","is_external":"","nofollow":""},"align":"left","align_mobile":"left","icon":"fa fa-long-arrow-right","icon_align":"right","typography_typography":"custom","typography_font_family":"Work Sans","button_text_color":"#ffffff","background_color":"#fa8f8d","hover_color":"#ffffff","button_background_hover_color":"rgba(250,143,141,0.75)","selected_icon":{"value":"fas fa-long-arrow-alt-right","library":"fa-solid"},"icon_indent":{"unit":"px","size":20,"sizes":[]},"__fa4_migrated":{"selected_icon":true}},"elements":[],"isInner":false,"widgetType":"button","elType":"widget"}],"isInner":true,"elType":"column"},{"id":"203a6434","settings":{"_column_size":33,"_inline_size":null},"elements":[{"id":"5ca11a55","settings":{"grid_data":"dynamic","more_text":"More Details","tax_city":"fort-lauderdale","more_text_d":"More Details","grid_item_margin":{"unit":"px","size":50,"sizes":[]},"tax_type":"apartment"},"elements":[],"isInner":false,"widgetType":"Houzez_elementor_grid_builder","elType":"widget"},{"id":"7cc0be3b","settings":{"grid_data":"dynamic","more_text":"More Details","tax_city":"miami","more_text_d":"More Details","grid_type":"grid-item-v2","grid_item_margin":{"unit":"px","size":50,"sizes":[]},"tax_type":"loft"},"elements":[],"isInner":false,"widgetType":"Houzez_elementor_grid_builder","elType":"widget"}],"isInner":true,"elType":"column"},{"id":"776c922","settings":{"_column_size":33,"_inline_size":null},"elements":[{"id":"5f592770","settings":{"grid_data":"dynamic","more_text":"More Details","tax_city":"fort-myers","more_text_d":"More Details","grid_type":"grid-item-v2","grid_item_margin":{"unit":"px","size":50,"sizes":[]},"tax_type":"family-home"},"elements":[],"isInner":false,"widgetType":"Houzez_elementor_grid_builder","elType":"widget"},{"id":"4c4d68d7","settings":{"grid_data":"dynamic","more_text":"More Details","tax_city":"tampa","more_text_d":"More Details","grid_v1_height":{"unit":"%","size":75,"sizes":[]},"grid_item_margin":{"unit":"px","size":50,"sizes":[]},"tax_type":"villa"},"elements":[],"isInner":false,"widgetType":"Houzez_elementor_grid_builder","elType":"widget"}],"isInner":true,"elType":"column"}],"isInner":true,"elType":"section"}],"isInner":false,"elType":"column"}],"isInner":false,"elType":"section"},{"id":"1d910ec5","settings":{"stretch_section":"section-stretched","content_position":"middle","animation":"fadeIn"},"elements":[{"id":"1c2ebae9","settings":{"_column_size":100,"_inline_size":null},"elements":[{"id":"a15da0c","settings":[],"elements":[],"isInner":false,"widgetType":"spacer","elType":"widget"},{"id":"3bc61b42","settings":{"structure":"20"},"elements":[{"id":"695c6335","settings":{"_column_size":50,"_inline_size":null},"elements":[{"id":"39bdce7d","settings":{"hz_section_title":"Featured Properties\u200b","section_title_typography_typography":"custom","section_title_typography_font_family":"Nokora","section_title_typography_font_size":{"unit":"px","size":37,"sizes":[]},"section_title_typography_font_weight":"700","section_title_typography_line_height":{"unit":"em","size":1.5,"sizes":[]},"section_title_typography_letter_spacing":{"unit":"px","size":-1,"sizes":[]},"section_subtitle_typography_typography":"custom","section_subtitle_typography_font_family":"Nokora","section_subtitle_typography_font_weight":"100","section_subtitle_typography_line_height":{"unit":"em","size":1.75,"sizes":[]},"houzez_section_title_align":"left","hz_section_subtitle":"Lorem ipsum dolor sit amet, consectetur adipiscing elit. Vestibulum at fermentum felis. Phasellus eget vehicula sem. "},"elements":[],"isInner":false,"widgetType":"houzez_elementor_section_title","elType":"widget"}],"isInner":true,"elType":"column"},{"id":"347e4c36","settings":{"_column_size":50,"_inline_size":null},"elements":[],"isInner":true,"elType":"column"}],"isInner":true,"elType":"section"},{"id":"71df76c5","settings":{"slide_auto":"true","auto_speed":"3000","featured_prop":"yes","np_bg_color":"#FA8F8D","np_color":"#FFFFFF","np_bg_color_hover":"rgba(250, 143, 141, 0.76)"},"elements":[],"isInner":false,"widgetType":"houzez_elementor_properties_carousel_v6","elType":"widget"},{"id":"47961bd1","settings":[],"elements":[],"isInner":false,"widgetType":"houzez_elementor_space","elType":"widget"}],"isInner":false,"elType":"column"}],"isInner":false,"elType":"section"},{"id":"2d2fdb78","settings":{"stretch_section":"section-stretched","content_position":"bottom","background_background":"classic","background_color":"#ffffff","padding":{"unit":"px","top":"30","right":"0","bottom":"14","left":"0","isLinked":false},"animation":"fadeIn"},"elements":[{"id":"70e810a3","settings":{"_column_size":100,"_inline_size":null},"elements":[{"id":"f50516d","settings":[],"elements":[],"isInner":false,"widgetType":"spacer","elType":"widget"},{"id":"2548f095","settings":{"structure":"30"},"elements":[{"id":"3bdf6695","settings":{"_column_size":33,"_inline_size":null},"elements":[{"id":"6c6e38a5","settings":{"style":"slashes","width":{"unit":"%","size":20,"sizes":[]},"text":"Divider","color":"#FA8F8D","gap":{"unit":"px","size":2,"sizes":[]}},"elements":[],"isInner":false,"widgetType":"divider","elType":"widget"},{"id":"5c9c8908","settings":{"hz_section_title":"Keep in touch with our team","section_title_typography_typography":"custom","section_title_typography_font_family":"Nokora","section_title_typography_font_size":{"unit":"px","size":37,"sizes":[]},"section_title_typography_font_weight":"700","section_title_typography_line_height":{"unit":"em","size":1.5,"sizes":[]},"section_title_typography_letter_spacing":{"unit":"px","size":-1,"sizes":[]},"section_subtitle_typography_typography":"custom","section_subtitle_typography_font_family":"Nokora","section_subtitle_typography_font_weight":"100","section_subtitle_typography_line_height":{"unit":"em","size":1.75,"sizes":[]},"houzez_section_title_align":"left","homey_main_title_spacing":{"unit":"px","size":0,"sizes":[]},"homey_subtitle_spacing":{"unit":"px","size":0,"sizes":[]},"houzez_section_title_margin_bottom":{"unit":"px","size":0,"sizes":[]}},"elements":[],"isInner":false,"widgetType":"houzez_elementor_section_title","elType":"widget"},{"id":"430e3250","settings":{"image":{"url":"https:\/\/demo14.houzez.co\/wp-content\/uploads\/2016\/02\/2team.jpg","id":7824},"align":"left","width":{"unit":"px","size":120,"sizes":[]}},"elements":[],"isInner":false,"widgetType":"image","elType":"widget"}],"isInner":true,"elType":"column"},{"id":"8c41781","settings":{"_column_size":33,"_inline_size":6.964},"elements":[],"isInner":true,"elType":"column"},{"id":"37214777","settings":{"_column_size":33,"_inline_size":59.369},"elements":[{"id":"7a203778","settings":{"form_name":"New Form","form_fields":[{"_id":"name","field_type":"first_name","field_label":"First Name","placeholder":"First name","width":"50","required":"","field_options":"","width_tablet":"","width_mobile":"","rows":4},{"field_type":"last_name","field_label":"Last Name","placeholder":"Last name","width":"50","required":"","field_options":"","width_tablet":"","width_mobile":"","rows":4,"_id":"e75beb6"},{"_id":"email","field_type":"email","required":"true","field_label":"Email","placeholder":"Email","width":"100","field_options":"","width_tablet":"","width_mobile":"","rows":4},{"field_type":"mobile","required":"true","field_label":"Phone","placeholder":"Phone","width":"100","field_options":"","width_tablet":"","width_mobile":"","rows":4,"_id":"6b16664"},{"_id":"message","field_type":"message","field_label":"Message","placeholder":"Message","width":"100","required":"","field_options":"","width_tablet":"","width_mobile":"","rows":4}],"show_labels":"","button_text":"Submit","email_to":"hello@favethemes.com","email_subject":"New message from &quot;Houzez&quot;","button_background_color":"#FA8F8D","button_background_hover_color":"rgba(250, 143, 141, 0.76)"},"elements":[],"isInner":false,"widgetType":"houzez_elementor_contact_form","elType":"widget"}],"isInner":true,"elType":"column"}],"isInner":true,"elType":"section"},{"id":"432e00e8","settings":[],"elements":[],"isInner":false,"widgetType":"spacer","elType":"widget"}],"isInner":false,"elType":"column"}],"isInner":false,"elType":"section"}]}