{"version":"0.4","title":"Demo 07 &#8211; Homepage","type":"page","content":[{"id":"1822ae92","settings":[],"elements":[{"id":"c81565","settings":{"_column_size":100,"_inline_size":null},"elements":[{"id":"2e26928f","settings":[],"elements":[{"id":"48fc018d","settings":{"_column_size":100,"_inline_size":null},"elements":[{"id":"182e6e35","settings":[],"elements":[],"isInner":false,"widgetType":"spacer","elType":"widget"},{"id":"4802129","settings":{"hz_section_title":"Find your perfect home\n","hz_section_subtitle":"Lorem ipsum dolor sit amet, consectetur adipiscing ","section_title_typography_typography":"custom","section_title_typography_font_family":"Muli","section_title_typography_font_size":{"unit":"px","size":30,"sizes":[]},"section_title_typography_text_transform":"capitalize","section_subtitle_typography_typography":"custom","section_subtitle_typography_font_size":{"unit":"px","size":17,"sizes":[]},"houzez_section_title_align":"left","houzez_section_title_color":"#000000","houzez_section_subtitle_color":"#7A7A7A"},"elements":[],"isInner":false,"widgetType":"houzez_elementor_section_title","elType":"widget"},{"id":"6140fc16","settings":{"slides_meta_position":"caption-bottom","posts_limit":"12","custom_title":"Find your perfect home","slides_to_show":"4","auto_speed":"3000","slide_dots":"false","_margin":{"unit":"px","top":"0","right":"0","bottom":"0","left":"0","isLinked":false},"slide_auto":"true","hz_property_title_typography":"custom","hz_property_title_font_family":"Muli","hz_property_title_font_weight":"700","np_color":"#FF6E00","np_border_color":"#FF6E00","np_bg_color_hover":"#FF6E00","np_color_hover":"#FFFFFF"},"elements":[],"isInner":false,"widgetType":"houzez_elementor_properties_carousel_v1","elType":"widget"},{"id":"205bc11f","settings":[],"elements":[],"isInner":false,"widgetType":"spacer","elType":"widget"}],"isInner":true,"elType":"column"}],"isInner":true,"elType":"section"}],"isInner":false,"elType":"column"}],"isInner":false,"elType":"section"},{"id":"946b4c0","settings":{"background_background":"classic","background_color":"#FFFFFF"},"elements":[{"id":"256ce39f","settings":{"_column_size":100,"_inline_size":null},"elements":[{"id":"3d86cb9a","settings":{"space":{"unit":"px","size":60,"sizes":[]}},"elements":[],"isInner":false,"widgetType":"spacer","elType":"widget"},{"id":"47445de7","settings":{"hz_section_title":"Meet our team","hz_section_subtitle":"Lorem ipsum dolor sit amet, consectetur adipiscing ","section_title_typography_typography":"custom","section_title_typography_font_family":"Muli","section_title_typography_font_size":{"unit":"px","size":30,"sizes":[]},"section_title_typography_text_transform":"capitalize","section_subtitle_typography_typography":"custom","section_subtitle_typography_font_size":{"unit":"px","size":17,"sizes":[]},"houzez_section_title_align":"left","houzez_section_title_color":"#000000","houzez_section_subtitle_color":"#7A7A7A"},"elements":[],"isInner":false,"widgetType":"houzez_elementor_section_title","elType":"widget"},{"id":"299a20cb","settings":{"structure":"40"},"elements":[{"id":"5f0f2c9d","settings":{"_column_size":25,"_inline_size":null},"elements":[{"id":"7eff1087","settings":{"team_image":{"url":"https:\/\/wordpress-248995-779707.cloudwaysapps.com\/wp-content\/uploads\/2016\/02\/Artboard-1team.jpg","id":1699},"team_name":"Kathryn Wallace","team_position":"Chair Manager","team_description":"Intelligent, ambitious, energetic and proactive perfectionist. Working with Kathryn Wallace is a signature of success.","team_link":"#","team_social_facebook":"#","team_social_twitter":"#","team_social_linkedin":"#","team_social_pinterest":"#","team_social_googleplus":"#"},"elements":[],"isInner":false,"widgetType":"houzez_elementor_team_member","elType":"widget"}],"isInner":true,"elType":"column"},{"id":"ce66705","settings":{"_column_size":25,"_inline_size":null},"elements":[{"id":"2a901be5","settings":{"team_image":{"url":"https:\/\/wordpress-248995-779707.cloudwaysapps.com\/wp-content\/uploads\/2016\/02\/Artboard-3team.jpg","id":1701},"team_name":"Jerry Edwards","team_position":"Sales Manager","team_description":"Intelligent, ambitious, energetic and proactive perfectionist. Working with Kathryn Wallace is a signature of success.","team_link":"#","team_social_facebook":"#","team_social_twitter":"#","team_social_linkedin":"#","team_social_pinterest":"#","team_social_googleplus":"#"},"elements":[],"isInner":false,"widgetType":"houzez_elementor_team_member","elType":"widget"}],"isInner":true,"elType":"column"},{"id":"17a1984b","settings":{"_column_size":25,"_inline_size":null},"elements":[{"id":"152ccaa0","settings":{"team_image":{"url":"https:\/\/wordpress-248995-779707.cloudwaysapps.com\/wp-content\/uploads\/2016\/02\/Artboard-2team.jpg","id":1700},"team_name":"Virginia Holland","team_position":"Real Estate Agent","team_description":"Intelligent, ambitious, energetic and proactive perfectionist. Working with Kathryn Wallace is a signature of success.","team_link":"#","team_social_facebook":"#","team_social_twitter":"#","team_social_linkedin":"#","team_social_pinterest":"#","team_social_googleplus":"#"},"elements":[],"isInner":false,"widgetType":"houzez_elementor_team_member","elType":"widget"}],"isInner":true,"elType":"column"},{"id":"2f460cdb","settings":{"_column_size":25,"_inline_size":null},"elements":[{"id":"21b61db1","settings":{"team_image":{"url":"https:\/\/wordpress-248995-779707.cloudwaysapps.com\/wp-content\/uploads\/2016\/02\/Artboard-4team.jpg","id":1702},"team_name":"Donald Douglas","team_position":"Marketing Strategist","team_description":"Intelligent, ambitious, energetic and proactive perfectionist. Working with Kathryn Wallace is a signature of success.","team_link":"#","team_social_facebook":"#","team_social_twitter":"#","team_social_linkedin":"#","team_social_pinterest":"#","team_social_googleplus":"#"},"elements":[],"isInner":false,"widgetType":"houzez_elementor_team_member","elType":"widget"}],"isInner":true,"elType":"column"}],"isInner":true,"elType":"section"},{"id":"477b3de0","settings":{"space":{"unit":"px","size":80,"sizes":[]}},"elements":[],"isInner":false,"widgetType":"spacer","elType":"widget"}],"isInner":false,"elType":"column"}],"isInner":false,"elType":"section"},{"id":"4d9f6c17","settings":[],"elements":[{"id":"151185a9","settings":{"_column_size":100,"_inline_size":null},"elements":[{"id":"542f411c","settings":[],"elements":[{"id":"3c449511","settings":{"_column_size":100,"_inline_size":null},"elements":[{"id":"8e96676","settings":[],"elements":[],"isInner":false,"widgetType":"spacer","elType":"widget"},{"id":"27ea996","settings":{"hz_section_title":"New York city real estate","hz_section_subtitle":"Lorem ipsum dolor sit amet, consectetur adipiscing ","section_title_typography_typography":"custom","section_title_typography_font_family":"Muli","section_title_typography_font_size":{"unit":"px","size":30,"sizes":[]},"section_title_typography_text_transform":"capitalize","section_subtitle_typography_typography":"custom","section_subtitle_typography_font_size":{"unit":"px","size":17,"sizes":[]},"houzez_section_title_align":"left","houzez_section_title_color":"#000000","houzez_section_subtitle_color":"#7A7A7A"},"elements":[],"isInner":false,"widgetType":"houzez_elementor_section_title","elType":"widget"},{"id":"429d05ef","settings":{"sort_by":"featured_top","property_city":["new-york"],"hz_property_title_typography":"custom","hz_property_title_font_family":"Muli","hz_property_title_font_weight":"700","hz_property_title_text_transform":"capitalize","hz_item_price_typography":"custom","hz_item_price_font_size":{"unit":"px","size":16,"sizes":[]}},"elements":[],"isInner":false,"widgetType":"houzez_elementor_property-card-v6","elType":"widget"},{"id":"774a94e7","settings":[],"elements":[],"isInner":false,"widgetType":"spacer","elType":"widget"}],"isInner":true,"elType":"column"}],"isInner":true,"elType":"section"}],"isInner":false,"elType":"column"}],"isInner":false,"elType":"section"},{"id":"1b1b8ece","settings":{"stretch_section":"section-stretched","background_background":"classic","background_image":{"url":"https:\/\/houzez07.favethemes.com\/wp-content\/uploads\/2016\/02\/houzez-header-4.jpg","id":1723},"background_attachment":"fixed","background_repeat":"no-repeat","background_size":"cover","animation":"fadeIn","background_position":"bottom center"},"elements":[{"id":"4d9bb4fe","settings":{"_column_size":100},"elements":[{"id":"3c752cb3","settings":[],"elements":[],"isInner":false,"widgetType":"houzez_elementor_space","elType":"widget"},{"id":"2d3ff3de","settings":{"hz_section_title":"Our services\n","hz_section_subtitle":"Lorem ipsum dolor sit amet, consectetur adipiscing ","section_title_typography_typography":"custom","section_title_typography_font_family":"Muli","section_title_typography_font_size":{"unit":"px","size":30,"sizes":[]},"section_title_typography_text_transform":"capitalize","section_subtitle_typography_typography":"custom","section_subtitle_typography_font_size":{"unit":"px","size":17,"sizes":[]},"houzez_section_title_color":"#FFFFFF","houzez_section_subtitle_color":"#FFFFFF"},"elements":[],"isInner":false,"widgetType":"houzez_elementor_section_title","elType":"widget"},{"id":"521f8d41","settings":{"icon_boxes":[{"icon_type":"custom_icon","custom_icon":{"url":"https:\/\/wordpress-248995-779707.cloudwaysapps.com\/wp-content\/uploads\/2016\/02\/Layer-1.png","id":1750},"title":"Choice of Listing Templates","text":"Lorem ipsum dolor sit amet, consectetur adipiscing elit. Morbi nisl massa, interdum non mi nec, molestie ullamcorper mauris.","read_more_text":"Read More","read_more_link":{"url":"#"},"_id":"644dd2c"},{"icon_type":"custom_icon","title":"Advanced Search","text":"Lorem ipsum dolor sit amet, consectetur adipiscing elit. Morbi nisl massa, interdum non mi nec, molestie ullamcorper mauris.","read_more_text":"Read More","read_more_link":{"url":"#"},"_id":"2d495a5","custom_icon":{"url":"https:\/\/wordpress-248995-779707.cloudwaysapps.com\/wp-content\/uploads\/2016\/02\/Layer-0.png","id":1749}},{"icon_type":"custom_icon","title":"Powerful Filters","text":"Lorem ipsum dolor sit amet, consectetur adipiscing elit. Morbi nisl massa, interdum non mi nec, molestie ullamcorper mauris.","read_more_text":"Read More","read_more_link":{"url":"#"},"_id":"250c4b9","custom_icon":{"url":"https:\/\/wordpress-248995-779707.cloudwaysapps.com\/wp-content\/uploads\/2016\/02\/Layer-2.png","id":1751}}],"border_a_width":{"unit":"px","top":"0","right":"0","bottom":"0","left":"0","isLinked":true}},"elements":[],"isInner":false,"widgetType":"houzez_elementor_icon_box","elType":"widget"},{"id":"1db628c9","settings":{"height":{"unit":"px","size":70,"sizes":[]}},"elements":[],"isInner":false,"widgetType":"houzez_elementor_space","elType":"widget"}],"isInner":false,"elType":"column"}],"isInner":false,"elType":"section"},{"id":"40384430","settings":[],"elements":[{"id":"6872b390","settings":{"_column_size":100,"_inline_size":null},"elements":[{"id":"323d4de8","settings":[],"elements":[{"id":"15a8284a","settings":{"_column_size":100,"_inline_size":null},"elements":[{"id":"4bdcbb59","settings":[],"elements":[],"isInner":false,"widgetType":"spacer","elType":"widget"},{"id":"4e63ca63","settings":{"hz_section_title":"From our blog","hz_section_subtitle":"Lorem ipsum dolor sit amet, consectetur adipiscing ","section_title_typography_typography":"custom","section_title_typography_font_family":"Muli","section_title_typography_font_size":{"unit":"px","size":30,"sizes":[]},"section_title_typography_text_transform":"capitalize","section_subtitle_typography_typography":"custom","section_subtitle_typography_font_size":{"unit":"px","size":17,"sizes":[]},"houzez_section_title_align":"left","houzez_section_title_color":"#000000","houzez_section_subtitle_color":"#7A7A7A"},"elements":[],"isInner":false,"widgetType":"houzez_elementor_section_title","elType":"widget"},{"id":"333e3d60","settings":{"posts_limit":"4"},"elements":[],"isInner":false,"widgetType":"houzez_elementor_blog_posts","elType":"widget"},{"id":"96386f3","settings":{"space":{"unit":"px","size":30,"sizes":[]}},"elements":[],"isInner":false,"widgetType":"spacer","elType":"widget"}],"isInner":true,"elType":"column"}],"isInner":true,"elType":"section"}],"isInner":false,"elType":"column"}],"isInner":false,"elType":"section"},{"id":"57d9dc7b","settings":[],"elements":[{"id":"7d9f7e30","settings":{"_column_size":100,"_inline_size":null},"elements":[{"id":"3f23b4ed","settings":[],"elements":[],"isInner":false,"widgetType":"spacer","elType":"widget"}],"isInner":false,"elType":"column"}],"isInner":false,"elType":"section"}]}