{"default-sidebar":{"search-7":{"title":"Blog Search"},"archives-2":{"title":"Archives","count":1,"dropdown":0},"recent-comments-2":{"title":"Recent Comments","number":5},"tag_cloud-2":{"title":"Tags","taxonomy":"post_tag"}},"property-listing":{"houzez_featured_properties-20":{"title":"Featured","items_num":"5","widget_type":"slider"},"houzez_property_taxonomies-2":{"title":"Property Status","taxonomy":"property_status","tax_count":"yes","tax_child":"no"}},"search-sidebar":{"nav_menu-2":{"title":"Pages Menu","nav_menu":45},"nav_menu-7":{"title":"Company","nav_menu":382},"nav_menu-4":{"title":"United States","nav_menu":387}},"agency-sidebar":{"houzez_featured_properties-18":{"title":"Featured","items_num":"5","widget_type":"slider"},"houzez_properties_viewed-3":{"title":"Recently Viewed","items_num":"5"},"houzez_properties-8":{"title":"Properties","items_num":"5","prop_type":"","prop_status":"","prop_city":"","prop_area":"","prop_state":"","prop_label":""}},"agent-sidebar":{"houzez_property_taxonomies-7":{"title":"Property Status","taxonomy":"property_status","tax_count":"yes","tax_child":"no"}},"footer-sidebar-1":{"nav_menu-9":{"title":"Company","nav_menu":382}},"footer-sidebar-2":{"nav_menu-8":{"title":"United States","nav_menu":387}},"footer-sidebar-3":{"nav_menu-5":{"title":"Europe","nav_menu":386}},"footer-sidebar-4":{"nav_menu-6":{"title":"East & Australia","nav_menu":388}}}