{"version":"0.4","title":"Demo 05 &#8211; Contact us","type":"page","content":[{"id":"42715f65","settings":[],"elements":[{"id":"5025912c","settings":{"_column_size":100},"elements":[{"id":"15b9601d","settings":{"height":{"unit":"px","size":30,"sizes":[]}},"elements":[],"isInner":false,"widgetType":"houzez_elementor_space","elType":"widget"},{"id":"b193d09","settings":{"title":"Contact Us","size":"xl","header_size":"h1","title_color":"#000000"},"elements":[],"isInner":false,"widgetType":"heading","elType":"widget"},{"id":"7db8e3","settings":{"title":"We offer unique properties suitable for any kind of comfort","size":"medium","header_size":"p","title_color":"#000000","typography_typography":"custom","typography_font_weight":"300","typography_line_height":{"unit":"em","size":1.5,"sizes":[]}},"elements":[],"isInner":false,"widgetType":"heading","elType":"widget"},{"id":"2cb68d59","settings":{"height":{"unit":"px","size":30,"sizes":[]}},"elements":[],"isInner":false,"widgetType":"houzez_elementor_space","elType":"widget"}],"isInner":false,"elType":"column"}],"isInner":false,"elType":"section"},{"id":"65edf0c6","settings":{"structure":"32"},"elements":[{"id":"44968310","settings":{"_column_size":50,"_inline_size":null,"space_between_widgets":0},"elements":[{"id":"354070cc","settings":{"editor":"<p>This form is customizable and designed to work with Houzez CRM.<\/p>","text_color":"#000000","_margin":{"unit":"px","top":"0","right":"0","bottom":"0","left":"0","isLinked":false},"_padding":{"unit":"px","top":"30","right":"30","bottom":"1","left":"30","isLinked":false},"_background_background":"classic","_background_color":"#ffffff"},"elements":[],"isInner":false,"widgetType":"text-editor","elType":"widget"},{"id":"76113df5","settings":{"form_name":"New Form","form_fields":[{"_id":"name","field_type":"first_name","field_label":"First Name","placeholder":"First Name","width":"50","required":"","field_options":"","width_tablet":"","width_mobile":"","rows":4},{"field_type":"last_name","field_label":"Last Name","placeholder":"Last Name","width":"50","required":"","field_options":"","width_tablet":"","width_mobile":"","rows":4,"_id":"e30da64"},{"_id":"email","field_type":"email","required":"true","field_label":"Email","placeholder":"Email","width":"100","field_options":"","width_tablet":"","width_mobile":"","rows":4},{"_id":"message","field_type":"message","field_label":"Message","placeholder":"Message","width":"100","required":"","field_options":"","width_tablet":"","width_mobile":"","rows":4}],"button_text":"Submit","email_to":"hello@favethemes.com","email_subject":"New message from &quot;Houzez - Highly Customizable Real Estate WordPress Theme&quot;","button_background_color":"#77C720","button_background_hover_color":"rgba(119, 199, 32, 0.76)","_padding":{"unit":"px","top":"0","right":"30","bottom":"30","left":"30","isLinked":false},"_background_background":"classic","_background_color":"#FFFFFF"},"elements":[],"isInner":false,"widgetType":"houzez_elementor_contact_form","elType":"widget"}],"isInner":false,"elType":"column"},{"id":"853fa1c","settings":{"_column_size":25,"_inline_size":null},"elements":[{"id":"2b382336","settings":{"editor":"<div class=\"wpb_text_column wpb_content_element \"><div class=\"wpb_wrapper\"><h5>Need help searching on\u00a0Houzez?<\/h5><p>If you\u00a0forgot\u00a0your password or want to change your email preferences, use the links below:<\/p><ul><li><a href=\"https:\/\/houzez01.favethemes.com\/contact\/#\" data-dismiss=\"modal\" data-toggle=\"modal\" data-target=\"#pop-reset-pass\">Lost your password?<\/a><\/li><li><a href=\"https:\/\/houzez01.favethemes.com\/contact\/#\">Edit email preferences \/ Unsubscribe<\/a><\/li><\/ul><\/div><\/div><div class=\"wpb_text_column wpb_content_element \">\u00a0<\/div><div class=\"wpb_text_column wpb_content_element \"><div class=\"wpb_wrapper\"><h5>Contact Us<\/h5><p>To contact Houzez, please select one of the following:<\/p><ul><li><a href=\"https:\/\/houzez01.favethemes.com\/contact\/#\">Renter questions<\/a><\/li><li><a href=\"https:\/\/houzez01.favethemes.com\/contact\/#\">Property manager questions<\/a><\/li><li><a href=\"https:\/\/houzez01.favethemes.com\/contact\/#\">Business opportunity questions<\/a><\/li><li><a href=\"https:\/\/houzez01.favethemes.com\/contact\/#\">Careers opportunity\u00a0questions<\/a><\/li><li><a href=\"https:\/\/houzez01.favethemes.com\/contact\/#\">Customer Support<\/a><\/li><\/ul><\/div><\/div>","text_color":"#000000","_padding":{"unit":"px","top":"30","right":"30","bottom":"30","left":"30","isLinked":true},"_background_background":"classic","_background_color":"#ffffff"},"elements":[],"isInner":false,"widgetType":"text-editor","elType":"widget"}],"isInner":false,"elType":"column"},{"id":"600211e9","settings":{"_column_size":25,"_inline_size":null},"elements":[{"id":"63044f7e","settings":{"editor":"<p class=\"padding-top\"><strong>For All Press Inquiries,<\/strong><br \/><strong>please contact:<\/strong><\/p><p><strong>Amy Miller<\/strong><br \/>Public Relations Manager<br \/>774 NE 84th St Miami, FL 33879<br \/>amy.miller@houzez.com<\/p><p><strong>Kyle Parker<\/strong><br \/>Public Relations Associated<br \/>774 NE 84th St Miami, FL 33879<br \/>kyle.parker@houzez.com<\/p>","text_color":"#000000","_padding":{"unit":"px","top":"30","right":"30","bottom":"10","left":"30","isLinked":false},"_background_background":"classic","_background_color":"rgba(137,206,97,0.15)"},"elements":[],"isInner":false,"widgetType":"text-editor","elType":"widget"},{"id":"72e1ec26","settings":{"editor":"<p><strong>Corporate Headquarters<\/strong><br \/>1584\u00a0Biscayne\u00a0Boulevard<br \/>Miami FL, 33176<\/p>","text_color":"#000000","_padding":{"unit":"px","top":"30","right":"30","bottom":"10","left":"30","isLinked":false},"_background_background":"classic","_background_color":"rgba(137,206,97,0.15)"},"elements":[],"isInner":false,"widgetType":"text-editor","elType":"widget"}],"isInner":false,"elType":"column"}],"isInner":false,"elType":"section"},{"id":"100655ee","settings":[],"elements":[{"id":"2af2f656","settings":{"_column_size":100},"elements":[{"id":"752a984e","settings":[],"elements":[],"isInner":false,"widgetType":"houzez_elementor_space","elType":"widget"}],"isInner":false,"elType":"column"}],"isInner":false,"elType":"section"}]}