{"version":"0.4","title":"Demo 05 &#8211; About us","type":"page","content":[{"id":"1d41f4ac","settings":{"animation":"fadeIn","margin":{"unit":"px","top":"-80","right":0,"bottom":"0","left":0,"isLinked":false},"z_index":1},"elements":[{"id":"1d24e844","settings":{"_column_size":100},"elements":[{"id":"6743e1b","settings":{"icon_boxes":[{"icon_type":"custom_icon","title":"Property Management","text":"Lorem ipsum dolor sit amet, consectetuer adipiscing elit, sed diam nonummy","_id":"53ac53d","custom_icon":{"url":"https:\/\/wordpress-248995-778333.cloudwaysapps.com\/wp-content\/uploads\/2019\/03\/people.png","id":3956},"read_more_text":"","read_more_link":{"url":"#"}},{"icon_type":"custom_icon","title":"Capital Improvements","text":"Lorem ipsum dolor sit amet, consectetuer adipiscing elit, sed diam nonummy","_id":"72b35bd","custom_icon":{"url":"https:\/\/wordpress-248995-778333.cloudwaysapps.com\/wp-content\/uploads\/2019\/03\/donut-chart-1.png","id":3953},"read_more_text":"","read_more_link":{"url":"#"}},{"icon_type":"custom_icon","title":"Financial Reporting","text":"Lorem ipsum dolor sit amet, consectetuer adipiscing elit, sed diam nonummy","_id":"8660b74","custom_icon":{"url":"https:\/\/wordpress-248995-778333.cloudwaysapps.com\/wp-content\/uploads\/2019\/03\/bar-chart-stats-up.png","id":3951},"read_more_text":"","read_more_link":{"url":"#"}},{"icon_type":"custom_icon","title":"Business Development","text":"Lorem ipsum dolor sit amet, consectetuer adipiscing elit, sed diam nonummy","custom_icon":{"url":"https:\/\/demo05.houzez.co\/wp-content\/uploads\/2019\/03\/shacking-hands.png","id":3954},"read_more_text":"","read_more_link":{"url":"#"},"_id":"9ed1b4e"},{"icon_type":"custom_icon","title":"Finance Real Estate","text":"Lorem ipsum dolor sit amet, consectetuer adipiscing elit, sed diam nonummy","custom_icon":{"url":"https:\/\/demo05.houzez.co\/wp-content\/uploads\/2019\/03\/bar-chart-board.png","id":3950},"read_more_text":"","read_more_link":{"url":"#"},"_id":"d0a37ce"},{"icon_type":"custom_icon","title":"Recover Asset Value","text":"Lorem ipsum dolor sit amet, consectetuer adipiscing elit, sed diam nonummy","custom_icon":{"url":"https:\/\/demo05.houzez.co\/wp-content\/uploads\/2019\/03\/balance.png","id":3952},"read_more_text":"","read_more_link":{"url":"#"},"_id":"8011265"}],"icon_boxes_style":"style3","icon_size":{"unit":"px","size":151,"sizes":[]},"title_spacing_a":{"unit":"px","size":0,"sizes":[]},"title_typography_a_typography":"custom","title_typography_a_font_family":"Playfair Display","title_typography_a_text_transform":"capitalize","description_color_a":"#7A7A7A","description_typography_a_typography":"custom","description_typography_a_font_family":"Dosis","description_typography_a_font_size":{"unit":"px","size":18,"sizes":[]},"description_typography_a_text_transform":"none","description_typography_a_line_height":{"unit":"em","size":1.5,"sizes":[]},"_padding":{"unit":"px","top":"60","right":"50","bottom":"0","left":"50","isLinked":false},"_animation":"fadeIn","animation_duration":"slow","_background_background":"classic","_background_color":"#FFFFFF","_box_shadow_box_shadow_type":"yes","_box_shadow_box_shadow":{"horizontal":0,"vertical":20,"blur":40,"spread":0,"color":"rgba(0, 0, 0, 0.1)"}},"elements":[],"isInner":false,"widgetType":"houzez_elementor_icon_box","elType":"widget"},{"id":"69af8190","settings":[],"elements":[],"isInner":false,"widgetType":"houzez_elementor_space","elType":"widget"}],"isInner":false,"elType":"column"}],"isInner":false,"elType":"section"},{"id":"3d8a5a82","settings":{"stretch_section":"section-stretched","background_color":"#ffffff","animation":"fadeIn"},"elements":[{"id":"7f7fcb9b","settings":{"_column_size":100},"elements":[{"id":"7dfbbb42","settings":{"hz_section_title":"Meet Our Team\u200b","hz_section_subtitle":"You are only an email away from our support","section_title_typography_typography":"custom","section_title_typography_font_family":"Playfair Display","section_title_typography_font_size":{"unit":"px","size":40,"sizes":[]},"section_title_typography_font_weight":"400","section_subtitle_typography_typography":"custom","section_subtitle_typography_font_family":"Dosis","section_subtitle_typography_font_weight":"500","section_subtitle_typography_text_transform":"uppercase","section_subtitle_typography_line_height":{"unit":"em","size":1.5,"sizes":[]},"section_subtitle_typography_letter_spacing":{"unit":"px","size":1,"sizes":[]},"houzez_section_title_color":"#000000","houzez_section_subtitle_color":"#7A7A7A","homey_main_title_spacing":{"unit":"px","size":20,"sizes":[]},"homey_subtitle_spacing":{"unit":"px","size":0,"sizes":[]},"houzez_section_title_margin_bottom":{"unit":"px","size":0,"sizes":[]},"_animation":"fadeIn","animation_duration":"slow"},"elements":[],"isInner":false,"widgetType":"houzez_elementor_section_title","elType":"widget"},{"id":"5123684d","settings":[],"elements":[],"isInner":false,"widgetType":"houzez_elementor_space","elType":"widget"}],"isInner":false,"elType":"column"}],"isInner":false,"elType":"section"},{"id":"5f2993db","settings":{"stretch_section":"section-stretched","structure":"40","background_color":"#ffffff","animation":"fadeIn"},"elements":[{"id":"201bfa57","settings":{"_column_size":25,"_inline_size":null},"elements":[{"id":"c9984ae","settings":{"team_image":{"url":"https:\/\/wordpress-248995-778333.cloudwaysapps.com\/wp-content\/uploads\/2016\/06\/Artboard-1team.jpg","id":1658},"team_name":"Kathryn Wallace","team_position":"Chair Manager","team_description":"Intelligent, ambitious, energetic and proactive perfectionist. Working with Kathryn Wallace is a signature of success.","team_link":"#","team_social_facebook":"#","team_social_twitter":"#","team_social_linkedin":"#","team_social_pinterest":"#","team_social_googleplus":"#"},"elements":[],"isInner":false,"widgetType":"houzez_elementor_team_member","elType":"widget"}],"isInner":false,"elType":"column"},{"id":"7d89643b","settings":{"_column_size":25,"_inline_size":null},"elements":[{"id":"ad2f799","settings":{"team_image":{"url":"https:\/\/wordpress-248995-778333.cloudwaysapps.com\/wp-content\/uploads\/2016\/06\/Artboard-3team.jpg","id":1660},"team_name":"Jerry Edwards","team_position":"Sales Manager","team_description":"Intelligent, ambitious, energetic and proactive perfectionist. Working with Kathryn Wallace is a signature of success.","team_link":"#","team_social_facebook":"#","team_social_twitter":"#","team_social_linkedin":"#","team_social_pinterest":"#","team_social_googleplus":"#"},"elements":[],"isInner":false,"widgetType":"houzez_elementor_team_member","elType":"widget"}],"isInner":false,"elType":"column"},{"id":"18b43b38","settings":{"_column_size":25,"_inline_size":null},"elements":[{"id":"7f74ec7b","settings":{"team_image":{"url":"https:\/\/wordpress-248995-778333.cloudwaysapps.com\/wp-content\/uploads\/2016\/06\/Artboard-2team.jpg","id":1659},"team_name":"Virginia Holland","team_position":"Real Estate Agent","team_description":"Intelligent, ambitious, energetic and proactive perfectionist. Working with Kathryn Wallace is a signature of success.","team_link":"#","team_social_facebook":"#","team_social_twitter":"#","team_social_linkedin":"#","team_social_pinterest":"#","team_social_googleplus":"#"},"elements":[],"isInner":false,"widgetType":"houzez_elementor_team_member","elType":"widget"}],"isInner":false,"elType":"column"},{"id":"699d90f0","settings":{"_column_size":25,"_inline_size":null},"elements":[{"id":"4a2ebcac","settings":{"team_image":{"url":"https:\/\/wordpress-248995-778333.cloudwaysapps.com\/wp-content\/uploads\/2016\/06\/Artboard-4team.jpg","id":1661},"team_name":"Donald Douglas","team_position":"Marketing Strategist","team_description":"Intelligent, ambitious, energetic and proactive perfectionist. Working with Kathryn Wallace is a signature of success.","team_link":"#","team_social_facebook":"#","team_social_twitter":"#","team_social_linkedin":"#","team_social_pinterest":"#","team_social_googleplus":"#"},"elements":[],"isInner":false,"widgetType":"houzez_elementor_team_member","elType":"widget"},{"id":"43fff9c6","settings":{"space":{"unit":"px","size":80,"sizes":[]}},"elements":[],"isInner":false,"widgetType":"spacer","elType":"widget"}],"isInner":false,"elType":"column"}],"isInner":false,"elType":"section"},{"id":"a4b2ed3","settings":{"stretch_section":"section-stretched","background_background":"classic","background_color":"#ffffff","animation":"fadeIn"},"elements":[{"id":"541c73d5","settings":{"_column_size":100},"elements":[{"id":"49fcbba1","settings":[],"elements":[],"isInner":false,"widgetType":"houzez_elementor_space","elType":"widget"},{"id":"7376d0da","settings":{"hz_section_title":"From Our Blog","hz_section_subtitle":"You are only an email away from our support","section_title_typography_typography":"custom","section_title_typography_font_family":"Playfair Display","section_title_typography_font_size":{"unit":"px","size":40,"sizes":[]},"section_title_typography_font_weight":"400","section_subtitle_typography_typography":"custom","section_subtitle_typography_font_family":"Dosis","section_subtitle_typography_font_weight":"500","section_subtitle_typography_text_transform":"uppercase","section_subtitle_typography_line_height":{"unit":"em","size":1.5,"sizes":[]},"section_subtitle_typography_letter_spacing":{"unit":"px","size":1,"sizes":[]},"houzez_section_title_color":"#000000","houzez_section_subtitle_color":"#7A7A7A","homey_main_title_spacing":{"unit":"px","size":20,"sizes":[]},"homey_subtitle_spacing":{"unit":"px","size":0,"sizes":[]},"houzez_section_title_margin_bottom":{"unit":"px","size":40,"sizes":[]},"_animation":"fadeIn","animation_duration":"slow"},"elements":[],"isInner":false,"widgetType":"houzez_elementor_section_title","elType":"widget"},{"id":"55568bf8","settings":{"grid_style":"style_2","posts_limit":"4"},"elements":[],"isInner":false,"widgetType":"houzez_elementor_blog_posts","elType":"widget"},{"id":"1dc3693f","settings":{"height":{"unit":"px","size":80,"sizes":[]}},"elements":[],"isInner":false,"widgetType":"houzez_elementor_space","elType":"widget"}],"isInner":false,"elType":"column"}],"isInner":false,"elType":"section"}]}