{"default-sidebar":{"search-7":{"title":"Blog Search"},"categories-2":{"title":"Topics","count":1,"hierarchical":0,"dropdown":0},"tag_cloud-2":{"title":"Tags","taxonomy":"post_tag"}},"property-listing":{"houzez_featured_properties-13":{"title":"Featured Properties","items_num":"3","widget_type":"slider"},"houzez_property_taxonomies-11":{"title":"Property Status","taxonomy":"property_status","tax_count":"yes","tax_child":"no"},"houzez_property_taxonomies-12":{"title":"Property Type","taxonomy":"property_type","tax_count":"yes","tax_child":"no"},"houzez_properties_viewed-4":{"title":"Recently Viewed ","items_num":"3"}},"search-sidebar":{"mc4wp_form_widget-7":{"title":"Newsletter"},"mc4wp_form_widget-8":{"title":"Newsletter"},"mc4wp_form_widget-9":{"title":"Newsletter"}},"page-sidebar":{"houzez_properties-3":{"title":"Properties","items_num":"5","prop_type":"","prop_status":"","prop_city":"","prop_area":"","prop_state":"","prop_label":""}},"agency-sidebar":{"houzez_property_taxonomies-13":{"title":"Discover","taxonomy":"property_type","tax_count":"yes","tax_child":"no"},"houzez_featured_properties-18":{"title":"Featured","items_num":"5","widget_type":"slider"},"houzez_latest_posts-6":{"title":"Latest Posts","items_num":"3","category":""}},"agent-sidebar":{"houzez_agent_search-4":{"title":"Find Agent"},"houzez_featured_properties-17":{"title":"Featured","items_num":"5","widget_type":"slider"}},"footer-sidebar-1":{"houzez_about_widget-3":{"title":"About Site","img_url":"","about_text":"Houzez is a premium WordPress theme for real estate where modern aesthetics are combined with tasteful simplicity.","more_url":"http:\/\/default.houzez.co\/about-houzez\/"}},"footer-sidebar-2":{"houzez_contact-7":{"title":"Contact Us","about_text":"","phone":"Call us FREE +1 (800) 990 8877","fax":"+1 (800) 990 8877","email":"email@email.com","address":"774 NE 84th St Miami, FL 33879","more_url":"http:\/\/default.houzez.co\/contact\/"}}}